0.000000000000000000e+00,0.000000000000000000e+00,1.080488697240971074e-01,3.026075344000784262e-01,0.000000000000000000e+00,0.000000000000000000e+00,0.000000000000000000e+00,0.000000000000000000e+00,1.589028542627097043e-02,3.652500291010638556e-01,0.000000000000000000e+00,0.000000000000000000e+00,0.000000000000000000e+00,0.000000000000000000e+00,0.000000000000000000e+00,2.206973429438204848e-01,1.116829494540109435e-01,0.000000000000000000e+00,0.000000000000000000e+00,2.536105037027237552e-01,2.100422109872376319e-01,8.330783117483100964e-02,3.205375418413196620e-01,8.554763298847735398e-02,0.000000000000000000e+00,2.162760409189752320e-01,0.000000000000000000e+00,0.000000000000000000e+00,0.000000000000000000e+00,0.000000000000000000e+00,0.000000000000000000e+00,0.000000000000000000e+00,9.083917717125064573e-02,0.000000000000000000e+00,1.841126621082283046e-02,5.268699958905537217e-02,4.031688609905032666e-02,5.484969338535221339e-02,2.125444110987789043e-02,7.522768766780624228e-03,0.000000000000000000e+00,0.000000000000000000e+00,0.000000000000000000e+00,0.000000000000000000e+00,0.000000000000000000e+00,0.000000000000000000e+00,0.000000000000000000e+00,0.000000000000000000e+00,0.000000000000000000e+00,0.000000000000000000e+00,7.241742966033259954e-02,0.000000000000000000e+00,0.000000000000000000e+00,8.977747203028765832e-02,1.847980285766626096e-02,2.192374737187431297e-02,4.261839244949430089e-02,0.000000000000000000e+00,5.766711193887975179e-02,0.000000000000000000e+00,1.687699209487304036e-02,8.542415517797456725e-02,0.000000000000000000e+00,0.000000000000000000e+00,5.674355032533696941e-02,0.000000000000000000e+00,1.530806654112636389e-01,0.000000000000000000e+00,6.449181147880705955e-03,1.246605072038725268e-02,2.038372772093567653e-01,0.000000000000000000e+00,0.000000000000000000e+00,4.102239652393345481e-02,1.351980405370240557e-01,0.000000000000000000e+00,0.000000000000000000e+00,1.012547117382331940e-01,7.375770833658390480e-02,0.000000000000000000e+00,0.000000000000000000e+00,0.000000000000000000e+00,0.000000000000000000e+00,0.000000000000000000e+00,0.000000000000000000e+00,0.000000000000000000e+00,0.000000000000000000e+00,1.464942920631671641e-01,0.000000000000000000e+00,0.000000000000000000e+00,2.661722937922218063e-02,0.000000000000000000e+00,1.472730373911535634e-02,0.000000000000000000e+00,2.728998691416508748e-01,4.935638672492147216e-02,4.197278075637045705e-03,0.000000000000000000e+00,0.000000000000000000e+00,1.615579737838231944e-01,0.000000000000000000e+00,6.916708880310301621e-02,1.667073602419762990e-01,7.339966098145930817e-02,7.797053012573440522e-02,0.000000000000000000e+00,0.000000000000000000e+00,1.979897437968754920e-02,0.000000000000000000e+00,0.000000000000000000e+00,0.000000000000000000e+00,1.551337989172150156e-01,0.000000000000000000e+00,0.000000000000000000e+00,1.933331691422530141e-01,1.131697434394456220e-01,0.000000000000000000e+00,2.703262839469889323e-01,0.000000000000000000e+00,0.000000000000000000e+00,1.112855909765936013e-01,0.000000000000000000e+00,0.000000000000000000e+00,1.006867260763110034e-01,1.180274599967442023e-01,1.648542786995069731e-01,9.706694332680029444e-03,0.000000000000000000e+00,8.196682942824589507e-03,0.000000000000000000e+00,3.640907166082126001e-02,0.000000000000000000e+00,1.042374123926217006e-01,0.000000000000000000e+00,1.187353351775101012e-01,0.000000000000000000e+00,1.042374123926217006e-01,1.187353351775101012e-01,0.000000000000000000e+00,5.881910620427795860e-02,0.000000000000000000e+00,0.000000000000000000e+00,2.429087332624947915e-01,4.778551328030589129e-02,0.000000000000000000e+00,5.869215620791940619e-02,7.587329542652941974e-03,0.000000000000000000e+00,4.792008531645626989e-04,1.716468848384578583e-01
0.000000000000000000e+00,0.000000000000000000e+00,0.000000000000000000e+00,1.373408540734731842e-01,0.000000000000000000e+00,3.324346817776985819e-01,0.000000000000000000e+00,2.741551398599291200e-01,0.000000000000000000e+00,1.982128918519775879e-02,3.226116003221891071e-01,3.654162591099913149e-02,0.000000000000000000e+00,1.200729923247562114e-01,2.488124363673309136e-01,8.424098075260549878e-02,0.000000000000000000e+00,1.336492920066367218e-01,1.842589090927507223e-01,1.969722377086721432e-01,1.112287469003989115e-02,0.000000000000000000e+00,0.000000000000000000e+00,0.000000000000000000e+00,0.000000000000000000e+00,0.000000000000000000e+00,0.000000000000000000e+00,0.000000000000000000e+00,0.000000000000000000e+00,1.336492920066367218e-01,1.842589090927507223e-01,1.099500241027032837e-01,0.000000000000000000e+00,8.632122026586025454e-02,8.532710093750428548e-02,2.874904863592865970e-02,1.518307236172172781e-01,0.000000000000000000e+00,3.852010213698785490e-01,1.543789412486086185e-02,0.000000000000000000e+00,6.197686297033209168e-01,9.430355715305047126e-02,3.484245390585030688e-01,5.102525749284310130e-01,5.412332034357027893e-02,1.124089370921380407e-02,0.000000000000000000e+00,1.222103062498439974e-01,0.000000000000000000e+00,0.000000000000000000e+00,2.623592106892436854e-02,3.998534982367259183e-02,3.869090736546148407e-02,1.141231334176417457e-02,1.517541474995319217e-01,0.000000000000000000e+00,0.000000000000000000e+00,1.264130488533548591e-01,0.000000000000000000e+00,0.000000000000000000e+00,4.076901976779748193e-02,5.405310425029127147e-02,6.976585972378210321e-02,0.000000000000000000e+00,1.579150504393849741e-01,1.238451960271597964e-02,0.000000000000000000e+00,0.000000000000000000e+00,0.000000000000000000e+00,0.000000000000000000e+00,1.536341411642352106e-01,2.897588751446589228e-02,2.370815762090745099e-02,4.076596571503229849e-02,9.527524784095964261e-02,1.040732252061113416e-02,3.038849678636566104e-02,0.000000000000000000e+00,8.099373937715942384e-02,0.000000000000000000e+00,2.586699813734305575e-02,1.077532550421339899e-02,0.000000000000000000e+00,1.230826083133254867e-01,1.097594243472438946e-01,1.759104444700538838e-01,0.000000000000000000e+00,1.776506839710017549e-01,1.691367318257011587e-02,4.421146397060275735e-02,2.099944754348041231e-01,6.396633486639438648e-02,8.204251920475874593e-02,1.300690009625675783e-02,0.000000000000000000e+00,2.841753786924998415e-02,7.691501246386063528e-02,0.000000000000000000e+00,5.677012485396958248e-03,0.000000000000000000e+00,1.246008479006087410e-01,2.789017807008722233e-02,0.000000000000000000e+00,2.894537016622510811e-02,0.000000000000000000e+00,0.000000000000000000e+00,2.749761907035570135e-02,0.000000000000000000e+00,4.640105609304559509e-02,1.824914007734561305e-02,4.484325864754885871e-02,1.124577785080599635e-01,1.009157054242819929e-01,0.000000000000000000e+00,2.808210164792825786e-02,0.000000000000000000e+00,0.000000000000000000e+00,7.295730220284021850e-02,2.362104752737120283e-01,0.000000000000000000e+00,9.398398489875581241e-02,5.058028502484741840e-02,0.000000000000000000e+00,6.574065809841127261e-02,2.431692871635614261e-02,5.319151359107441093e-03,9.262952157926507279e-02,1.201810994841067404e-01,4.101064174265278695e-02,0.000000000000000000e+00,0.000000000000000000e+00,1.056568993867439479e-02,8.680836224284380065e-02,0.000000000000000000e+00,7.361299892308262316e-02,1.056568993867439479e-02,0.000000000000000000e+00,7.341306080761642039e-02,0.000000000000000000e+00,0.000000000000000000e+00,6.259567482285922912e-02,4.227577160831506864e-02,8.880233104556069235e-02,0.000000000000000000e+00,0.000000000000000000e+00,8.907320458252782069e-02,1.591518550711239488e-01,0.000000000000000000e+00,1.781860058401901065e-02
1.080488697240971074e-01,0.000000000000000000e+00,0.000000000000000000e+00,0.000000000000000000e+00,1.828579083376064007e-01,0.000000000000000000e+00,0.000000000000000000e+00,0.000000000000000000e+00,7.571560696441547167e-01,1.190082909432039759e-01,0.000000000000000000e+00,0.000000000000000000e+00,0.000000000000000000e+00,0.000000000000000000e+00,1.938273294361309573e-01,0.000000000000000000e+00,5.939071528544204170e-01,1.073560145753112670e-02,0.000000000000000000e+00,1.367544481035185555e-01,0.000000000000000000e+00,1.251997239711677423e-01,0.000000000000000000e+00,0.000000000000000000e+00,7.951206428903404011e-02,8.896104270392060642e-02,2.237676357748697720e-01,0.000000000000000000e+00,2.236662428930534866e-02,1.073560145753112670e-02,0.000000000000000000e+00,0.000000000000000000e+00,9.543631930524624704e-03,0.000000000000000000e+00,4.367685028682830595e-01,2.946851967873238554e-01,3.478870586393584818e-01,1.374461467560089689e-01,1.511132508099765487e-02,0.000000000000000000e+00,1.133031051519919341e-01,0.000000000000000000e+00,0.000000000000000000e+00,0.000000000000000000e+00,4.917634980898717700e-02,3.398732301209803075e-01,7.318932305938530281e-01,0.000000000000000000e+00,0.000000000000000000e+00,0.000000000000000000e+00,0.000000000000000000e+00,0.000000000000000000e+00,1.239429504030236939e-01,2.737562506196582895e-02,0.000000000000000000e+00,0.000000000000000000e+00,5.311599452848046743e-02,2.210327706622524369e-01,4.846866430692150368e-02,1.964338128285039176e-01,0.000000000000000000e+00,0.000000000000000000e+00,0.000000000000000000e+00,3.212268114079466774e-02,0.000000000000000000e+00,1.258551995690892489e-01,0.000000000000000000e+00,1.183487461253282524e-01,4.572259059146337179e-02,2.450240158752063635e-02,0.000000000000000000e+00,1.331523187247896436e-02,0.000000000000000000e+00,0.000000000000000000e+00,1.338002950526101797e-01,9.427273841398640941e-02,0.000000000000000000e+00,0.000000000000000000e+00,0.000000000000000000e+00,2.949801445876532383e-02,0.000000000000000000e+00,6.165106914549017131e-02,0.000000000000000000e+00,0.000000000000000000e+00,4.260915107936365243e-02,0.000000000000000000e+00,1.132749226514619817e-02,0.000000000000000000e+00,0.000000000000000000e+00,1.295887036056077302e-01,1.098412106275253597e-01,0.000000000000000000e+00,0.000000000000000000e+00,1.354785157466199264e-01,1.212919148715764506e-01,9.318809150590820489e-02,5.129509720551019697e-02,0.000000000000000000e+00,0.000000000000000000e+00,2.936981665982892897e-01,0.000000000000000000e+00,9.593648429518097931e-03,1.032213269347076745e-01,0.000000000000000000e+00,0.000000000000000000e+00,0.000000000000000000e+00,0.000000000000000000e+00,2.591308254556326605e-03,2.029696893070489366e-02,4.850280341087927216e-02,0.000000000000000000e+00,0.000000000000000000e+00,0.000000000000000000e+00,0.000000000000000000e+00,0.000000000000000000e+00,5.159857950993216452e-02,0.000000000000000000e+00,2.269924066651888284e-01,1.686568123314315104e-01,4.265156052496692912e-02,3.809290252739866434e-01,2.374769538654873391e-01,1.882586276196668990e-02,0.000000000000000000e+00,2.618388493722384469e-01,3.604412347901100877e-02,0.000000000000000000e+00,0.000000000000000000e+00,0.000000000000000000e+00,1.363554911438160083e-03,0.000000000000000000e+00,9.805179000370048414e-02,7.580393668868302265e-03,0.000000000000000000e+00,0.000000000000000000e+00,0.000000000000000000e+00,7.580393668868302265e-03,0.000000000000000000e+00,0.000000000000000000e+00,4.970449924240741280e-02,5.493993570021220296e-02,0.000000000000000000e+00,9.820039534101840384e-02,0.000000000000000000e+00,2.371284105644280715e-01,7.800832353749027892e-02,0.000000000000000000e+00,0.000000000000000000e+00,1.671466157878416861e-02,0.000000000000000000e+00
3.026075344000784262e-01,1.373408540734731842e-01,0.000000000000000000e+00,0.000000000000000000e+00,0.000000000000000000e+00,4.871952258712031192e-02,1.112126669978695179e-02,0.000000000000000000e+00,0.000000000000000000e+00,4.240605649489291862e-01,8.766757675911087538e-03,0.000000000000000000e+00,8.574944547675478895e-03,0.000000000000000000e+00,0.000000000000000000e+00,5.113935073082849503e-02,3.958975373630055708e-03,0.000000000000000000e+00,3.715862000066810084e-02,2.460759530916244442e-01,1.814632565706431611e-01,4.582671742947946880e-02,2.290414208338257540e-01,2.238156709665108102e-02,1.101899555682175347e-01,2.151262468927127580e-01,1.076175293543359113e-01,0.000000000000000000e+00,0.000000000000000000e+00,0.000000000000000000e+00,3.715862000066810084e-02,1.709626823251008884e-02,0.000000000000000000e+00,0.000000000000000000e+00,0.000000000000000000e+00,0.000000000000000000e+00,0.000000000000000000e+00,0.000000000000000000e+00,6.863217163998683312e-02,1.470888023674035150e-01,0.000000000000000000e+00,1.721648452053611833e-01,2.319031329299328648e-02,0.000000000000000000e+00,0.000000000000000000e+00,0.000000000000000000e+00,0.000000000000000000e+00,6.976521337978452975e-02,3.583639208699520434e-02,0.000000000000000000e+00,0.000000000000000000e+00,1.072073175335115126e-03,9.583548185980277079e-02,1.321443325444200678e-01,0.000000000000000000e+00,1.473916706031914714e-01,2.816859143542025518e-02,0.000000000000000000e+00,1.060549322133952643e-01,0.000000000000000000e+00,0.000000000000000000e+00,1.028805980551529276e-01,5.896773424739475133e-02,1.547023813079076264e-02,0.000000000000000000e+00,8.543717644856727196e-04,1.823698145838524021e-01,6.523136859907857632e-02,0.000000000000000000e+00,0.000000000000000000e+00,1.455645478038461449e-01,0.000000000000000000e+00,5.414458810858055471e-02,1.310427814975286681e-02,9.440562973344998610e-02,6.602525706306594522e-02,5.501196400794050589e-02,1.559254910460845245e-01,6.667533984378493095e-02,0.000000000000000000e+00,1.092892581487942254e-03,9.188118510266757993e-03,0.000000000000000000e+00,0.000000000000000000e+00,0.000000000000000000e+00,0.000000000000000000e+00,3.938047441293805739e-02,0.000000000000000000e+00,1.103420552703469615e-01,1.061239615780733975e-02,0.000000000000000000e+00,1.222861443629942452e-01,0.000000000000000000e+00,7.082541239276446410e-02,6.397098903100917333e-02,9.400916822217239566e-02,0.000000000000000000e+00,0.000000000000000000e+00,0.000000000000000000e+00,1.093581224592524437e-01,0.000000000000000000e+00,1.861118741246972630e-01,1.702206167840664697e-01,0.000000000000000000e+00,1.306303468440750959e-01,0.000000000000000000e+00,3.201335782658012996e-02,8.507982091777521738e-02,6.738663246271640872e-02,2.797892937794582355e-02,0.000000000000000000e+00,1.442882160105765643e-01,0.000000000000000000e+00,0.000000000000000000e+00,9.176496395207098256e-02,2.470810249420216792e-02,1.000276556645368076e-01,2.170547296111761948e-01,0.000000000000000000e+00,5.547702439832717658e-02,6.290804275359505697e-03,0.000000000000000000e+00,0.000000000000000000e+00,0.000000000000000000e+00,1.035027741330001583e-01,6.278647391782798959e-02,0.000000000000000000e+00,1.453125185499901662e-01,0.000000000000000000e+00,0.000000000000000000e+00,0.000000000000000000e+00,0.000000000000000000e+00,1.025294222063471428e-01,0.000000000000000000e+00,1.051306165125093575e-02,0.000000000000000000e+00,1.025294222063471428e-01,1.051306165125093575e-02,0.000000000000000000e+00,1.109586903070863551e-01,0.000000000000000000e+00,0.000000000000000000e+00,3.630630446985934345e-02,0.000000000000000000e+00,0.000000000000000000e+00,1.282409388740439193e-01,2.852877705971122724e-02,9.287288338458424275e-02,0.000000000000000000e+00,1.930085861957151760e-01
0.000000000000000000e+00,0.000000000000000000e+00,1.828579083376064007e-01,0.000000000000000000e+00,0.000000000000000000e+00,1.275639598391469232e-01,0.000000000000000000e+00,0.000000000000000000e+00,2.279681467546408880e-01,0.000000000000000000e+00,2.223393822717730783e-01,2.491904205766582447e-01,0.000000000000000000e+00,0.000000000000000000e+00,0.000000000000000000e+00,0.000000000000000000e+00,1.643488390968548540e-01,1.305299459281005492e-01,7.189757253600088938e-02,1.494244705274950513e-01,0.000000000000000000e+00,1.788813531851093930e-01,0.000000000000000000e+00,2.076317597267799287e-03,1.224053068835905256e-01,0.000000000000000000e+00,0.000000000000000000e+00,0.000000000000000000e+00,0.000000000000000000e+00,1.305299459281005492e-01,7.189757253600088938e-02,1.696141461667047268e-02,0.000000000000000000e+00,1.651945055676762308e-01,0.000000000000000000e+00,1.051622736023738736e-01,0.000000000000000000e+00,2.731947443001972453e-01,0.000000000000000000e+00,0.000000000000000000e+00,2.366271880238584591e-01,0.000000000000000000e+00,0.000000000000000000e+00,9.136611694751328727e-02,7.109270427037950313e-02,8.232420391018191452e-02,2.417713716866705109e-01,0.000000000000000000e+00,1.745750862093864986e-01,8.055026339901655286e-03,0.000000000000000000e+00,7.244428486415896429e-02,4.383954431584477160e-03,5.146215705519656403e-02,1.418989024195588602e-02,0.000000000000000000e+00,0.000000000000000000e+00,2.566446829870907761e-02,3.811232246653215028e-02,1.319968612532829155e-01,0.000000000000000000e+00,0.000000000000000000e+00,5.700972468578582517e-04,2.458491716315610448e-02,6.207064403264000996e-02,8.505066980912492913e-02,2.901944765823982059e-02,7.996992131446746532e-02,1.221930089312779633e-01,0.000000000000000000e+00,5.066490036835904348e-02,0.000000000000000000e+00,6.200662715335999997e-02,0.000000000000000000e+00,0.000000000000000000e+00,1.931511863675419716e-01,0.000000000000000000e+00,1.865669161651638264e-01,3.479322454752722255e-02,8.495612226561209679e-02,1.937767122167807776e-02,2.068427512944253643e-01,1.305801441251905892e-01,7.709451812415246685e-02,3.424075399238193235e-02,0.000000000000000000e+00,0.000000000000000000e+00,0.000000000000000000e+00,0.000000000000000000e+00,4.283963975693344528e-02,0.000000000000000000e+00,0.000000000000000000e+00,0.000000000000000000e+00,9.430672423265784587e-02,2.805039065274579982e-02,0.000000000000000000e+00,0.000000000000000000e+00,4.794809221465025362e-02,1.152304797971877848e-01,4.698879207081808722e-03,1.050059327847626678e-01,0.000000000000000000e+00,0.000000000000000000e+00,1.099001657014371247e-01,3.324688990456275278e-02,0.000000000000000000e+00,2.638402710303737117e-02,0.000000000000000000e+00,0.000000000000000000e+00,0.000000000000000000e+00,1.703571951735723955e-01,1.196416520190736466e-01,0.000000000000000000e+00,0.000000000000000000e+00,0.000000000000000000e+00,0.000000000000000000e+00,1.050087212073608223e-01,0.000000000000000000e+00,4.110664140276726330e-01,1.075903972177529033e-01,1.382530572058472684e-01,0.000000000000000000e+00,1.178751203704065664e-01,0.000000000000000000e+00,0.000000000000000000e+00,0.000000000000000000e+00,1.104095829224573388e-01,5.982572199018561243e-02,0.000000000000000000e+00,0.000000000000000000e+00,0.000000000000000000e+00,0.000000000000000000e+00,0.000000000000000000e+00,1.161297984032254593e-01,0.000000000000000000e+00,0.000000000000000000e+00,0.000000000000000000e+00,0.000000000000000000e+00,0.000000000000000000e+00,0.000000000000000000e+00,0.000000000000000000e+00,1.864420293412319407e-02,0.000000000000000000e+00,0.000000000000000000e+00,1.163660714855183076e-01,0.000000000000000000e+00,0.000000000000000000e+00,0.000000000000000000e+00,1.210276268152123413e-01,0.000000000000000000e+00
0.000000000000000000e+00,3.324346817776985819e-01,0.000000000000000000e+00,4.871952258712031192e-02,1.275639598391469232e-01,0.000000000000000000e+00,8.864512723540610151e-02,1.300987886318167031e-01,0.000000000000000000e+00,9.307597641817484668e-02,6.961812024160568546e-01,6.466783899578969486e-01,0.000000000000000000e+00,1.137142466011012709e-01,9.442246063567133474e-02,0.000000000000000000e+00,0.000000000000000000e+00,0.000000000000000000e+00,1.019178502710589296e-01,1.390481226308741269e-01,0.000000000000000000e+00,0.000000000000000000e+00,0.000000000000000000e+00,2.123945984076338334e-01,0.000000000000000000e+00,1.057686523767892572e-01,0.000000000000000000e+00,0.000000000000000000e+00,1.010969104643704986e-01,0.000000000000000000e+00,1.019178502710589296e-01,0.000000000000000000e+00,0.000000000000000000e+00,0.000000000000000000e+00,0.000000000000000000e+00,0.000000000000000000e+00,1.019942797220301511e-01,0.000000000000000000e+00,3.341638645602890700e-01,9.700014661273727301e-02,1.517057255308410790e-01,4.304479520845414520e-01,2.247903613148062862e-01,1.976758687874844156e-01,4.016667013686591181e-01,8.758413124283551121e-02,0.000000000000000000e+00,1.643835149849952881e-01,7.238099007605314217e-01,0.000000000000000000e+00,0.000000000000000000e+00,1.397617625607377456e-01,2.605214846167584579e-03,9.469610609293752437e-03,1.627112995914023474e-01,2.655106564343626685e-01,9.721343563553952460e-02,0.000000000000000000e+00,0.000000000000000000e+00,2.434898294988695200e-02,0.000000000000000000e+00,3.010079680547308664e-02,0.000000000000000000e+00,0.000000000000000000e+00,0.000000000000000000e+00,0.000000000000000000e+00,1.716006258007526930e-02,1.626000326606670890e-02,0.000000000000000000e+00,0.000000000000000000e+00,2.707782105885371271e-01,2.020596987818118750e-01,1.163009975105606941e-01,0.000000000000000000e+00,0.000000000000000000e+00,9.041041151214064542e-02,0.000000000000000000e+00,0.000000000000000000e+00,0.000000000000000000e+00,0.000000000000000000e+00,1.035236957390272550e-01,8.062647583016192832e-02,1.345446642231331869e-01,0.000000000000000000e+00,8.218429824172492071e-02,0.000000000000000000e+00,1.240595941348867914e-01,0.000000000000000000e+00,1.124705215007143905e-01,1.497713566336828506e-01,0.000000000000000000e+00,1.050742063675253607e-01,9.060234557824313473e-02,0.000000000000000000e+00,3.025234749392542721e-02,1.388303203218382506e-02,7.262438040378421666e-02,4.057447729987938290e-02,1.084938198412809252e-01,8.799430021765058951e-02,0.000000000000000000e+00,0.000000000000000000e+00,4.048352962551743373e-02,0.000000000000000000e+00,0.000000000000000000e+00,1.061708801727851981e-01,0.000000000000000000e+00,0.000000000000000000e+00,0.000000000000000000e+00,1.189378639636232138e-01,0.000000000000000000e+00,0.000000000000000000e+00,5.179493080881654443e-02,0.000000000000000000e+00,0.000000000000000000e+00,7.677713321131987567e-02,5.143594600446766557e-02,0.000000000000000000e+00,0.000000000000000000e+00,1.116146749662755150e-01,1.067890888980608903e-03,1.079104387902654963e-02,0.000000000000000000e+00,0.000000000000000000e+00,2.099562832554130731e-01,0.000000000000000000e+00,0.000000000000000000e+00,1.851957000754682059e-01,0.000000000000000000e+00,4.281647598622467105e-03,6.264128634279791941e-02,1.517028104075850148e-02,0.000000000000000000e+00,1.108624912331240414e-01,2.553091629091032155e-01,7.570691013609967546e-02,0.000000000000000000e+00,2.553091629091032155e-01,1.342259124705284801e-01,0.000000000000000000e+00,0.000000000000000000e+00,7.808302098199806918e-02,0.000000000000000000e+00,1.478451603062732322e-01,4.929885414914883524e-02,0.000000000000000000e+00,5.501769867373501599e-02,0.000000000000000000e+00,8.106738754224879218e-02,0.000000000000000000e+00
0.000000000000000000e+00,0.000000000000000000e+00,0.000000000000000000e+00,1.112126669978695179e-02,0.000000000000000000e+00,8.864512723540610151e-02,0.000000000000000000e+00,5.505345753633149319e-02,0.000000000000000000e+00,6.441675812785617027e-04,0.000000000000000000e+00,7.618675548991937947e-03,4.922017468507576821e-01,7.002881623610070216e-02,0.000000000000000000e+00,8.026699902963319033e-02,0.000000000000000000e+00,0.000000000000000000e+00,2.835814770602937962e-01,0.000000000000000000e+00,0.000000000000000000e+00,0.000000000000000000e+00,1.249535737191123097e-01,1.379988914793364163e-01,0.000000000000000000e+00,0.000000000000000000e+00,0.000000000000000000e+00,0.000000000000000000e+00,0.000000000000000000e+00,0.000000000000000000e+00,2.835814770602937962e-01,7.402985788098842557e-02,3.181109180511385720e-02,1.309775809700287619e-01,0.000000000000000000e+00,0.000000000000000000e+00,0.000000000000000000e+00,0.000000000000000000e+00,1.962923446091225689e-03,4.323057287915348379e-01,0.000000000000000000e+00,9.495857422237802270e-02,3.617322874016086764e-01,6.359856883580160269e-02,1.085805467321527829e-01,0.000000000000000000e+00,0.000000000000000000e+00,9.732451155876842286e-03,1.123374382365368296e-01,2.495524068755677893e-01,1.227762546517686126e-01,5.278441195159351562e-02,2.037025037280734002e-02,0.000000000000000000e+00,6.650681893551381452e-02,7.157768589955440519e-02,1.433703359645245590e-02,0.000000000000000000e+00,0.000000000000000000e+00,0.000000000000000000e+00,0.000000000000000000e+00,7.170398513137445085e-02,0.000000000000000000e+00,0.000000000000000000e+00,0.000000000000000000e+00,0.000000000000000000e+00,0.000000000000000000e+00,0.000000000000000000e+00,0.000000000000000000e+00,0.000000000000000000e+00,0.000000000000000000e+00,0.000000000000000000e+00,4.363791727391669317e-02,4.835456433782216873e-02,2.311324286150761437e-02,0.000000000000000000e+00,8.999191390578403782e-02,0.000000000000000000e+00,1.161921363328661805e-01,0.000000000000000000e+00,1.269084146842046623e-01,0.000000000000000000e+00,8.320277050557673554e-03,0.000000000000000000e+00,0.000000000000000000e+00,6.400212100795994730e-02,1.008453524170072058e-01,2.666511810080327560e-01,4.656113452035193223e-02,0.000000000000000000e+00,0.000000000000000000e+00,1.104893791629302791e-01,0.000000000000000000e+00,0.000000000000000000e+00,4.725580955118983961e-02,0.000000000000000000e+00,0.000000000000000000e+00,0.000000000000000000e+00,7.924961877545266820e-02,0.000000000000000000e+00,1.718506605524549036e-01,1.307605229070684175e-03,0.000000000000000000e+00,8.634842106771800641e-02,0.000000000000000000e+00,1.232198104249093151e-01,0.000000000000000000e+00,1.063123843502783612e-02,1.827127181040642118e-02,0.000000000000000000e+00,7.251661144800637671e-02,0.000000000000000000e+00,0.000000000000000000e+00,6.650493167305515652e-02,0.000000000000000000e+00,2.479985646806649041e-02,3.544492868195228685e-02,0.000000000000000000e+00,0.000000000000000000e+00,2.814962670576511283e-01,0.000000000000000000e+00,1.314880819688447888e-02,0.000000000000000000e+00,3.050806751049809501e-02,0.000000000000000000e+00,0.000000000000000000e+00,0.000000000000000000e+00,0.000000000000000000e+00,1.590195417937716460e-01,0.000000000000000000e+00,0.000000000000000000e+00,2.509750655332808680e-03,3.859763836442241421e-03,3.429025885285688635e-02,1.352217286564389720e-01,5.353678227156128538e-02,3.859763836442241421e-03,1.352217286564389720e-01,7.092714565416347039e-02,1.125888253953687135e-02,0.000000000000000000e+00,9.263712573125718053e-02,0.000000000000000000e+00,9.059661197898102869e-02,0.000000000000000000e+00,0.000000000000000000e+00,1.253880912542257309e-01,0.000000000000000000e+00,0.000000000000000000e+00,0.000000000000000000e+00
0.000000000000000000e+00,2.741551398599291200e-01,0.000000000000000000e+00,0.000000000000000000e+00,0.000000000000000000e+00,1.300987886318167031e-01,5.505345753633149319e-02,0.000000000000000000e+00,0.000000000000000000e+00,0.000000000000000000e+00,1.852597591973090263e-01,0.000000000000000000e+00,0.000000000000000000e+00,3.405728919095923901e-01,2.072756225724241841e-01,1.890125501991638535e-01,0.000000000000000000e+00,0.000000000000000000e+00,0.000000000000000000e+00,0.000000000000000000e+00,0.000000000000000000e+00,0.000000000000000000e+00,2.268246173472338034e-02,0.000000000000000000e+00,0.000000000000000000e+00,0.000000000000000000e+00,0.000000000000000000e+00,9.961850665935465584e-04,0.000000000000000000e+00,0.000000000000000000e+00,0.000000000000000000e+00,1.860039486909727952e-02,0.000000000000000000e+00,0.000000000000000000e+00,0.000000000000000000e+00,0.000000000000000000e+00,9.900988131869806197e-02,1.005067554749463146e-02,3.532713600559865830e-01,2.015110352369195099e-02,0.000000000000000000e+00,5.726405577700847127e-01,0.000000000000000000e+00,5.158461719771312293e-01,4.079500107422153743e-01,0.000000000000000000e+00,0.000000000000000000e+00,0.000000000000000000e+00,6.402474593528280356e-03,1.683771099141318506e-01,4.774865165293089297e-02,8.336178159064069892e-02,0.000000000000000000e+00,0.000000000000000000e+00,0.000000000000000000e+00,8.202590451735458643e-02,0.000000000000000000e+00,3.203192427023600353e-02,2.332002422438153588e-02,0.000000000000000000e+00,2.412226197269391470e-01,2.416294069301101466e-01,1.921042498694945644e-02,1.243613825238873080e-02,0.000000000000000000e+00,1.347743785284918061e-01,0.000000000000000000e+00,1.518445174959221280e-02,0.000000000000000000e+00,7.917035462197206941e-02,4.608101038237724656e-02,5.132158776299501624e-02,1.301345936733908082e-01,0.000000000000000000e+00,9.130432845972154265e-02,0.000000000000000000e+00,3.819605143757873189e-02,0.000000000000000000e+00,0.000000000000000000e+00,0.000000000000000000e+00,0.000000000000000000e+00,0.000000000000000000e+00,0.000000000000000000e+00,1.261012916218353860e-02,1.386625160798164724e-01,2.240193665248574884e-01,2.171901525089494911e-01,4.342277987343580448e-02,3.173163179184745886e-02,0.000000000000000000e+00,0.000000000000000000e+00,0.000000000000000000e+00,1.623175173720469711e-01,0.000000000000000000e+00,0.000000000000000000e+00,5.214612286003736732e-03,3.708821197593642482e-02,4.740834200781002955e-02,1.653782769106875578e-02,0.000000000000000000e+00,9.614614548060833321e-02,7.839582725569818611e-02,0.000000000000000000e+00,9.298209049945268395e-03,0.000000000000000000e+00,1.426542386084906494e-02,0.000000000000000000e+00,0.000000000000000000e+00,0.000000000000000000e+00,0.000000000000000000e+00,0.000000000000000000e+00,4.646151841284978934e-02,1.226436942470736369e-01,4.378602472201967299e-03,1.782490873337689852e-01,0.000000000000000000e+00,0.000000000000000000e+00,0.000000000000000000e+00,0.000000000000000000e+00,1.411582366441703484e-01,1.323028013950905066e-02,0.000000000000000000e+00,0.000000000000000000e+00,1.045078327188984357e-01,1.754469061489790926e-01,8.429346479241178313e-04,0.000000000000000000e+00,1.136201450009744207e-01,4.763933525847188072e-02,1.482895998674318150e-01,1.928207612773721324e-01,1.063480365360487678e-02,0.000000000000000000e+00,9.595587573357414191e-02,2.638487566238818527e-01,8.906104310636785149e-02,0.000000000000000000e+00,2.638487566238818527e-01,7.473212563550375720e-02,0.000000000000000000e+00,4.781505458480789228e-02,1.797677161962086823e-01,1.466833585493877625e-03,2.507530379188510281e-02,0.000000000000000000e+00,0.000000000000000000e+00,9.076469532879171548e-03,1.963765045666386322e-01,1.323270354084984599e-02,2.099828239171261379e-02
1.589028542627097043e-02,0.000000000000000000e+00,7.571560696441547167e-01,0.000000000000000000e+00,2.279681467546408880e-01,0.000000000000000000e+00,0.000000000000000000e+00,0.000000000000000000e+00,0.000000000000000000e+00,8.389029811261092262e-02,1.921923949158563932e-02,0.000000000000000000e+00,0.000000000000000000e+00,0.000000000000000000e+00,9.711524778570465588e-02,0.000000000000000000e+00,4.971444205092084845e-01,4.059055092355345201e-02,0.000000000000000000e+00,1.375927791521343591e-01,1.343830880045388323e-02,6.914764948005389100e-02,0.000000000000000000e+00,0.000000000000000000e+00,1.094297685466339431e-01,0.000000000000000000e+00,1.990919033623211321e-01,0.000000000000000000e+00,0.000000000000000000e+00,4.059055092355345201e-02,0.000000000000000000e+00,0.000000000000000000e+00,0.000000000000000000e+00,0.000000000000000000e+00,3.921915174144524618e-01,2.380059677789698735e-01,3.382660325476544161e-01,1.499364839355909473e-01,1.364951149770093908e-02,0.000000000000000000e+00,1.535575121068842586e-01,0.000000000000000000e+00,0.000000000000000000e+00,0.000000000000000000e+00,9.768380939049969847e-02,2.908005091855306312e-01,6.429515856160767928e-01,0.000000000000000000e+00,0.000000000000000000e+00,0.000000000000000000e+00,0.000000000000000000e+00,0.000000000000000000e+00,2.457290942947941426e-01,5.984349113838131201e-02,0.000000000000000000e+00,0.000000000000000000e+00,0.000000000000000000e+00,2.266979622796631011e-01,3.667128992552863218e-03,2.217813827585400355e-01,0.000000000000000000e+00,0.000000000000000000e+00,0.000000000000000000e+00,4.798879024371960345e-02,0.000000000000000000e+00,1.087323822810171668e-02,0.000000000000000000e+00,1.265651873950150996e-01,1.102762159980266582e-01,0.000000000000000000e+00,0.000000000000000000e+00,0.000000000000000000e+00,0.000000000000000000e+00,0.000000000000000000e+00,1.105826695660017123e-01,1.451760461899719301e-01,0.000000000000000000e+00,0.000000000000000000e+00,0.000000000000000000e+00,0.000000000000000000e+00,0.000000000000000000e+00,6.880744066273761228e-02,0.000000000000000000e+00,0.000000000000000000e+00,0.000000000000000000e+00,0.000000000000000000e+00,0.000000000000000000e+00,0.000000000000000000e+00,0.000000000000000000e+00,2.444780625900368209e-02,3.752588998057972830e-02,0.000000000000000000e+00,0.000000000000000000e+00,1.132848456126204773e-01,1.120739291518345476e-01,1.355258756115368390e-02,0.000000000000000000e+00,0.000000000000000000e+00,0.000000000000000000e+00,2.669287472473653167e-01,2.889961508938438187e-02,0.000000000000000000e+00,0.000000000000000000e+00,0.000000000000000000e+00,0.000000000000000000e+00,0.000000000000000000e+00,0.000000000000000000e+00,0.000000000000000000e+00,8.431936283943629318e-02,3.422374110964725158e-02,0.000000000000000000e+00,0.000000000000000000e+00,0.000000000000000000e+00,0.000000000000000000e+00,0.000000000000000000e+00,0.000000000000000000e+00,0.000000000000000000e+00,1.583109523423810172e-01,1.813604980721998661e-01,1.869582061347439539e-01,3.554333186489720964e-01,2.717402730957457768e-01,4.679668925415285397e-02,0.000000000000000000e+00,2.852810394174124520e-01,0.000000000000000000e+00,0.000000000000000000e+00,1.322639001926740991e-02,0.000000000000000000e+00,4.733997478238757828e-02,0.000000000000000000e+00,6.432394749780842580e-02,0.000000000000000000e+00,7.654105076777303895e-02,1.386455912758822323e-02,0.000000000000000000e+00,0.000000000000000000e+00,1.386455912758822323e-02,2.068016194805322172e-02,0.000000000000000000e+00,2.075394363491551292e-02,0.000000000000000000e+00,4.905636900509444120e-02,1.781132131602986002e-02,1.978205995074613366e-01,0.000000000000000000e+00,0.000000000000000000e+00,4.701189137312400401e-02,2.543343717905435786e-02,0.000000000000000000e+00
3.652500291010638556e-01,1.982128918519775879e-02,1.190082909432039759e-01,4.240605649489291862e-01,0.000000000000000000e+00,9.307597641817484668e-02,6.441675812785617027e-04,0.000000000000000000e+00,8.389029811261092262e-02,0.000000000000000000e+00,2.010661224119803664e-02,7.841900807938873008e-02,0.000000000000000000e+00,0.000000000000000000e+00,0.000000000000000000e+00,1.148368006331976915e-01,1.731848057315542033e-01,0.000000000000000000e+00,8.807235260207474381e-02,2.414922684593822366e-01,9.523127255356467202e-02,1.058287822372396131e-01,2.566564558958139286e-01,1.433719075506340035e-01,0.000000000000000000e+00,3.727483344461600678e-01,0.000000000000000000e+00,0.000000000000000000e+00,0.000000000000000000e+00,0.000000000000000000e+00,8.807235260207474381e-02,0.000000000000000000e+00,6.001546769598960912e-02,0.000000000000000000e+00,0.000000000000000000e+00,0.000000000000000000e+00,0.000000000000000000e+00,0.000000000000000000e+00,0.000000000000000000e+00,7.414366633678391716e-02,5.600874923628455099e-02,7.381724977349077288e-02,0.000000000000000000e+00,7.245838713187532920e-02,0.000000000000000000e+00,4.168329326730489670e-02,1.090952004660082353e-01,0.000000000000000000e+00,2.163561857825682389e-01,0.000000000000000000e+00,0.000000000000000000e+00,3.581129335549120690e-02,0.000000000000000000e+00,3.776270836428623212e-02,1.167496397796312646e-01,8.524113603261601613e-02,2.605728269612309078e-02,0.000000000000000000e+00,1.213976483007127294e-01,0.000000000000000000e+00,0.000000000000000000e+00,9.565601563128652007e-02,0.000000000000000000e+00,0.000000000000000000e+00,0.000000000000000000e+00,0.000000000000000000e+00,1.074902287181850845e-02,0.000000000000000000e+00,0.000000000000000000e+00,0.000000000000000000e+00,7.649928153231219663e-02,0.000000000000000000e+00,5.904381664082857667e-02,1.938775286617096597e-02,1.460354928238626615e-01,1.364866262304453327e-02,0.000000000000000000e+00,3.350532371159346823e-02,0.000000000000000000e+00,0.000000000000000000e+00,0.000000000000000000e+00,0.000000000000000000e+00,0.000000000000000000e+00,0.000000000000000000e+00,7.124745822099151638e-02,0.000000000000000000e+00,2.902468140816827358e-02,3.993386199421640470e-02,8.190431493305372346e-02,2.363805929760709468e-02,0.000000000000000000e+00,2.179233997504205142e-03,6.349591400277870834e-02,9.533365293191845002e-02,1.212433051903443609e-01,7.742490647154604000e-02,6.854851173284166876e-02,3.051503870980735306e-02,5.359739048280916240e-02,2.052570065442710923e-01,0.000000000000000000e+00,7.420124186298419910e-02,2.320784237122129889e-01,8.503049684530339380e-02,7.165197099463566088e-02,6.151806216414047040e-02,5.235745970637280255e-02,7.165082011730297684e-02,4.727386012986130315e-02,0.000000000000000000e+00,0.000000000000000000e+00,0.000000000000000000e+00,2.567592653396090496e-02,0.000000000000000000e+00,1.056318316744939284e-01,2.192493975447354707e-02,4.070195596123128701e-02,1.989567874349426613e-01,0.000000000000000000e+00,3.437099378761639124e-02,2.029900014575411471e-01,0.000000000000000000e+00,0.000000000000000000e+00,0.000000000000000000e+00,3.034719596881505499e-01,6.016594251148481461e-03,0.000000000000000000e+00,2.045390921909789050e-01,0.000000000000000000e+00,4.433352349873958403e-02,0.000000000000000000e+00,8.340403628814115067e-03,1.123980692199283427e-01,4.646445703074986167e-02,1.209803702539997416e-01,2.461872465231387461e-02,1.123980692199283427e-01,1.209803702539997416e-01,1.039436483805259159e-01,1.319465901086132320e-01,0.000000000000000000e+00,2.067277339020072435e-02,7.198778114462298094e-02,1.198419963679599465e-01,0.000000000000000000e+00,1.804819379124014966e-01,2.957594136814627184e-02,0.000000000000000000e+00,0.000000000000000000e+00,7.565075803960348566e-02
0.000000000000000000e+00,3.226116003221891071e-01,0.000000000000000000e+00,8.766757675911087538e-03,2.223393822717730783e-01,6.961812024160568546e-01,0.000000000000000000e+00,1.852597591973090263e-01,1.921923949158563932e-02,2.010661224119803664e-02,0.000000000000000000e+00,5.063774610140231447e-01,0.000000000000000000e+00,9.902207590615427768e-02,2.592135042260982347e-01,0.000000000000000000e+00,2.575049422442569208e-02,0.000000000000000000e+00,1.157804067458506336e-01,7.111034594055319624e-02,0.000000000000000000e+00,0.000000000000000000e+00,0.000000000000000000e+00,2.686819485615127290e-02,9.896531880469879028e-02,5.878044295621335374e-02,0.000000000000000000e+00,0.000000000000000000e+00,5.033686671618123332e-02,0.000000000000000000e+00,1.157804067458506336e-01,9.026293213610800392e-02,0.000000000000000000e+00,0.000000000000000000e+00,0.000000000000000000e+00,0.000000000000000000e+00,0.000000000000000000e+00,0.000000000000000000e+00,1.978555521538126749e-01,0.000000000000000000e+00,1.415198369311655435e-01,3.733783071517843277e-01,2.166272831813152444e-01,2.469733096768689240e-01,4.206477870390863960e-01,2.931784003674162697e-01,1.029858743556162359e-01,1.390280410846727599e-01,6.201118803793279621e-01,0.000000000000000000e+00,0.000000000000000000e+00,1.084639356202950489e-01,0.000000000000000000e+00,0.000000000000000000e+00,3.775341166960938244e-02,2.112791272342001980e-01,3.181164655122949159e-02,0.000000000000000000e+00,1.177600110277668977e-01,2.993311053082062939e-02,3.385972689893887444e-02,2.095453266270655424e-01,5.088637213978690343e-02,1.296464187751074637e-01,0.000000000000000000e+00,1.529892677957652991e-01,1.171858865489889059e-02,2.925738070868844076e-02,0.000000000000000000e+00,0.000000000000000000e+00,2.449261477049780034e-01,1.831184524490740428e-01,5.055533527770872393e-02,0.000000000000000000e+00,0.000000000000000000e+00,1.520428094972889332e-01,0.000000000000000000e+00,4.370793295481920082e-02,6.833545973056335057e-03,0.000000000000000000e+00,1.432178349002986018e-01,7.741953205517579373e-02,1.822600703263949351e-01,0.000000000000000000e+00,2.103174499857234925e-01,0.000000000000000000e+00,1.702617417923197873e-01,0.000000000000000000e+00,5.874339478991743441e-02,2.016412761046317004e-01,0.000000000000000000e+00,8.511132333802029493e-02,5.121802438047105832e-02,0.000000000000000000e+00,0.000000000000000000e+00,2.829211333052444183e-02,0.000000000000000000e+00,3.387284410210138208e-02,9.262751988153811178e-02,1.166834389738773820e-02,0.000000000000000000e+00,5.854766610208676780e-02,1.876086663494083706e-02,0.000000000000000000e+00,0.000000000000000000e+00,0.000000000000000000e+00,0.000000000000000000e+00,0.000000000000000000e+00,0.000000000000000000e+00,1.017295918363097032e-02,6.343810403290503497e-02,0.000000000000000000e+00,0.000000000000000000e+00,1.337689375268782434e-02,0.000000000000000000e+00,0.000000000000000000e+00,6.233096840687820522e-02,0.000000000000000000e+00,0.000000000000000000e+00,1.300304455281084404e-01,0.000000000000000000e+00,5.044866727939464890e-02,0.000000000000000000e+00,0.000000000000000000e+00,1.928269061129544437e-01,0.000000000000000000e+00,0.000000000000000000e+00,2.131596877755642105e-01,0.000000000000000000e+00,0.000000000000000000e+00,5.300899200078196261e-02,5.045434125446786322e-02,0.000000000000000000e+00,1.128050354602332939e-01,1.906460201443794522e-01,0.000000000000000000e+00,0.000000000000000000e+00,1.906460201443794522e-01,0.000000000000000000e+00,5.349816807434975945e-03,0.000000000000000000e+00,5.363476770362745477e-02,0.000000000000000000e+00,0.000000000000000000e+00,1.381285912141188565e-01,3.462948452266714772e-02,2.865749600719935328e-02,0.000000000000000000e+00,4.648184217308626298e-02,0.000000000000000000e+00
0.000000000000000000e+00,3.654162591099913149e-02,0.000000000000000000e+00,0.000000000000000000e+00,2.491904205766582447e-01,6.466783899578969486e-01,7.618675548991937947e-03,0.000000000000000000e+00,0.000000000000000000e+00,7.841900807938873008e-02,5.063774610140231447e-01,0.000000000000000000e+00,0.000000000000000000e+00,6.658414204872692421e-02,0.000000000000000000e+00,0.000000000000000000e+00,0.000000000000000000e+00,0.000000000000000000e+00,7.425089453918201632e-02,1.721927548460573942e-01,0.000000000000000000e+00,0.000000000000000000e+00,0.000000000000000000e+00,1.805515522807266682e-01,6.608127790194008588e-02,2.091565353146664086e-01,4.665725116259470534e-02,0.000000000000000000e+00,8.153573567132971212e-02,0.000000000000000000e+00,7.425089453918201632e-02,0.000000000000000000e+00,0.000000000000000000e+00,7.611322271984659327e-02,0.000000000000000000e+00,1.439486633548903161e-01,0.000000000000000000e+00,1.175736678563633758e-01,9.885289097947359827e-02,1.822688012033402694e-01,3.769664766235516495e-01,1.191718427990090395e-01,8.145576259324202595e-02,3.733023036981029941e-02,4.207478889855367776e-02,0.000000000000000000e+00,0.000000000000000000e+00,1.234215535336543046e-01,7.303398398622025223e-01,0.000000000000000000e+00,0.000000000000000000e+00,7.923283204693404302e-02,0.000000000000000000e+00,3.279923573281995353e-02,1.718801983216545759e-01,2.412612324637146144e-01,1.307609684245688020e-01,0.000000000000000000e+00,0.000000000000000000e+00,1.076226651196932893e-01,0.000000000000000000e+00,4.440950534318029164e-02,0.000000000000000000e+00,0.000000000000000000e+00,0.000000000000000000e+00,0.000000000000000000e+00,1.542750689434368647e-02,8.482570856371043910e-02,0.000000000000000000e+00,0.000000000000000000e+00,3.037213273655692269e-01,2.099592378333117182e-01,2.714615737039793864e-02,0.000000000000000000e+00,7.384719877089125271e-05,7.013859802615084182e-02,0.000000000000000000e+00,2.657948524186691530e-02,0.000000000000000000e+00,0.000000000000000000e+00,4.808372317171731580e-02,5.301625164493432851e-02,1.282668171681772273e-01,5.523676094698605488e-02,7.905990075102672932e-02,0.000000000000000000e+00,1.194703738240930624e-01,0.000000000000000000e+00,1.078251741722866409e-03,1.641791083516208061e-01,0.000000000000000000e+00,4.293990071253824675e-02,0.000000000000000000e+00,2.456395846662384752e-02,6.668685439128768655e-02,6.110868035092413553e-03,2.845409017141382890e-02,0.000000000000000000e+00,1.576279608544499944e-01,1.636932128121917907e-01,0.000000000000000000e+00,0.000000000000000000e+00,0.000000000000000000e+00,0.000000000000000000e+00,4.796524475795675702e-02,1.505616014839293026e-01,0.000000000000000000e+00,0.000000000000000000e+00,0.000000000000000000e+00,1.203099974255933680e-01,0.000000000000000000e+00,0.000000000000000000e+00,1.866842253468870699e-02,4.955668739122370825e-02,1.630265516892059618e-01,6.625998741858879493e-02,2.540800378723962957e-03,0.000000000000000000e+00,0.000000000000000000e+00,0.000000000000000000e+00,4.597443395092271068e-02,0.000000000000000000e+00,0.000000000000000000e+00,0.000000000000000000e+00,1.173199083244595708e-01,0.000000000000000000e+00,0.000000000000000000e+00,7.785620142101787322e-02,0.000000000000000000e+00,0.000000000000000000e+00,0.000000000000000000e+00,6.085699757286293365e-02,0.000000000000000000e+00,6.617734597451124801e-02,1.869059559094992662e-01,0.000000000000000000e+00,0.000000000000000000e+00,1.869059559094992662e-01,1.379913133715950091e-02,3.750645297754683083e-02,0.000000000000000000e+00,8.078642898549645568e-02,0.000000000000000000e+00,0.000000000000000000e+00,8.365923723305132564e-02,1.739761551405139342e-02,0.000000000000000000e+00,0.000000000000000000e+00,1.523010523489885804e-01,0.000000000000000000e+00
0.000000000000000000e+00,0.000000000000000000e+00,0.000000000000000000e+00,8.574944547675478895e-03,0.000000000000000000e+00,0.000000000000000000e+00,4.922017468507576821e-01,0.000000000000000000e+00,0.000000000000000000e+00,0.000000000000000000e+00,0.000000000000000000e+00,0.000000000000000000e+00,0.000000000000000000e+00,3.600615448760720316e-02,0.000000000000000000e+00,4.980101687571754365e-02,0.000000000000000000e+00,0.000000000000000000e+00,1.949224695225686421e-01,0.000000000000000000e+00,3.374347954380410401e-03,2.146510585036986302e-02,0.000000000000000000e+00,2.464707274466164111e-01,0.000000000000000000e+00,2.059431174040858223e-02,0.000000000000000000e+00,1.254568480365392258e-01,1.458251066311967992e-01,0.000000000000000000e+00,1.949224695225686421e-01,2.857798756920416627e-01,6.884161292630062989e-02,0.000000000000000000e+00,7.181311577808133229e-02,0.000000000000000000e+00,0.000000000000000000e+00,0.000000000000000000e+00,0.000000000000000000e+00,1.315491824281353819e-02,0.000000000000000000e+00,0.000000000000000000e+00,5.576152359857530216e-01,0.000000000000000000e+00,0.000000000000000000e+00,0.000000000000000000e+00,0.000000000000000000e+00,2.220435597429615965e-02,0.000000000000000000e+00,1.446035011949734495e-01,0.000000000000000000e+00,0.000000000000000000e+00,3.277000773404609851e-02,0.000000000000000000e+00,1.699869680052282228e-01,0.000000000000000000e+00,7.253504738487462356e-02,0.000000000000000000e+00,0.000000000000000000e+00,0.000000000000000000e+00,9.492046839799739288e-02,5.754853647101966507e-02,7.071046953160806114e-02,0.000000000000000000e+00,4.902525748200851560e-03,0.000000000000000000e+00,0.000000000000000000e+00,0.000000000000000000e+00,5.783969606827490950e-03,4.619127284130743194e-02,0.000000000000000000e+00,0.000000000000000000e+00,0.000000000000000000e+00,5.029143965610398392e-02,0.000000000000000000e+00,0.000000000000000000e+00,1.265145969103629864e-01,6.161242176091973055e-02,1.070053681441699711e-01,3.780688110069176100e-02,8.909568708746282151e-02,7.592077762313548250e-04,0.000000000000000000e+00,0.000000000000000000e+00,1.974432174127389947e-03,7.246088862928182217e-02,0.000000000000000000e+00,2.262274775338393717e-01,9.427605695922811058e-02,0.000000000000000000e+00,0.000000000000000000e+00,9.516606570776621477e-02,8.740800542289112185e-02,1.138399259654617746e-01,0.000000000000000000e+00,0.000000000000000000e+00,0.000000000000000000e+00,2.165729360614384192e-03,5.403161362340550000e-02,0.000000000000000000e+00,0.000000000000000000e+00,6.960999216813296142e-02,3.782938687472234274e-02,0.000000000000000000e+00,3.470731137478674788e-02,0.000000000000000000e+00,0.000000000000000000e+00,1.433895321505242459e-01,0.000000000000000000e+00,0.000000000000000000e+00,4.997750476359689130e-03,0.000000000000000000e+00,0.000000000000000000e+00,0.000000000000000000e+00,0.000000000000000000e+00,0.000000000000000000e+00,0.000000000000000000e+00,0.000000000000000000e+00,0.000000000000000000e+00,1.103224774892195073e-02,0.000000000000000000e+00,2.819476243200961241e-01,8.025762114011888992e-02,3.307357373432050496e-01,0.000000000000000000e+00,1.430059570769279254e-01,0.000000000000000000e+00,3.825041154121143309e-03,0.000000000000000000e+00,5.076297638342059347e-03,0.000000000000000000e+00,1.980686810681435341e-03,0.000000000000000000e+00,0.000000000000000000e+00,1.757523254659835738e-03,5.750117828613059145e-02,0.000000000000000000e+00,1.757523254659835738e-03,8.768836569314331086e-02,0.000000000000000000e+00,0.000000000000000000e+00,2.295671287966333587e-02,0.000000000000000000e+00,9.127759495481817253e-02,0.000000000000000000e+00,0.000000000000000000e+00,1.010216297040302941e-01,0.000000000000000000e+00,0.000000000000000000e+00,0.000000000000000000e+00
0.000000000000000000e+00,1.200729923247562114e-01,0.000000000000000000e+00,0.000000000000000000e+00,0.000000000000000000e+00,1.137142466011012709e-01,7.002881623610070216e-02,3.405728919095923901e-01,0.000000000000000000e+00,0.000000000000000000e+00,9.902207590615427768e-02,6.658414204872692421e-02,3.600615448760720316e-02,0.000000000000000000e+00,0.000000000000000000e+00,5.226189183858086229e-02,0.000000000000000000e+00,8.236187098048260158e-02,0.000000000000000000e+00,0.000000000000000000e+00,0.000000000000000000e+00,0.000000000000000000e+00,0.000000000000000000e+00,1.445127620775580879e-01,0.000000000000000000e+00,0.000000000000000000e+00,0.000000000000000000e+00,0.000000000000000000e+00,0.000000000000000000e+00,8.236187098048260158e-02,0.000000000000000000e+00,0.000000000000000000e+00,0.000000000000000000e+00,4.938837643291073970e-02,0.000000000000000000e+00,0.000000000000000000e+00,0.000000000000000000e+00,3.386306257193496920e-03,1.406490929850904292e-01,3.865325126697403274e-02,2.666067735669677002e-02,3.029034080238587889e-01,1.227072018290213118e-01,2.449748071331309396e-01,1.230292564101078401e-01,0.000000000000000000e+00,0.000000000000000000e+00,2.119493342576985739e-01,7.942991695329134488e-03,8.512986245051354373e-02,5.705868353291593253e-02,7.525845225607580985e-03,7.642710062953237717e-03,5.969846049416196315e-02,0.000000000000000000e+00,7.298970159207252006e-02,0.000000000000000000e+00,1.612915278519556073e-01,0.000000000000000000e+00,0.000000000000000000e+00,1.531428581214622220e-01,9.819394162256522840e-02,0.000000000000000000e+00,0.000000000000000000e+00,0.000000000000000000e+00,0.000000000000000000e+00,6.867863672375644837e-03,1.769034422281801078e-01,0.000000000000000000e+00,2.909985630127693429e-02,0.000000000000000000e+00,0.000000000000000000e+00,0.000000000000000000e+00,1.059611085366147371e-01,0.000000000000000000e+00,0.000000000000000000e+00,4.194819961220135063e-02,0.000000000000000000e+00,0.000000000000000000e+00,0.000000000000000000e+00,1.343436477459738210e-01,0.000000000000000000e+00,0.000000000000000000e+00,5.952797570414589123e-02,2.883303821897667540e-02,1.022608074996287919e-01,4.439377795138428617e-02,0.000000000000000000e+00,7.311917568030003312e-02,0.000000000000000000e+00,0.000000000000000000e+00,4.606495443644499990e-03,1.441893926024121475e-01,0.000000000000000000e+00,9.376087088268673583e-03,0.000000000000000000e+00,0.000000000000000000e+00,0.000000000000000000e+00,8.220644620666078817e-02,1.077161518165298607e-02,3.566695601913599800e-02,5.808958350877049814e-02,0.000000000000000000e+00,1.142054109977993712e-02,0.000000000000000000e+00,4.768354193404368557e-02,0.000000000000000000e+00,1.305525328483141678e-01,3.534190397121567129e-02,0.000000000000000000e+00,0.000000000000000000e+00,0.000000000000000000e+00,0.000000000000000000e+00,0.000000000000000000e+00,6.361546246435326180e-02,0.000000000000000000e+00,1.264934953550344576e-01,0.000000000000000000e+00,0.000000000000000000e+00,0.000000000000000000e+00,0.000000000000000000e+00,7.830727457593698176e-03,4.083368507620004778e-02,0.000000000000000000e+00,2.270318745269534269e-02,7.314779113935848676e-02,0.000000000000000000e+00,0.000000000000000000e+00,1.021281236765907707e-01,1.677128148144816921e-01,1.078389591933538866e-01,0.000000000000000000e+00,0.000000000000000000e+00,0.000000000000000000e+00,7.023390395461204250e-02,1.916550795536345331e-01,0.000000000000000000e+00,7.023390395461204250e-02,2.225906283344086245e-01,2.840241268513960318e-02,0.000000000000000000e+00,3.236475460333855525e-02,1.669117235705130375e-01,1.905829167159240334e-01,0.000000000000000000e+00,0.000000000000000000e+00,2.780165306108580911e-02,1.377227386025433598e-01,3.438765574560974370e-02,0.000000000000000000e+00
0.000000000000000000e+00,2.488124363673309136e-01,1.938273294361309573e-01,0.000000000000000000e+00,0.000000000000000000e+00,9.442246063567133474e-02,0.000000000000000000e+00,2.072756225724241841e-01,9.711524778570465588e-02,0.000000000000000000e+00,2.592135042260982347e-01,0.000000000000000000e+00,0.000000000000000000e+00,0.000000000000000000e+00,0.000000000000000000e+00,0.000000000000000000e+00,2.539022766030168965e-01,0.000000000000000000e+00,1.032160221914708680e-03,0.000000000000000000e+00,0.000000000000000000e+00,0.000000000000000000e+00,0.000000000000000000e+00,0.000000000000000000e+00,7.106426360689221955e-02,0.000000000000000000e+00,1.558063745466018446e-01,7.142725745362480012e-03,0.000000000000000000e+00,0.000000000000000000e+00,1.032160221914708680e-03,1.169253619093845176e-01,2.079593255185652190e-02,0.000000000000000000e+00,7.769984850107214402e-02,6.392515105984442059e-02,1.600254963434560862e-01,0.000000000000000000e+00,1.746539432967389449e-01,0.000000000000000000e+00,1.434151401560664063e-02,2.065300204326703248e-01,0.000000000000000000e+00,1.828976788899460693e-01,2.322088122297391866e-01,3.014198624686789119e-01,2.921257396723115907e-01,0.000000000000000000e+00,0.000000000000000000e+00,0.000000000000000000e+00,0.000000000000000000e+00,0.000000000000000000e+00,0.000000000000000000e+00,0.000000000000000000e+00,0.000000000000000000e+00,1.042295131535694308e-01,0.000000000000000000e+00,0.000000000000000000e+00,1.318141923149698455e-02,1.030590411955578239e-01,0.000000000000000000e+00,0.000000000000000000e+00,7.985302632300902981e-02,1.394580030035105778e-01,0.000000000000000000e+00,1.283858452372817482e-01,8.383421725618558917e-02,0.000000000000000000e+00,1.491643778017508540e-02,1.779534093047415166e-01,0.000000000000000000e+00,1.401199111865740754e-01,0.000000000000000000e+00,0.000000000000000000e+00,5.886922738894966728e-02,1.573879486010942297e-01,0.000000000000000000e+00,0.000000000000000000e+00,0.000000000000000000e+00,0.000000000000000000e+00,0.000000000000000000e+00,1.067280601558436848e-01,7.445243775529095109e-02,0.000000000000000000e+00,1.315152957530921762e-01,2.679431711617295819e-02,0.000000000000000000e+00,0.000000000000000000e+00,1.107304448306679068e-01,2.397421389334934427e-01,6.117333217161605163e-02,0.000000000000000000e+00,6.408816697671668172e-02,0.000000000000000000e+00,0.000000000000000000e+00,1.456139738245696216e-02,0.000000000000000000e+00,1.749972028702654475e-02,1.716903166518865629e-03,0.000000000000000000e+00,0.000000000000000000e+00,7.836091936747882625e-02,6.880205456285354293e-02,0.000000000000000000e+00,0.000000000000000000e+00,7.718609809969551039e-02,0.000000000000000000e+00,1.533210534679407266e-01,0.000000000000000000e+00,1.065158649255890794e-01,2.565239975391058261e-03,2.878320035444234537e-02,0.000000000000000000e+00,7.715773638759113040e-02,0.000000000000000000e+00,0.000000000000000000e+00,0.000000000000000000e+00,0.000000000000000000e+00,0.000000000000000000e+00,1.826099640785621148e-01,6.369394322294009980e-02,7.626794133517365848e-02,9.418227610435032926e-02,1.497739018414013246e-01,2.095010080210708558e-01,3.362098912833717118e-02,4.286604187117181580e-02,1.905395050278968494e-02,7.563528414823553203e-02,0.000000000000000000e+00,1.122582887722688855e-01,0.000000000000000000e+00,0.000000000000000000e+00,0.000000000000000000e+00,0.000000000000000000e+00,0.000000000000000000e+00,0.000000000000000000e+00,0.000000000000000000e+00,1.188181206613849773e-02,1.420279908113855107e-02,0.000000000000000000e+00,5.592750218625136549e-02,0.000000000000000000e+00,0.000000000000000000e+00,7.818734465219084884e-02,3.047811504819451095e-03,1.594362626928300108e-02,1.371879348812195532e-01,1.931222293166463821e-02,0.000000000000000000e+00
2.206973429438204848e-01,8.424098075260549878e-02,0.000000000000000000e+00,5.113935073082849503e-02,0.000000000000000000e+00,0.000000000000000000e+00,8.026699902963319033e-02,1.890125501991638535e-01,0.000000000000000000e+00,1.148368006331976915e-01,0.000000000000000000e+00,0.000000000000000000e+00,4.980101687571754365e-02,5.226189183858086229e-02,0.000000000000000000e+00,0.000000000000000000e+00,0.000000000000000000e+00,0.000000000000000000e+00,0.000000000000000000e+00,2.773504637633582570e-01,3.386785587432951383e-02,1.307848612733386595e-01,5.843834229391484114e-02,0.000000000000000000e+00,0.000000000000000000e+00,0.000000000000000000e+00,0.000000000000000000e+00,0.000000000000000000e+00,0.000000000000000000e+00,0.000000000000000000e+00,0.000000000000000000e+00,0.000000000000000000e+00,2.904565742714204819e-03,1.464920274272964451e-01,1.225115557608301015e-01,0.000000000000000000e+00,1.557265248886011699e-01,0.000000000000000000e+00,1.821215300945814852e-01,1.648632582786657141e-01,0.000000000000000000e+00,1.595882606125266223e-01,9.268435223212219409e-02,1.136025123923317670e-01,9.694977711376909224e-02,0.000000000000000000e+00,0.000000000000000000e+00,0.000000000000000000e+00,0.000000000000000000e+00,1.234787938754555031e-01,7.776803074265942195e-02,0.000000000000000000e+00,0.000000000000000000e+00,4.765404771630352143e-02,0.000000000000000000e+00,0.000000000000000000e+00,0.000000000000000000e+00,4.859537812291225833e-02,4.717949425286042248e-02,0.000000000000000000e+00,1.546952497562636974e-01,6.684693071383743246e-02,0.000000000000000000e+00,0.000000000000000000e+00,0.000000000000000000e+00,0.000000000000000000e+00,1.523870597397966598e-01,1.539594073039504685e-01,0.000000000000000000e+00,0.000000000000000000e+00,3.284608529973440105e-02,0.000000000000000000e+00,1.980313302526356400e-01,7.565264966003454328e-02,9.444588207520206169e-02,0.000000000000000000e+00,4.656785998235407620e-02,0.000000000000000000e+00,2.251073026843339875e-01,0.000000000000000000e+00,0.000000000000000000e+00,1.816082451883053658e-02,0.000000000000000000e+00,6.599497695158729194e-02,0.000000000000000000e+00,0.000000000000000000e+00,0.000000000000000000e+00,7.995213875836629236e-02,0.000000000000000000e+00,0.000000000000000000e+00,1.953816829475683858e-02,4.631412356020142562e-02,0.000000000000000000e+00,2.348875490144998468e-02,1.406227544795612960e-01,0.000000000000000000e+00,0.000000000000000000e+00,0.000000000000000000e+00,1.336994673111381871e-01,3.951355449588138391e-02,0.000000000000000000e+00,7.874416032003207777e-03,4.264937862913129041e-02,0.000000000000000000e+00,0.000000000000000000e+00,0.000000000000000000e+00,0.000000000000000000e+00,8.020291144160282548e-02,0.000000000000000000e+00,0.000000000000000000e+00,0.000000000000000000e+00,1.324353838503688693e-02,2.624865846448146134e-02,0.000000000000000000e+00,0.000000000000000000e+00,1.027022101006314636e-01,0.000000000000000000e+00,1.266390683474354351e-01,0.000000000000000000e+00,0.000000000000000000e+00,0.000000000000000000e+00,0.000000000000000000e+00,0.000000000000000000e+00,3.732881080166604304e-02,0.000000000000000000e+00,3.092352840700358652e-01,5.790546846691106697e-02,0.000000000000000000e+00,1.329953779635526315e-02,1.116081387865976993e-01,1.153455593001470325e-01,2.186381042903911415e-02,0.000000000000000000e+00,1.590066877629332798e-01,1.447382247268647615e-01,1.288376906545867645e-02,0.000000000000000000e+00,1.447382247268647615e-01,0.000000000000000000e+00,0.000000000000000000e+00,2.219709691118375988e-02,5.663027169687460949e-02,1.777644126248529854e-01,2.069787799773742474e-03,0.000000000000000000e+00,0.000000000000000000e+00,4.112124981529542006e-02,5.087801297384275667e-02,0.000000000000000000e+00,7.128670321578531310e-02
1.116829494540109435e-01,0.000000000000000000e+00,5.939071528544204170e-01,3.958975373630055708e-03,1.643488390968548540e-01,0.000000000000000000e+00,0.000000000000000000e+00,0.000000000000000000e+00,4.971444205092084845e-01,1.731848057315542033e-01,2.575049422442569208e-02,0.000000000000000000e+00,0.000000000000000000e+00,0.000000000000000000e+00,2.539022766030168965e-01,0.000000000000000000e+00,0.000000000000000000e+00,0.000000000000000000e+00,0.000000000000000000e+00,2.738660465511513764e-02,1.491930975599164988e-02,0.000000000000000000e+00,0.000000000000000000e+00,0.000000000000000000e+00,1.089912972916323164e-01,1.165184995941956347e-01,2.506619183680061091e-01,1.532213691935880306e-01,0.000000000000000000e+00,0.000000000000000000e+00,0.000000000000000000e+00,0.000000000000000000e+00,3.703792412391810479e-02,0.000000000000000000e+00,1.450834482676555681e-01,2.556812603827832153e-01,1.208535384728514350e-01,7.802692284943690826e-02,0.000000000000000000e+00,0.000000000000000000e+00,1.153945308896049821e-01,0.000000000000000000e+00,0.000000000000000000e+00,0.000000000000000000e+00,0.000000000000000000e+00,5.530742204214980084e-01,6.472866405239261489e-01,5.289606320477540508e-02,0.000000000000000000e+00,0.000000000000000000e+00,0.000000000000000000e+00,0.000000000000000000e+00,1.546890982345487109e-01,0.000000000000000000e+00,0.000000000000000000e+00,0.000000000000000000e+00,1.738324299981307275e-02,7.995458596217676350e-02,4.898433507666968834e-02,1.995007293880020627e-01,0.000000000000000000e+00,0.000000000000000000e+00,2.985179675208065112e-02,1.546440625122998298e-02,0.000000000000000000e+00,2.585115226955584516e-02,1.417417293883020679e-01,1.548943298730828810e-01,2.006012009348972225e-01,1.932199245428840029e-01,0.000000000000000000e+00,8.486371693364308522e-02,0.000000000000000000e+00,0.000000000000000000e+00,7.401734228065770527e-02,2.009015539456141530e-01,2.431794137462800487e-02,3.423911259735779034e-02,0.000000000000000000e+00,4.970093914337350705e-02,0.000000000000000000e+00,1.326971263275000257e-01,4.338301334513286131e-03,1.960795027144454639e-02,4.822717139854243440e-02,0.000000000000000000e+00,3.436251117054235638e-02,0.000000000000000000e+00,8.175836747220613376e-02,5.612300574470198422e-02,4.064140407017749305e-03,0.000000000000000000e+00,0.000000000000000000e+00,6.643267364315268153e-02,0.000000000000000000e+00,0.000000000000000000e+00,5.004721892861981047e-02,0.000000000000000000e+00,0.000000000000000000e+00,3.029486454678063101e-01,0.000000000000000000e+00,3.322258372192533893e-02,1.823199379317964608e-01,1.087159383477655922e-02,5.007453165680668221e-04,0.000000000000000000e+00,0.000000000000000000e+00,5.114798228601816904e-02,2.246880602207803820e-02,1.666944338569983919e-01,0.000000000000000000e+00,3.543806222471852785e-02,0.000000000000000000e+00,0.000000000000000000e+00,0.000000000000000000e+00,0.000000000000000000e+00,0.000000000000000000e+00,3.731802860562382501e-02,0.000000000000000000e+00,0.000000000000000000e+00,2.964732186967684591e-01,1.065663958239160547e-01,0.000000000000000000e+00,0.000000000000000000e+00,2.947045807914887572e-01,1.905391713849478863e-02,0.000000000000000000e+00,0.000000000000000000e+00,0.000000000000000000e+00,3.513262142604124671e-02,3.642149903029209823e-02,3.598963006366949491e-02,0.000000000000000000e+00,2.639408076411086518e-02,0.000000000000000000e+00,0.000000000000000000e+00,0.000000000000000000e+00,0.000000000000000000e+00,0.000000000000000000e+00,0.000000000000000000e+00,6.122697446040493291e-02,0.000000000000000000e+00,1.794530834003554565e-01,0.000000000000000000e+00,1.615501365342921491e-01,2.470423096512661121e-02,0.000000000000000000e+00,8.603186989409575269e-02,2.359957971594190893e-02,0.000000000000000000e+00
0.000000000000000000e+00,1.336492920066367218e-01,1.073560145753112670e-02,0.000000000000000000e+00,1.305299459281005492e-01,0.000000000000000000e+00,0.000000000000000000e+00,0.000000000000000000e+00,4.059055092355345201e-02,0.000000000000000000e+00,0.000000000000000000e+00,0.000000000000000000e+00,0.000000000000000000e+00,8.236187098048260158e-02,0.000000000000000000e+00,0.000000000000000000e+00,0.000000000000000000e+00,0.000000000000000000e+00,0.000000000000000000e+00,3.252541575090814319e-02,0.000000000000000000e+00,7.154943956669146225e-03,0.000000000000000000e+00,1.687284953023140965e-01,5.061158115893736598e-02,0.000000000000000000e+00,0.000000000000000000e+00,0.000000000000000000e+00,0.000000000000000000e+00,9.999999999999997780e-01,0.000000000000000000e+00,1.745496264644355588e-01,0.000000000000000000e+00,3.236225110994772058e-01,1.884397835655963749e-01,0.000000000000000000e+00,0.000000000000000000e+00,1.615301287559300358e-01,0.000000000000000000e+00,0.000000000000000000e+00,0.000000000000000000e+00,0.000000000000000000e+00,0.000000000000000000e+00,8.034603156137361257e-02,2.621771861915205282e-01,0.000000000000000000e+00,8.974815482887413265e-02,0.000000000000000000e+00,0.000000000000000000e+00,2.576917303201609055e-01,2.689074893837471725e-02,1.881170733457496885e-02,0.000000000000000000e+00,7.718056442387123683e-02,0.000000000000000000e+00,0.000000000000000000e+00,0.000000000000000000e+00,8.258600206273511435e-02,0.000000000000000000e+00,0.000000000000000000e+00,0.000000000000000000e+00,0.000000000000000000e+00,3.881665255511551615e-02,0.000000000000000000e+00,1.859257997484599634e-01,7.657676904821289487e-03,0.000000000000000000e+00,0.000000000000000000e+00,4.188901330366440190e-02,0.000000000000000000e+00,0.000000000000000000e+00,0.000000000000000000e+00,3.929096139144423391e-03,0.000000000000000000e+00,0.000000000000000000e+00,3.890631891202196713e-02,8.168297499068129242e-02,0.000000000000000000e+00,0.000000000000000000e+00,1.102459361927501658e-01,0.000000000000000000e+00,1.049620481204576877e-01,2.568313696844077426e-02,0.000000000000000000e+00,0.000000000000000000e+00,0.000000000000000000e+00,6.542617426686320181e-02,1.628701602411528407e-02,0.000000000000000000e+00,0.000000000000000000e+00,1.292298937073755316e-01,0.000000000000000000e+00,3.083352655880620616e-02,6.068044907973477176e-02,7.667946533719360858e-02,0.000000000000000000e+00,1.021339856230974452e-01,7.535831262410977449e-02,2.543422263815065323e-03,0.000000000000000000e+00,0.000000000000000000e+00,0.000000000000000000e+00,0.000000000000000000e+00,2.467643234355553633e-02,1.975793539881016136e-01,0.000000000000000000e+00,5.171946938401411446e-03,0.000000000000000000e+00,0.000000000000000000e+00,7.938252236483223090e-02,4.925286742956010155e-03,1.348815946254206533e-01,0.000000000000000000e+00,2.448948822142140228e-02,0.000000000000000000e+00,5.787053552027100756e-02,1.137446332680428218e-01,0.000000000000000000e+00,3.296660570615076447e-01,0.000000000000000000e+00,0.000000000000000000e+00,1.612116835276787841e-01,1.206611743602989673e-01,0.000000000000000000e+00,0.000000000000000000e+00,1.266438126083102578e-01,2.789542427157758464e-01,0.000000000000000000e+00,3.560700351324860152e-02,3.264848024169698937e-02,0.000000000000000000e+00,0.000000000000000000e+00,8.841441746273406149e-03,0.000000000000000000e+00,0.000000000000000000e+00,8.482411978723168600e-02,8.841441746273406149e-03,0.000000000000000000e+00,4.647966957867682991e-02,0.000000000000000000e+00,6.241208232516724796e-02,3.122891153479914403e-02,0.000000000000000000e+00,7.023885214199675209e-02,0.000000000000000000e+00,0.000000000000000000e+00,0.000000000000000000e+00,2.082681210262050664e-01,0.000000000000000000e+00,0.000000000000000000e+00
0.000000000000000000e+00,1.842589090927507223e-01,0.000000000000000000e+00,3.715862000066810084e-02,7.189757253600088938e-02,1.019178502710589296e-01,2.835814770602937962e-01,0.000000000000000000e+00,0.000000000000000000e+00,8.807235260207474381e-02,1.157804067458506336e-01,7.425089453918201632e-02,1.949224695225686421e-01,0.000000000000000000e+00,1.032160221914708680e-03,0.000000000000000000e+00,0.000000000000000000e+00,0.000000000000000000e+00,0.000000000000000000e+00,0.000000000000000000e+00,5.972313423882734396e-02,8.993188439257657207e-02,0.000000000000000000e+00,0.000000000000000000e+00,8.251487937967569297e-02,8.535943309128876666e-02,0.000000000000000000e+00,1.394959537034742847e-01,1.773595230763268943e-02,0.000000000000000000e+00,1.000000000000000000e+00,5.574089183043216822e-02,8.920916499880061912e-03,7.108352970342776689e-02,0.000000000000000000e+00,0.000000000000000000e+00,0.000000000000000000e+00,0.000000000000000000e+00,0.000000000000000000e+00,1.409524655916519764e-01,1.056435276546743851e-02,5.184495984608108315e-02,1.321917405339094742e-01,1.603319875379798642e-01,9.365196303078365814e-02,0.000000000000000000e+00,0.000000000000000000e+00,0.000000000000000000e+00,2.024110253076790156e-01,0.000000000000000000e+00,1.833920391907892800e-01,0.000000000000000000e+00,8.430085344620685817e-02,1.269841183172516763e-02,1.427022272867941588e-01,3.233122395834265445e-02,0.000000000000000000e+00,0.000000000000000000e+00,4.496694691717832704e-02,0.000000000000000000e+00,0.000000000000000000e+00,0.000000000000000000e+00,7.349724826440152958e-02,7.712788841038360765e-02,1.038196378191601765e-01,1.036429049000656133e-02,9.132195397503961587e-02,0.000000000000000000e+00,0.000000000000000000e+00,0.000000000000000000e+00,8.630586940301335913e-03,0.000000000000000000e+00,2.132090828619759293e-02,0.000000000000000000e+00,0.000000000000000000e+00,1.311092218513159324e-01,0.000000000000000000e+00,7.305818206392417427e-03,1.872218085443381466e-03,1.125232466051795943e-01,4.734318699409802156e-02,8.387295035023431544e-02,1.029943422737118752e-01,9.947948669523696760e-03,1.256004381240136136e-01,9.755933200929597926e-02,1.356861897879600987e-01,0.000000000000000000e+00,0.000000000000000000e+00,0.000000000000000000e+00,1.192855950701537243e-02,1.489179624401345547e-01,0.000000000000000000e+00,4.619903030635567898e-02,0.000000000000000000e+00,0.000000000000000000e+00,0.000000000000000000e+00,3.522631100274482320e-03,1.356571509149297541e-02,0.000000000000000000e+00,9.036508161805738293e-02,9.415274660171540910e-02,0.000000000000000000e+00,0.000000000000000000e+00,5.764364494925310056e-02,1.478910688487214582e-02,0.000000000000000000e+00,0.000000000000000000e+00,0.000000000000000000e+00,0.000000000000000000e+00,1.234173985553450453e-01,0.000000000000000000e+00,7.197349977223953255e-03,8.929890684853197813e-02,0.000000000000000000e+00,0.000000000000000000e+00,3.455913025518477649e-02,0.000000000000000000e+00,1.304354552880769569e-01,1.687623856582197157e-01,0.000000000000000000e+00,1.470519332207767260e-01,3.161341792232541525e-02,7.325128158403160228e-02,5.528872380810699594e-03,0.000000000000000000e+00,8.321930726993846672e-02,1.006506832174706711e-01,1.231269893041743793e-02,0.000000000000000000e+00,0.000000000000000000e+00,0.000000000000000000e+00,1.203099974613091316e-01,1.797760250425627093e-02,0.000000000000000000e+00,0.000000000000000000e+00,1.203099974613091316e-01,0.000000000000000000e+00,4.498403547089851497e-03,0.000000000000000000e+00,0.000000000000000000e+00,2.219609100017495840e-02,0.000000000000000000e+00,4.659424789211699669e-02,0.000000000000000000e+00,1.331694063482648585e-02,1.164603700073798820e-01,0.000000000000000000e+00,4.680384661266291657e-02,0.000000000000000000e+00
2.536105037027237552e-01,1.969722377086721432e-01,1.367544481035185555e-01,2.460759530916244442e-01,1.494244705274950513e-01,1.390481226308741269e-01,0.000000000000000000e+00,0.000000000000000000e+00,1.375927791521343591e-01,2.414922684593822366e-01,7.111034594055319624e-02,1.721927548460573942e-01,0.000000000000000000e+00,0.000000000000000000e+00,0.000000000000000000e+00,2.773504637633582570e-01,2.738660465511513764e-02,3.252541575090814319e-02,0.000000000000000000e+00,0.000000000000000000e+00,0.000000000000000000e+00,8.063913308001124935e-02,1.123419542415659278e-01,1.411270560417471065e-01,0.000000000000000000e+00,4.565486050216030489e-02,0.000000000000000000e+00,0.000000000000000000e+00,3.268921784624596871e-02,3.252541575090814319e-02,0.000000000000000000e+00,0.000000000000000000e+00,0.000000000000000000e+00,9.143016107644910684e-02,0.000000000000000000e+00,4.532725813693430639e-02,8.429095863650114262e-02,3.719639361732970939e-02,8.763125619373798858e-02,1.581161466483960998e-01,0.000000000000000000e+00,1.318669696718148820e-01,0.000000000000000000e+00,0.000000000000000000e+00,1.952667310399355260e-01,2.435362904692688416e-02,5.544101455756158398e-02,3.893397387757439876e-02,2.180405646365077971e-02,0.000000000000000000e+00,0.000000000000000000e+00,0.000000000000000000e+00,2.825534273009255512e-02,1.556954911993114754e-01,2.915805418919184544e-02,3.258876692982051043e-02,0.000000000000000000e+00,1.160127670621729223e-01,1.673142200328065973e-02,1.187877793348691979e-02,0.000000000000000000e+00,7.075148829859544131e-02,0.000000000000000000e+00,0.000000000000000000e+00,0.000000000000000000e+00,0.000000000000000000e+00,1.860389708170267359e-02,5.041669486691044422e-02,0.000000000000000000e+00,0.000000000000000000e+00,1.170070135016113844e-01,0.000000000000000000e+00,3.116843148862979279e-02,1.612862395189717732e-02,5.920108200306984508e-02,0.000000000000000000e+00,0.000000000000000000e+00,4.075181252278231581e-02,1.718260529900670908e-01,0.000000000000000000e+00,0.000000000000000000e+00,6.420372940089158487e-02,0.000000000000000000e+00,0.000000000000000000e+00,0.000000000000000000e+00,0.000000000000000000e+00,0.000000000000000000e+00,0.000000000000000000e+00,0.000000000000000000e+00,8.320696982903019734e-02,2.630158477914687487e-02,2.009926523388286257e-01,0.000000000000000000e+00,6.864486068651513839e-02,1.643455171684110594e-01,1.559069442943054537e-02,0.000000000000000000e+00,1.652167383168977599e-01,6.726925572690597988e-02,3.195977305298068893e-01,0.000000000000000000e+00,8.006413336742140840e-02,2.069543073709571579e-01,0.000000000000000000e+00,0.000000000000000000e+00,7.499270081441286595e-02,0.000000000000000000e+00,8.701330468457751932e-02,0.000000000000000000e+00,7.985286558859472361e-02,1.757311996617779218e-02,0.000000000000000000e+00,0.000000000000000000e+00,2.906904366051724781e-02,5.787688918150243889e-02,1.548658906136922940e-03,0.000000000000000000e+00,1.262181301130112232e-01,0.000000000000000000e+00,9.050734069100332957e-02,0.000000000000000000e+00,5.083513030478318401e-02,0.000000000000000000e+00,0.000000000000000000e+00,3.575276596630441728e-02,4.857900526097324451e-02,0.000000000000000000e+00,0.000000000000000000e+00,0.000000000000000000e+00,4.364716525067068031e-02,0.000000000000000000e+00,0.000000000000000000e+00,0.000000000000000000e+00,1.026622119182683257e-01,4.622331032810998719e-02,4.438160180904383856e-02,0.000000000000000000e+00,4.622331032810998719e-02,2.139109663523523497e-01,2.055426742690562303e-02,0.000000000000000000e+00,0.000000000000000000e+00,1.587349194817885834e-01,1.645949453612486901e-01,0.000000000000000000e+00,4.472876255541821666e-02,0.000000000000000000e+00,0.000000000000000000e+00,0.000000000000000000e+00,0.000000000000000000e+00
2.100422109872376319e-01,1.112287469003989115e-02,0.000000000000000000e+00,1.814632565706431611e-01,0.000000000000000000e+00,0.000000000000000000e+00,0.000000000000000000e+00,0.000000000000000000e+00,1.343830880045388323e-02,9.523127255356467202e-02,0.000000000000000000e+00,0.000000000000000000e+00,3.374347954380410401e-03,0.000000000000000000e+00,0.000000000000000000e+00,3.386785587432951383e-02,1.491930975599164988e-02,0.000000000000000000e+00,5.972313423882734396e-02,0.000000000000000000e+00,0.000000000000000000e+00,1.590885629075977914e-01,1.908711178689231208e-02,7.554599835159146737e-02,0.000000000000000000e+00,1.427593874038964317e-01,0.000000000000000000e+00,0.000000000000000000e+00,0.000000000000000000e+00,0.000000000000000000e+00,5.972313423882734396e-02,0.000000000000000000e+00,2.314668355555844770e-02,4.570415366599175216e-02,1.199212969048955579e-01,3.739325693123670812e-03,9.146898910057080223e-02,6.978228209222127332e-02,1.538991436024387260e-01,0.000000000000000000e+00,0.000000000000000000e+00,0.000000000000000000e+00,1.167480807459253256e-01,0.000000000000000000e+00,0.000000000000000000e+00,0.000000000000000000e+00,0.000000000000000000e+00,0.000000000000000000e+00,0.000000000000000000e+00,0.000000000000000000e+00,0.000000000000000000e+00,0.000000000000000000e+00,1.412421914761655128e-01,6.920712052904405553e-03,9.026807759922707286e-02,2.230791360443571542e-02,1.491991160267350843e-03,0.000000000000000000e+00,2.483842578665989426e-02,0.000000000000000000e+00,0.000000000000000000e+00,0.000000000000000000e+00,7.527931203197354981e-02,3.083425830078415780e-02,1.553028458398063583e-01,0.000000000000000000e+00,2.982026226824909809e-01,9.389883608648752489e-02,1.225780756018041012e-01,2.760489688803895864e-02,2.669265005312149511e-02,4.503361959540205101e-02,9.989642174977464428e-02,4.556799576226250315e-02,1.459851449469485307e-01,5.961950085691465617e-02,0.000000000000000000e+00,1.275318156176935835e-01,3.448383321361807308e-02,6.138464896227212308e-02,0.000000000000000000e+00,0.000000000000000000e+00,0.000000000000000000e+00,0.000000000000000000e+00,0.000000000000000000e+00,0.000000000000000000e+00,2.728567695597377413e-02,7.501051133043050434e-02,0.000000000000000000e+00,0.000000000000000000e+00,8.958148595562817618e-02,3.636621652220538292e-02,1.281164269160755750e-02,0.000000000000000000e+00,1.060710594021923303e-01,1.049425383584025595e-01,0.000000000000000000e+00,1.076791361548819909e-02,0.000000000000000000e+00,9.794607428116745840e-02,0.000000000000000000e+00,8.316258939237136660e-02,2.136277377028788504e-01,0.000000000000000000e+00,0.000000000000000000e+00,0.000000000000000000e+00,8.001001829593961875e-03,9.229911160901718703e-02,1.074939716091561914e-01,0.000000000000000000e+00,0.000000000000000000e+00,1.086220552329600353e-02,4.407034312910385748e-02,8.157727959075707774e-03,9.505091756997480212e-02,1.313332692637893540e-01,0.000000000000000000e+00,6.642169933321709699e-03,0.000000000000000000e+00,0.000000000000000000e+00,0.000000000000000000e+00,5.823834470463067070e-02,0.000000000000000000e+00,1.905817614665619719e-01,1.273283870061664436e-01,1.030393170599160357e-01,1.968503698716735431e-03,0.000000000000000000e+00,0.000000000000000000e+00,5.754486249629921224e-02,0.000000000000000000e+00,0.000000000000000000e+00,0.000000000000000000e+00,0.000000000000000000e+00,0.000000000000000000e+00,0.000000000000000000e+00,0.000000000000000000e+00,0.000000000000000000e+00,0.000000000000000000e+00,5.957070440458582528e-02,1.735397120633290491e-02,0.000000000000000000e+00,7.074839377770422710e-02,4.899166965477706054e-02,0.000000000000000000e+00,0.000000000000000000e+00,1.028062888756524351e-01,4.463281717928026249e-02,0.000000000000000000e+00,1.125870891549473063e-01
8.330783117483100964e-02,0.000000000000000000e+00,1.251997239711677423e-01,4.582671742947946880e-02,1.788813531851093930e-01,0.000000000000000000e+00,0.000000000000000000e+00,0.000000000000000000e+00,6.914764948005389100e-02,1.058287822372396131e-01,0.000000000000000000e+00,0.000000000000000000e+00,2.146510585036986302e-02,0.000000000000000000e+00,0.000000000000000000e+00,1.307848612733386595e-01,0.000000000000000000e+00,7.154943956669146225e-03,8.993188439257657207e-02,8.063913308001124935e-02,1.590885629075977914e-01,0.000000000000000000e+00,3.962592923904019460e-02,0.000000000000000000e+00,1.391282288412592494e-01,5.053361091007443906e-02,0.000000000000000000e+00,1.653318533641862792e-02,0.000000000000000000e+00,7.154943956669146225e-03,8.993188439257657207e-02,9.023543648188029481e-03,4.788681243242563085e-02,1.603109697054189153e-01,1.028707554687284809e-01,1.649016713208124041e-01,0.000000000000000000e+00,0.000000000000000000e+00,0.000000000000000000e+00,0.000000000000000000e+00,2.630440087603914262e-02,0.000000000000000000e+00,9.706813962099663726e-03,0.000000000000000000e+00,0.000000000000000000e+00,1.097965861472415955e-01,8.634482286947384178e-02,0.000000000000000000e+00,0.000000000000000000e+00,0.000000000000000000e+00,1.100110494672697503e-01,5.466576367729398915e-03,3.963443967920554558e-04,1.303689339987050277e-01,1.292791253800170126e-01,0.000000000000000000e+00,5.048146930623147871e-03,6.244522111612451666e-03,1.216699889355920272e-01,1.062910364795379980e-01,0.000000000000000000e+00,0.000000000000000000e+00,0.000000000000000000e+00,0.000000000000000000e+00,5.615879960533505522e-02,1.094152048327031446e-01,8.881461416409839119e-03,0.000000000000000000e+00,1.554817103791361899e-01,0.000000000000000000e+00,0.000000000000000000e+00,0.000000000000000000e+00,0.000000000000000000e+00,2.303310320601060016e-02,0.000000000000000000e+00,0.000000000000000000e+00,5.236568735851704348e-02,6.591348168638588856e-02,1.101595658232673580e-01,2.842355346905126035e-02,6.617542560394071294e-02,3.757290888130419837e-03,0.000000000000000000e+00,1.852228880666519431e-02,0.000000000000000000e+00,0.000000000000000000e+00,0.000000000000000000e+00,9.379051878794356090e-02,0.000000000000000000e+00,0.000000000000000000e+00,1.547412489508058764e-01,6.851470428674627522e-02,0.000000000000000000e+00,1.083624275986354302e-01,2.448353278936057364e-01,6.001573395895382773e-02,0.000000000000000000e+00,1.302534901473619694e-02,1.408578345777725463e-02,6.014394556419670745e-02,0.000000000000000000e+00,0.000000000000000000e+00,8.331720525692878909e-02,0.000000000000000000e+00,9.087507688294320374e-02,0.000000000000000000e+00,1.639574955268242595e-01,0.000000000000000000e+00,0.000000000000000000e+00,0.000000000000000000e+00,5.991216910389642047e-02,0.000000000000000000e+00,5.655726644330896780e-02,1.280612822182932709e-01,0.000000000000000000e+00,1.796190420698241252e-01,0.000000000000000000e+00,1.642754114519228148e-01,2.034957431536147110e-01,0.000000000000000000e+00,0.000000000000000000e+00,2.745002423205864656e-02,0.000000000000000000e+00,0.000000000000000000e+00,0.000000000000000000e+00,6.673522879968390997e-02,0.000000000000000000e+00,7.367111858568764493e-02,0.000000000000000000e+00,0.000000000000000000e+00,0.000000000000000000e+00,0.000000000000000000e+00,0.000000000000000000e+00,3.241302148525100624e-02,0.000000000000000000e+00,0.000000000000000000e+00,0.000000000000000000e+00,0.000000000000000000e+00,0.000000000000000000e+00,0.000000000000000000e+00,0.000000000000000000e+00,0.000000000000000000e+00,4.732193392719274971e-02,0.000000000000000000e+00,8.523919521288278456e-02,0.000000000000000000e+00,0.000000000000000000e+00,0.000000000000000000e+00,0.000000000000000000e+00,1.084343638260457932e-01
3.205375418413196620e-01,0.000000000000000000e+00,0.000000000000000000e+00,2.290414208338257540e-01,0.000000000000000000e+00,0.000000000000000000e+00,1.249535737191123097e-01,2.268246173472338034e-02,0.000000000000000000e+00,2.566564558958139286e-01,0.000000000000000000e+00,0.000000000000000000e+00,0.000000000000000000e+00,0.000000000000000000e+00,0.000000000000000000e+00,5.843834229391484114e-02,0.000000000000000000e+00,0.000000000000000000e+00,0.000000000000000000e+00,1.123419542415659278e-01,1.908711178689231208e-02,3.962592923904019460e-02,0.000000000000000000e+00,1.571513926476621470e-01,0.000000000000000000e+00,2.159893819525360581e-01,2.960293858776896769e-02,0.000000000000000000e+00,0.000000000000000000e+00,0.000000000000000000e+00,0.000000000000000000e+00,0.000000000000000000e+00,2.481616962611783439e-01,9.078865369541097574e-03,4.732680479636285076e-03,0.000000000000000000e+00,6.239527056213538952e-03,6.869816655072982781e-03,7.627935968196450367e-02,2.160800092291183805e-01,0.000000000000000000e+00,1.171403977575753430e-01,2.301112011060298806e-02,0.000000000000000000e+00,0.000000000000000000e+00,0.000000000000000000e+00,0.000000000000000000e+00,0.000000000000000000e+00,0.000000000000000000e+00,1.032996977792711157e-01,4.720209299986954932e-02,0.000000000000000000e+00,0.000000000000000000e+00,0.000000000000000000e+00,0.000000000000000000e+00,6.381712705255909723e-02,1.238313022998973056e-01,0.000000000000000000e+00,0.000000000000000000e+00,0.000000000000000000e+00,0.000000000000000000e+00,1.121594757805645937e-01,0.000000000000000000e+00,6.833286899682480819e-02,7.353680872394383061e-02,0.000000000000000000e+00,0.000000000000000000e+00,8.845954902043598467e-02,0.000000000000000000e+00,0.000000000000000000e+00,1.418087307633859040e-01,0.000000000000000000e+00,4.489750316806223607e-02,5.014583289847053538e-02,6.377231320924761637e-02,0.000000000000000000e+00,0.000000000000000000e+00,0.000000000000000000e+00,1.341905389346149668e-01,0.000000000000000000e+00,8.761957271185824569e-02,0.000000000000000000e+00,3.201047079932740208e-02,0.000000000000000000e+00,0.000000000000000000e+00,0.000000000000000000e+00,0.000000000000000000e+00,8.694774259241946912e-02,0.000000000000000000e+00,0.000000000000000000e+00,3.141283709693720727e-02,3.328517934005478796e-02,0.000000000000000000e+00,0.000000000000000000e+00,1.952785676385393743e-01,1.431222497640016189e-01,0.000000000000000000e+00,7.361240530474696953e-02,0.000000000000000000e+00,8.817218892186536039e-02,0.000000000000000000e+00,0.000000000000000000e+00,1.242195965445166972e-01,1.214514891749694236e-01,1.244465427091370757e-01,1.695497821761577095e-01,4.043914626162939396e-02,0.000000000000000000e+00,6.786937533731325634e-02,0.000000000000000000e+00,0.000000000000000000e+00,0.000000000000000000e+00,7.271708260857734363e-02,1.115816343626155199e-01,1.980885397941861137e-01,4.528995716550447692e-02,4.367332457709671711e-02,1.353119887142111843e-01,0.000000000000000000e+00,0.000000000000000000e+00,0.000000000000000000e+00,0.000000000000000000e+00,0.000000000000000000e+00,0.000000000000000000e+00,0.000000000000000000e+00,0.000000000000000000e+00,0.000000000000000000e+00,3.797562244080479599e-02,9.312341454023433107e-02,2.075475013516205752e-04,1.407784158747765746e-01,0.000000000000000000e+00,2.544713733647001319e-02,0.000000000000000000e+00,5.399069204668376781e-02,3.166341537638658887e-02,2.544713733647001319e-02,5.399069204668376781e-02,1.220334533748696632e-02,0.000000000000000000e+00,0.000000000000000000e+00,0.000000000000000000e+00,2.966244981993693824e-02,1.555997553091809094e-02,0.000000000000000000e+00,3.556617884375059928e-03,1.077056058733906474e-01,0.000000000000000000e+00,0.000000000000000000e+00,1.638591095548030119e-01
8.554763298847735398e-02,0.000000000000000000e+00,0.000000000000000000e+00,2.238156709665108102e-02,2.076317597267799287e-03,2.123945984076338334e-01,1.379988914793364163e-01,0.000000000000000000e+00,0.000000000000000000e+00,1.433719075506340035e-01,2.686819485615127290e-02,1.805515522807266682e-01,2.464707274466164111e-01,1.445127620775580879e-01,0.000000000000000000e+00,0.000000000000000000e+00,0.000000000000000000e+00,1.687284953023140965e-01,0.000000000000000000e+00,1.411270560417471065e-01,7.554599835159146737e-02,0.000000000000000000e+00,1.571513926476621470e-01,0.000000000000000000e+00,0.000000000000000000e+00,2.942979317805478195e-02,4.444151443349400599e-02,0.000000000000000000e+00,7.177354111463046804e-02,1.687284953023140965e-01,0.000000000000000000e+00,0.000000000000000000e+00,8.016099087666572753e-02,0.000000000000000000e+00,0.000000000000000000e+00,0.000000000000000000e+00,0.000000000000000000e+00,0.000000000000000000e+00,0.000000000000000000e+00,0.000000000000000000e+00,0.000000000000000000e+00,0.000000000000000000e+00,2.261089184335618452e-01,0.000000000000000000e+00,0.000000000000000000e+00,0.000000000000000000e+00,0.000000000000000000e+00,1.502324673878386863e-01,2.088007532137344802e-01,0.000000000000000000e+00,0.000000000000000000e+00,0.000000000000000000e+00,0.000000000000000000e+00,3.805670732477103857e-02,1.329737579805248260e-01,1.727680608798312090e-01,1.432145162558955687e-01,0.000000000000000000e+00,0.000000000000000000e+00,1.820986566046066124e-01,0.000000000000000000e+00,2.619173810700033134e-02,0.000000000000000000e+00,0.000000000000000000e+00,4.483314144342295804e-02,0.000000000000000000e+00,0.000000000000000000e+00,0.000000000000000000e+00,1.005972856776646968e-02,0.000000000000000000e+00,6.204018208865496459e-02,1.210962116087845597e-01,0.000000000000000000e+00,0.000000000000000000e+00,0.000000000000000000e+00,0.000000000000000000e+00,1.176966913863429845e-02,3.405947875188123503e-02,0.000000000000000000e+00,0.000000000000000000e+00,1.087923976830111467e-01,5.767604535741827770e-02,0.000000000000000000e+00,0.000000000000000000e+00,0.000000000000000000e+00,0.000000000000000000e+00,0.000000000000000000e+00,5.682063189621335345e-03,1.391149885048552359e-01,0.000000000000000000e+00,0.000000000000000000e+00,2.093365532823354136e-01,3.963903065469619180e-02,0.000000000000000000e+00,2.536519549292461928e-01,1.894480933217028429e-02,9.878284366368320080e-02,1.611576274478297710e-02,3.175780535243236113e-02,1.859180378194540129e-01,0.000000000000000000e+00,0.000000000000000000e+00,5.830415566152985507e-02,1.262397743497374880e-01,1.569886002130970737e-01,1.097165433828617698e-01,7.173928652599242950e-02,2.148137178929932639e-02,0.000000000000000000e+00,2.776789097435668208e-02,0.000000000000000000e+00,0.000000000000000000e+00,4.162802417681578382e-02,0.000000000000000000e+00,7.715429134805495970e-03,1.264956693935409826e-01,1.311574206935425466e-02,2.208331031893306928e-02,0.000000000000000000e+00,0.000000000000000000e+00,3.892465189482266497e-02,4.268831393414483644e-02,0.000000000000000000e+00,0.000000000000000000e+00,7.481044759439599290e-02,0.000000000000000000e+00,9.414652618509919413e-03,0.000000000000000000e+00,0.000000000000000000e+00,0.000000000000000000e+00,4.415871704262175346e-02,9.547370514345580872e-02,9.750482222641649460e-03,0.000000000000000000e+00,5.190772236299476261e-02,1.028956392095854433e-01,9.750482222641649460e-03,5.190772236299476261e-02,1.536666348654925907e-01,0.000000000000000000e+00,0.000000000000000000e+00,3.124799194691689572e-03,0.000000000000000000e+00,2.050060528373664759e-01,0.000000000000000000e+00,0.000000000000000000e+00,0.000000000000000000e+00,0.000000000000000000e+00,0.000000000000000000e+00,2.785383758716744595e-02
0.000000000000000000e+00,0.000000000000000000e+00,7.951206428903404011e-02,1.101899555682175347e-01,1.224053068835905256e-01,0.000000000000000000e+00,0.000000000000000000e+00,0.000000000000000000e+00,1.094297685466339431e-01,0.000000000000000000e+00,9.896531880469879028e-02,6.608127790194008588e-02,0.000000000000000000e+00,0.000000000000000000e+00,7.106426360689221955e-02,0.000000000000000000e+00,1.089912972916323164e-01,5.061158115893736598e-02,8.251487937967569297e-02,0.000000000000000000e+00,0.000000000000000000e+00,1.391282288412592494e-01,0.000000000000000000e+00,0.000000000000000000e+00,0.000000000000000000e+00,0.000000000000000000e+00,5.991892724037636148e-02,2.597187894167489741e-01,0.000000000000000000e+00,5.061158115893736598e-02,8.251487937967569297e-02,0.000000000000000000e+00,2.258788252125469576e-02,2.587368414228987529e-02,0.000000000000000000e+00,1.038353384080295538e-01,0.000000000000000000e+00,1.469905411375900806e-01,0.000000000000000000e+00,0.000000000000000000e+00,1.231140301251434088e-01,0.000000000000000000e+00,0.000000000000000000e+00,0.000000000000000000e+00,0.000000000000000000e+00,1.351824322300415777e-02,2.048351209238245263e-01,7.659723805908849603e-02,9.287190580448465016e-02,0.000000000000000000e+00,0.000000000000000000e+00,2.730848844358969851e-02,4.240468413167625128e-02,1.725560916486217344e-01,0.000000000000000000e+00,0.000000000000000000e+00,1.102532582278688000e-01,0.000000000000000000e+00,0.000000000000000000e+00,8.432178221747496649e-02,0.000000000000000000e+00,0.000000000000000000e+00,1.671440797019603242e-01,5.487358658713924198e-02,0.000000000000000000e+00,1.960878560855981168e-01,0.000000000000000000e+00,8.775607847491148639e-02,1.520077504083175435e-01,0.000000000000000000e+00,0.000000000000000000e+00,2.867695323645450337e-02,4.630039278364085631e-02,0.000000000000000000e+00,0.000000000000000000e+00,1.976224335455575853e-01,5.111449843341518001e-02,0.000000000000000000e+00,1.729400962381530404e-02,0.000000000000000000e+00,7.569716791145562895e-02,7.863437646577603468e-02,8.621980673823020913e-02,5.133926703040257028e-02,0.000000000000000000e+00,1.084780919707465860e-02,1.660739194640019067e-01,0.000000000000000000e+00,3.055188878839904323e-02,1.380064400659528588e-02,7.040145967533151250e-02,0.000000000000000000e+00,0.000000000000000000e+00,8.726481679797393198e-02,0.000000000000000000e+00,0.000000000000000000e+00,1.031372067799471437e-02,0.000000000000000000e+00,7.312233014725444402e-02,7.408516240507573292e-02,1.457001761111723082e-01,8.068712588566537974e-03,0.000000000000000000e+00,0.000000000000000000e+00,1.911889046214894361e-02,0.000000000000000000e+00,2.919356513341498163e-02,0.000000000000000000e+00,1.973556838448171924e-02,4.622417376118199278e-02,1.017543624305805028e-01,1.664967589166503614e-02,1.257704790335431033e-01,5.445432363267215664e-02,6.483012772681697941e-03,1.020062699978835710e-02,4.696647157955466390e-02,3.112276188689164919e-02,1.599722389224728092e-01,1.316874190734270700e-01,0.000000000000000000e+00,1.626945295867145841e-02,0.000000000000000000e+00,0.000000000000000000e+00,0.000000000000000000e+00,1.740842415106109292e-02,1.096097868363365979e-01,7.285236094819791397e-02,0.000000000000000000e+00,0.000000000000000000e+00,0.000000000000000000e+00,2.959446547294585644e-02,0.000000000000000000e+00,0.000000000000000000e+00,0.000000000000000000e+00,0.000000000000000000e+00,0.000000000000000000e+00,0.000000000000000000e+00,0.000000000000000000e+00,0.000000000000000000e+00,3.022664701639981785e-02,0.000000000000000000e+00,0.000000000000000000e+00,0.000000000000000000e+00,9.203638889532064771e-02,0.000000000000000000e+00,0.000000000000000000e+00,3.468086849515239489e-02,4.277536193848135646e-03,7.714055892559315564e-02
2.162760409189752320e-01,0.000000000000000000e+00,8.896104270392060642e-02,2.151262468927127580e-01,0.000000000000000000e+00,1.057686523767892572e-01,0.000000000000000000e+00,0.000000000000000000e+00,0.000000000000000000e+00,3.727483344461600678e-01,5.878044295621335374e-02,2.091565353146664086e-01,2.059431174040858223e-02,0.000000000000000000e+00,0.000000000000000000e+00,0.000000000000000000e+00,1.165184995941956347e-01,0.000000000000000000e+00,8.535943309128876666e-02,4.565486050216030489e-02,1.427593874038964317e-01,5.053361091007443906e-02,2.159893819525360581e-01,2.942979317805478195e-02,0.000000000000000000e+00,0.000000000000000000e+00,0.000000000000000000e+00,9.960513168177481669e-02,1.258633043971090770e-01,0.000000000000000000e+00,8.535943309128876666e-02,0.000000000000000000e+00,1.000835639118241721e-01,0.000000000000000000e+00,0.000000000000000000e+00,1.340675390797444466e-01,4.022617886647390090e-02,0.000000000000000000e+00,1.422500107372863531e-01,1.456554213248003049e-01,7.062384219366260596e-02,0.000000000000000000e+00,1.188963830570182179e-01,0.000000000000000000e+00,0.000000000000000000e+00,7.644025000365733957e-02,0.000000000000000000e+00,1.888673961040542026e-02,2.536557760740248968e-01,0.000000000000000000e+00,0.000000000000000000e+00,0.000000000000000000e+00,0.000000000000000000e+00,5.140880633293311297e-02,1.717682721420754344e-01,3.743432546702300801e-02,0.000000000000000000e+00,5.595106262221772805e-03,1.109010038569619855e-01,0.000000000000000000e+00,0.000000000000000000e+00,1.393037286405228170e-01,0.000000000000000000e+00,0.000000000000000000e+00,0.000000000000000000e+00,0.000000000000000000e+00,7.970820949251625209e-02,1.391481924177122576e-01,0.000000000000000000e+00,8.339594336424675097e-03,1.156874946608143495e-01,0.000000000000000000e+00,0.000000000000000000e+00,4.286564220726790664e-02,8.604175744426693917e-02,0.000000000000000000e+00,0.000000000000000000e+00,9.125236061598061832e-03,0.000000000000000000e+00,2.290045404431648862e-02,1.747947144789169238e-01,0.000000000000000000e+00,0.000000000000000000e+00,0.000000000000000000e+00,1.410941930015938671e-02,0.000000000000000000e+00,2.375252552682906304e-02,0.000000000000000000e+00,6.100246956298860379e-02,3.593863189479745007e-02,0.000000000000000000e+00,0.000000000000000000e+00,0.000000000000000000e+00,1.057035952142350993e-01,7.866252158083503199e-02,2.258171803543210232e-01,0.000000000000000000e+00,0.000000000000000000e+00,0.000000000000000000e+00,1.759412472228683300e-01,0.000000000000000000e+00,8.438362849248107200e-02,2.995502091413522749e-01,0.000000000000000000e+00,1.244270808445749679e-02,4.883121774856211128e-02,2.958683806616722173e-02,1.004294829925254373e-01,0.000000000000000000e+00,0.000000000000000000e+00,0.000000000000000000e+00,0.000000000000000000e+00,5.723875456334653195e-02,0.000000000000000000e+00,4.325121644474620719e-02,9.900212509610059608e-02,0.000000000000000000e+00,4.926215657141122528e-02,0.000000000000000000e+00,0.000000000000000000e+00,1.146828431009934840e-01,0.000000000000000000e+00,0.000000000000000000e+00,6.107705781224298525e-02,2.569591630869031973e-01,0.000000000000000000e+00,0.000000000000000000e+00,1.004924949771837800e-01,0.000000000000000000e+00,0.000000000000000000e+00,9.958925529129913912e-02,7.478071591623997039e-02,0.000000000000000000e+00,8.484402704205831064e-03,7.162614386137933220e-02,1.831971765224763363e-02,0.000000000000000000e+00,7.162614386137933220e-02,5.037015440257567450e-02,1.615057729876823167e-01,0.000000000000000000e+00,0.000000000000000000e+00,6.813018457135122663e-02,2.508599427102387383e-02,8.578018878953699855e-02,1.277368827025828213e-01,8.394718131504211311e-02,0.000000000000000000e+00,0.000000000000000000e+00,3.696547430882343027e-02
0.000000000000000000e+00,0.000000000000000000e+00,2.237676357748697720e-01,1.076175293543359113e-01,0.000000000000000000e+00,0.000000000000000000e+00,0.000000000000000000e+00,0.000000000000000000e+00,1.990919033623211321e-01,0.000000000000000000e+00,0.000000000000000000e+00,4.665725116259470534e-02,0.000000000000000000e+00,0.000000000000000000e+00,1.558063745466018446e-01,0.000000000000000000e+00,2.506619183680061091e-01,0.000000000000000000e+00,0.000000000000000000e+00,0.000000000000000000e+00,0.000000000000000000e+00,0.000000000000000000e+00,2.960293858776896769e-02,4.444151443349400599e-02,5.991892724037636148e-02,0.000000000000000000e+00,0.000000000000000000e+00,0.000000000000000000e+00,1.173255906862390452e-01,0.000000000000000000e+00,0.000000000000000000e+00,0.000000000000000000e+00,5.325079534057156061e-02,0.000000000000000000e+00,6.442127684219753347e-02,0.000000000000000000e+00,0.000000000000000000e+00,1.882152232660825319e-01,0.000000000000000000e+00,4.954780801435311466e-02,0.000000000000000000e+00,0.000000000000000000e+00,0.000000000000000000e+00,0.000000000000000000e+00,0.000000000000000000e+00,5.496736395123967556e-02,2.537165011764476175e-01,2.241389199304045510e-01,0.000000000000000000e+00,4.561608640731963649e-02,0.000000000000000000e+00,1.016351692980093091e-01,1.848030044074218947e-01,0.000000000000000000e+00,0.000000000000000000e+00,0.000000000000000000e+00,2.252767936632305568e-01,1.090316489493229346e-01,0.000000000000000000e+00,0.000000000000000000e+00,0.000000000000000000e+00,1.800555446069233151e-02,1.479813474612860780e-02,0.000000000000000000e+00,0.000000000000000000e+00,0.000000000000000000e+00,0.000000000000000000e+00,0.000000000000000000e+00,1.347600519627158676e-02,8.435497956126569719e-02,0.000000000000000000e+00,0.000000000000000000e+00,0.000000000000000000e+00,7.169764019732928310e-03,2.277538336064034996e-01,1.107697704087490104e-01,1.014174197926694249e-01,0.000000000000000000e+00,0.000000000000000000e+00,0.000000000000000000e+00,2.364399247058182173e-03,1.766203124493172542e-03,0.000000000000000000e+00,0.000000000000000000e+00,2.462200148682880570e-03,0.000000000000000000e+00,0.000000000000000000e+00,1.403913492784145123e-01,1.095865732737250076e-01,5.327313359562527162e-02,5.019707200181081769e-02,0.000000000000000000e+00,0.000000000000000000e+00,0.000000000000000000e+00,0.000000000000000000e+00,0.000000000000000000e+00,0.000000000000000000e+00,0.000000000000000000e+00,0.000000000000000000e+00,1.014836323015169267e-01,0.000000000000000000e+00,0.000000000000000000e+00,3.722320403714220183e-02,4.215269014279149351e-02,7.606045552205206728e-02,0.000000000000000000e+00,0.000000000000000000e+00,7.068379753550005015e-03,3.110536192756983009e-01,1.252306900818393465e-01,0.000000000000000000e+00,0.000000000000000000e+00,6.891786697782232608e-03,0.000000000000000000e+00,0.000000000000000000e+00,0.000000000000000000e+00,3.918600023349150252e-02,2.193365527570282913e-01,0.000000000000000000e+00,1.509161082598348136e-01,1.527103816651064760e-01,0.000000000000000000e+00,1.932742192483344335e-01,0.000000000000000000e+00,6.540995541575482519e-02,0.000000000000000000e+00,2.944649687252528375e-02,8.576549946465183982e-02,1.666922150356515142e-01,0.000000000000000000e+00,0.000000000000000000e+00,0.000000000000000000e+00,4.230865076466744368e-02,0.000000000000000000e+00,2.715985693808794718e-02,0.000000000000000000e+00,4.230865076466744368e-02,2.715985693808794718e-02,0.000000000000000000e+00,5.957334026048741182e-02,0.000000000000000000e+00,0.000000000000000000e+00,0.000000000000000000e+00,0.000000000000000000e+00,0.000000000000000000e+00,3.769110411222981183e-02,0.000000000000000000e+00,1.753113330640498069e-01,1.540839490047322263e-02,5.693133687562076939e-02
0.000000000000000000e+00,0.000000000000000000e+00,0.000000000000000000e+00,0.000000000000000000e+00,0.000000000000000000e+00,0.000000000000000000e+00,0.000000000000000000e+00,9.961850665935465584e-04,0.000000000000000000e+00,0.000000000000000000e+00,0.000000000000000000e+00,0.000000000000000000e+00,1.254568480365392258e-01,0.000000000000000000e+00,7.142725745362480012e-03,0.000000000000000000e+00,1.532213691935880306e-01,0.000000000000000000e+00,1.394959537034742847e-01,0.000000000000000000e+00,0.000000000000000000e+00,1.653318533641862792e-02,0.000000000000000000e+00,0.000000000000000000e+00,2.597187894167489741e-01,9.960513168177481669e-02,0.000000000000000000e+00,0.000000000000000000e+00,1.135864327695479403e-01,0.000000000000000000e+00,1.394959537034742847e-01,1.184889113568860994e-02,0.000000000000000000e+00,0.000000000000000000e+00,0.000000000000000000e+00,1.411485619963472604e-01,0.000000000000000000e+00,0.000000000000000000e+00,0.000000000000000000e+00,0.000000000000000000e+00,8.456123374256077629e-02,0.000000000000000000e+00,0.000000000000000000e+00,0.000000000000000000e+00,0.000000000000000000e+00,1.032796682840377844e-01,0.000000000000000000e+00,8.816003913668270242e-02,0.000000000000000000e+00,0.000000000000000000e+00,1.156701226036483399e-01,0.000000000000000000e+00,3.300263676474794738e-02,4.645751170394815666e-02,2.342088162597911680e-02,0.000000000000000000e+00,6.797859912791716364e-02,7.309662483384979370e-02,4.678285935173208399e-02,2.199693585578232219e-02,1.906995780062634149e-01,0.000000000000000000e+00,6.146982589615297005e-02,0.000000000000000000e+00,0.000000000000000000e+00,1.606296696913441790e-01,6.192807737408645430e-02,2.571007092717889422e-02,9.705799372603757247e-02,1.288492077425849591e-01,2.410070841923823634e-02,0.000000000000000000e+00,1.813160425875738613e-02,4.685720817347482914e-02,0.000000000000000000e+00,3.391494082133075100e-02,1.526412862761707401e-01,0.000000000000000000e+00,0.000000000000000000e+00,7.853170172905753199e-02,0.000000000000000000e+00,5.969262729042157378e-02,3.620654351091523449e-02,2.591218736840509296e-01,2.591783048764193520e-01,2.118685762865720190e-01,1.153713881543982911e-01,5.575212630625166893e-02,0.000000000000000000e+00,0.000000000000000000e+00,0.000000000000000000e+00,0.000000000000000000e+00,0.000000000000000000e+00,1.987524017591984493e-01,0.000000000000000000e+00,0.000000000000000000e+00,0.000000000000000000e+00,0.000000000000000000e+00,0.000000000000000000e+00,0.000000000000000000e+00,1.433296161424860715e-01,8.698609823800676488e-02,0.000000000000000000e+00,0.000000000000000000e+00,0.000000000000000000e+00,0.000000000000000000e+00,0.000000000000000000e+00,0.000000000000000000e+00,2.522464934673277620e-02,0.000000000000000000e+00,1.943820009446363059e-02,0.000000000000000000e+00,0.000000000000000000e+00,0.000000000000000000e+00,0.000000000000000000e+00,0.000000000000000000e+00,0.000000000000000000e+00,0.000000000000000000e+00,0.000000000000000000e+00,0.000000000000000000e+00,1.918958737051886312e-02,2.487064743205920359e-02,0.000000000000000000e+00,1.453058869574765932e-01,0.000000000000000000e+00,0.000000000000000000e+00,0.000000000000000000e+00,1.589164556693763719e-01,0.000000000000000000e+00,3.199433899368322315e-02,0.000000000000000000e+00,0.000000000000000000e+00,0.000000000000000000e+00,0.000000000000000000e+00,0.000000000000000000e+00,0.000000000000000000e+00,0.000000000000000000e+00,0.000000000000000000e+00,0.000000000000000000e+00,0.000000000000000000e+00,2.228974580341323564e-01,0.000000000000000000e+00,1.126342602885182231e-01,0.000000000000000000e+00,3.094182022131636289e-02,0.000000000000000000e+00,0.000000000000000000e+00,8.381096190830340797e-02,0.000000000000000000e+00,8.173246461255220807e-02
0.000000000000000000e+00,0.000000000000000000e+00,2.236662428930534866e-02,0.000000000000000000e+00,0.000000000000000000e+00,1.010969104643704986e-01,0.000000000000000000e+00,0.000000000000000000e+00,0.000000000000000000e+00,0.000000000000000000e+00,5.033686671618123332e-02,8.153573567132971212e-02,1.458251066311967992e-01,0.000000000000000000e+00,0.000000000000000000e+00,0.000000000000000000e+00,0.000000000000000000e+00,0.000000000000000000e+00,1.773595230763268943e-02,3.268921784624596871e-02,0.000000000000000000e+00,0.000000000000000000e+00,0.000000000000000000e+00,7.177354111463046804e-02,0.000000000000000000e+00,1.258633043971090770e-01,1.173255906862390452e-01,1.135864327695479403e-01,0.000000000000000000e+00,0.000000000000000000e+00,1.773595230763268943e-02,0.000000000000000000e+00,0.000000000000000000e+00,9.086465360246234052e-03,0.000000000000000000e+00,0.000000000000000000e+00,0.000000000000000000e+00,0.000000000000000000e+00,0.000000000000000000e+00,7.789600666297298408e-03,2.396284947923569761e-02,0.000000000000000000e+00,4.070808406900764537e-02,0.000000000000000000e+00,0.000000000000000000e+00,7.663768219499656788e-03,0.000000000000000000e+00,1.496462434145932607e-01,8.051147316052049974e-02,0.000000000000000000e+00,0.000000000000000000e+00,9.924606326407531265e-02,9.810628484986427811e-02,1.611786090835098939e-01,8.917360748217224853e-02,0.000000000000000000e+00,4.921524078930371304e-02,5.216002233521921383e-02,1.037048596567471254e-02,0.000000000000000000e+00,2.120764091882093236e-02,0.000000000000000000e+00,6.924080858028619501e-02,0.000000000000000000e+00,1.712001557224471227e-02,3.214706297573375476e-02,4.232870341580333151e-03,0.000000000000000000e+00,0.000000000000000000e+00,0.000000000000000000e+00,0.000000000000000000e+00,0.000000000000000000e+00,6.810640281464423133e-04,1.209169123224474590e-02,0.000000000000000000e+00,0.000000000000000000e+00,4.476788366364935212e-02,0.000000000000000000e+00,1.381970555115860644e-01,0.000000000000000000e+00,1.367198856288756870e-01,1.024929308055699123e-01,0.000000000000000000e+00,0.000000000000000000e+00,0.000000000000000000e+00,0.000000000000000000e+00,0.000000000000000000e+00,6.690637001959173769e-02,1.662016353984565598e-01,9.834839049424906610e-02,7.876551642310886114e-02,0.000000000000000000e+00,4.203990524115358562e-02,8.281025401339903169e-02,0.000000000000000000e+00,6.789407046464482343e-02,7.587625443325553276e-02,0.000000000000000000e+00,0.000000000000000000e+00,2.458965910662372703e-02,6.313756444544205496e-03,0.000000000000000000e+00,1.261549956396462169e-01,4.436380124442006190e-02,5.804630261848736650e-02,3.590117558992703128e-02,2.943071095470092997e-03,6.118874329081318980e-02,0.000000000000000000e+00,0.000000000000000000e+00,5.286541824648183230e-02,0.000000000000000000e+00,0.000000000000000000e+00,0.000000000000000000e+00,0.000000000000000000e+00,6.104825860512438918e-02,0.000000000000000000e+00,5.094015151680589965e-02,0.000000000000000000e+00,5.483564187019852182e-02,5.129660435863474255e-02,1.066849598341568922e-01,3.375531437277332764e-02,0.000000000000000000e+00,0.000000000000000000e+00,0.000000000000000000e+00,0.000000000000000000e+00,0.000000000000000000e+00,3.686088174776900456e-02,1.958514027021834164e-02,4.285996253935825395e-02,0.000000000000000000e+00,2.764545422607523131e-02,0.000000000000000000e+00,5.708612761567126437e-02,1.646028774612330048e-01,2.764545422607523131e-02,5.708612761567126437e-02,1.220632411774223020e-01,9.540178423223870385e-02,9.490917351946852928e-04,0.000000000000000000e+00,0.000000000000000000e+00,1.231251822987395189e-01,0.000000000000000000e+00,9.150247220828983119e-02,0.000000000000000000e+00,2.459393830577277784e-03,4.056864316901836673e-03,0.000000000000000000e+00
0.000000000000000000e+00,1.336492920066367218e-01,1.073560145753112670e-02,0.000000000000000000e+00,1.305299459281005492e-01,0.000000000000000000e+00,0.000000000000000000e+00,0.000000000000000000e+00,4.059055092355345201e-02,0.000000000000000000e+00,0.000000000000000000e+00,0.000000000000000000e+00,0.000000000000000000e+00,8.236187098048260158e-02,0.000000000000000000e+00,0.000000000000000000e+00,0.000000000000000000e+00,9.999999999999997780e-01,0.000000000000000000e+00,3.252541575090814319e-02,0.000000000000000000e+00,7.154943956669146225e-03,0.000000000000000000e+00,1.687284953023140965e-01,5.061158115893736598e-02,0.000000000000000000e+00,0.000000000000000000e+00,0.000000000000000000e+00,0.000000000000000000e+00,0.000000000000000000e+00,0.000000000000000000e+00,1.745496264644355588e-01,0.000000000000000000e+00,3.236225110994772058e-01,1.884397835655963749e-01,0.000000000000000000e+00,0.000000000000000000e+00,1.615301287559300358e-01,0.000000000000000000e+00,0.000000000000000000e+00,0.000000000000000000e+00,0.000000000000000000e+00,0.000000000000000000e+00,8.034603156137361257e-02,2.621771861915205282e-01,0.000000000000000000e+00,8.974815482887413265e-02,0.000000000000000000e+00,0.000000000000000000e+00,2.576917303201609055e-01,2.689074893837471725e-02,1.881170733457496885e-02,0.000000000000000000e+00,7.718056442387123683e-02,0.000000000000000000e+00,0.000000000000000000e+00,0.000000000000000000e+00,8.258600206273511435e-02,0.000000000000000000e+00,0.000000000000000000e+00,0.000000000000000000e+00,0.000000000000000000e+00,3.881665255511551615e-02,0.000000000000000000e+00,1.859257997484599634e-01,7.657676904821289487e-03,0.000000000000000000e+00,0.000000000000000000e+00,4.188901330366440190e-02,0.000000000000000000e+00,0.000000000000000000e+00,0.000000000000000000e+00,3.929096139144423391e-03,0.000000000000000000e+00,0.000000000000000000e+00,3.890631891202196713e-02,8.168297499068129242e-02,0.000000000000000000e+00,0.000000000000000000e+00,1.102459361927501658e-01,0.000000000000000000e+00,1.049620481204576877e-01,2.568313696844077426e-02,0.000000000000000000e+00,0.000000000000000000e+00,0.000000000000000000e+00,6.542617426686320181e-02,1.628701602411528407e-02,0.000000000000000000e+00,0.000000000000000000e+00,1.292298937073755316e-01,0.000000000000000000e+00,3.083352655880620616e-02,6.068044907973477176e-02,7.667946533719360858e-02,0.000000000000000000e+00,1.021339856230974452e-01,7.535831262410977449e-02,2.543422263815065323e-03,0.000000000000000000e+00,0.000000000000000000e+00,0.000000000000000000e+00,0.000000000000000000e+00,2.467643234355553633e-02,1.975793539881016136e-01,0.000000000000000000e+00,5.171946938401411446e-03,0.000000000000000000e+00,0.000000000000000000e+00,7.938252236483223090e-02,4.925286742956010155e-03,1.348815946254206533e-01,0.000000000000000000e+00,2.448948822142140228e-02,0.000000000000000000e+00,5.787053552027100756e-02,1.137446332680428218e-01,0.000000000000000000e+00,3.296660570615076447e-01,0.000000000000000000e+00,0.000000000000000000e+00,1.612116835276787841e-01,1.206611743602989673e-01,0.000000000000000000e+00,0.000000000000000000e+00,1.266438126083102578e-01,2.789542427157758464e-01,0.000000000000000000e+00,3.560700351324860152e-02,3.264848024169698937e-02,0.000000000000000000e+00,0.000000000000000000e+00,8.841441746273406149e-03,0.000000000000000000e+00,0.000000000000000000e+00,8.482411978723168600e-02,8.841441746273406149e-03,0.000000000000000000e+00,4.647966957867682991e-02,0.000000000000000000e+00,6.241208232516724796e-02,3.122891153479914403e-02,0.000000000000000000e+00,7.023885214199675209e-02,0.000000000000000000e+00,0.000000000000000000e+00,0.000000000000000000e+00,2.082681210262050664e-01,0.000000000000000000e+00,0.000000000000000000e+00
0.000000000000000000e+00,1.842589090927507223e-01,0.000000000000000000e+00,3.715862000066810084e-02,7.189757253600088938e-02,1.019178502710589296e-01,2.835814770602937962e-01,0.000000000000000000e+00,0.000000000000000000e+00,8.807235260207474381e-02,1.157804067458506336e-01,7.425089453918201632e-02,1.949224695225686421e-01,0.000000000000000000e+00,1.032160221914708680e-03,0.000000000000000000e+00,0.000000000000000000e+00,0.000000000000000000e+00,1.000000000000000000e+00,0.000000000000000000e+00,5.972313423882734396e-02,8.993188439257657207e-02,0.000000000000000000e+00,0.000000000000000000e+00,8.251487937967569297e-02,8.535943309128876666e-02,0.000000000000000000e+00,1.394959537034742847e-01,1.773595230763268943e-02,0.000000000000000000e+00,0.000000000000000000e+00,5.574089183043216822e-02,8.920916499880061912e-03,7.108352970342776689e-02,0.000000000000000000e+00,0.000000000000000000e+00,0.000000000000000000e+00,0.000000000000000000e+00,0.000000000000000000e+00,1.409524655916519764e-01,1.056435276546743851e-02,5.184495984608108315e-02,1.321917405339094742e-01,1.603319875379798642e-01,9.365196303078365814e-02,0.000000000000000000e+00,0.000000000000000000e+00,0.000000000000000000e+00,2.024110253076790156e-01,0.000000000000000000e+00,1.833920391907892800e-01,0.000000000000000000e+00,8.430085344620685817e-02,1.269841183172516763e-02,1.427022272867941588e-01,3.233122395834265445e-02,0.000000000000000000e+00,0.000000000000000000e+00,4.496694691717832704e-02,0.000000000000000000e+00,0.000000000000000000e+00,0.000000000000000000e+00,7.349724826440152958e-02,7.712788841038360765e-02,1.038196378191601765e-01,1.036429049000656133e-02,9.132195397503961587e-02,0.000000000000000000e+00,0.000000000000000000e+00,0.000000000000000000e+00,8.630586940301335913e-03,0.000000000000000000e+00,2.132090828619759293e-02,0.000000000000000000e+00,0.000000000000000000e+00,1.311092218513159324e-01,0.000000000000000000e+00,7.305818206392417427e-03,1.872218085443381466e-03,1.125232466051795943e-01,4.734318699409802156e-02,8.387295035023431544e-02,1.029943422737118752e-01,9.947948669523696760e-03,1.256004381240136136e-01,9.755933200929597926e-02,1.356861897879600987e-01,0.000000000000000000e+00,0.000000000000000000e+00,0.000000000000000000e+00,1.192855950701537243e-02,1.489179624401345547e-01,0.000000000000000000e+00,4.619903030635567898e-02,0.000000000000000000e+00,0.000000000000000000e+00,0.000000000000000000e+00,3.522631100274482320e-03,1.356571509149297541e-02,0.000000000000000000e+00,9.036508161805738293e-02,9.415274660171540910e-02,0.000000000000000000e+00,0.000000000000000000e+00,5.764364494925310056e-02,1.478910688487214582e-02,0.000000000000000000e+00,0.000000000000000000e+00,0.000000000000000000e+00,0.000000000000000000e+00,1.234173985553450453e-01,0.000000000000000000e+00,7.197349977223953255e-03,8.929890684853197813e-02,0.000000000000000000e+00,0.000000000000000000e+00,3.455913025518477649e-02,0.000000000000000000e+00,1.304354552880769569e-01,1.687623856582197157e-01,0.000000000000000000e+00,1.470519332207767260e-01,3.161341792232541525e-02,7.325128158403160228e-02,5.528872380810699594e-03,0.000000000000000000e+00,8.321930726993846672e-02,1.006506832174706711e-01,1.231269893041743793e-02,0.000000000000000000e+00,0.000000000000000000e+00,0.000000000000000000e+00,1.203099974613091316e-01,1.797760250425627093e-02,0.000000000000000000e+00,0.000000000000000000e+00,1.203099974613091316e-01,0.000000000000000000e+00,4.498403547089851497e-03,0.000000000000000000e+00,0.000000000000000000e+00,2.219609100017495840e-02,0.000000000000000000e+00,4.659424789211699669e-02,0.000000000000000000e+00,1.331694063482648585e-02,1.164603700073798820e-01,0.000000000000000000e+00,4.680384661266291657e-02,0.000000000000000000e+00
0.000000000000000000e+00,1.099500241027032837e-01,0.000000000000000000e+00,1.709626823251008884e-02,1.696141461667047268e-02,0.000000000000000000e+00,7.402985788098842557e-02,1.860039486909727952e-02,0.000000000000000000e+00,0.000000000000000000e+00,9.026293213610800392e-02,0.000000000000000000e+00,2.857798756920416627e-01,0.000000000000000000e+00,1.169253619093845176e-01,0.000000000000000000e+00,0.000000000000000000e+00,1.745496264644355588e-01,5.574089183043216822e-02,0.000000000000000000e+00,0.000000000000000000e+00,9.023543648188029481e-03,0.000000000000000000e+00,0.000000000000000000e+00,0.000000000000000000e+00,0.000000000000000000e+00,0.000000000000000000e+00,1.184889113568860994e-02,0.000000000000000000e+00,1.745496264644355588e-01,5.574089183043216822e-02,0.000000000000000000e+00,0.000000000000000000e+00,0.000000000000000000e+00,9.297331747044060291e-02,0.000000000000000000e+00,0.000000000000000000e+00,0.000000000000000000e+00,0.000000000000000000e+00,0.000000000000000000e+00,0.000000000000000000e+00,3.517873460142646735e-02,9.779669102259108682e-02,8.687569303666933807e-02,2.258393721044468783e-01,2.014927341039949305e-01,1.162018806544922594e-01,1.094608122138405505e-02,0.000000000000000000e+00,1.747877453492397426e-01,8.095944500556964685e-03,2.147847756380334011e-02,6.028641543927271140e-02,0.000000000000000000e+00,2.498400641241908457e-02,0.000000000000000000e+00,6.931238571287898220e-02,2.471088820471517740e-03,1.101933025152853074e-01,0.000000000000000000e+00,2.474784795842698004e-02,0.000000000000000000e+00,1.160214341943475169e-01,1.627869319492873668e-02,5.300658870222310637e-03,5.672911941647391931e-02,0.000000000000000000e+00,0.000000000000000000e+00,2.261023162127179936e-02,2.645906132591380189e-02,0.000000000000000000e+00,3.047089178301874007e-02,8.131175406553141360e-02,0.000000000000000000e+00,3.802831222032371228e-02,0.000000000000000000e+00,1.153322427321187560e-01,2.551065790207905914e-01,4.872964417604544463e-02,1.850283495409570100e-01,9.105171910571832616e-02,0.000000000000000000e+00,2.373328248430896584e-02,0.000000000000000000e+00,1.403406897346846649e-01,3.538630078844308413e-02,0.000000000000000000e+00,1.016262916521434301e-01,0.000000000000000000e+00,1.618918586372280338e-02,6.480357061205185842e-02,1.166346511864755353e-01,1.139057558785922797e-01,7.002429337634066830e-02,0.000000000000000000e+00,0.000000000000000000e+00,0.000000000000000000e+00,1.380564133901174828e-01,0.000000000000000000e+00,0.000000000000000000e+00,1.264993312471541786e-01,3.127459223806818532e-03,1.279798132617321893e-01,0.000000000000000000e+00,2.953754292776661350e-02,0.000000000000000000e+00,0.000000000000000000e+00,0.000000000000000000e+00,0.000000000000000000e+00,0.000000000000000000e+00,1.450507403193156478e-02,2.486859343211704140e-02,0.000000000000000000e+00,8.712810470056259193e-02,0.000000000000000000e+00,0.000000000000000000e+00,6.015180791941511507e-02,0.000000000000000000e+00,1.226200135483845877e-01,5.806990210211052106e-02,0.000000000000000000e+00,2.153324150030712092e-01,1.493687861167362352e-01,1.196139546690031530e-01,0.000000000000000000e+00,2.826508176696016644e-02,6.901486624038176421e-02,1.221407629778894360e-01,8.266612932769112909e-02,0.000000000000000000e+00,0.000000000000000000e+00,0.000000000000000000e+00,3.274105563819493941e-02,0.000000000000000000e+00,0.000000000000000000e+00,0.000000000000000000e+00,3.274105563819493941e-02,0.000000000000000000e+00,0.000000000000000000e+00,0.000000000000000000e+00,0.000000000000000000e+00,9.327991065818875410e-03,0.000000000000000000e+00,0.000000000000000000e+00,0.000000000000000000e+00,0.000000000000000000e+00,0.000000000000000000e+00,1.519088183235188794e-01,0.000000000000000000e+00,1.433172025138606046e-02
9.083917717125064573e-02,0.000000000000000000e+00,9.543631930524624704e-03,0.000000000000000000e+00,0.000000000000000000e+00,0.000000000000000000e+00,3.181109180511385720e-02,0.000000000000000000e+00,0.000000000000000000e+00,6.001546769598960912e-02,0.000000000000000000e+00,0.000000000000000000e+00,6.884161292630062989e-02,0.000000000000000000e+00,2.079593255185652190e-02,2.904565742714204819e-03,3.703792412391810479e-02,0.000000000000000000e+00,8.920916499880061912e-03,0.000000000000000000e+00,2.314668355555844770e-02,4.788681243242563085e-02,2.481616962611783439e-01,8.016099087666572753e-02,2.258788252125469576e-02,1.000835639118241721e-01,5.325079534057156061e-02,0.000000000000000000e+00,0.000000000000000000e+00,0.000000000000000000e+00,8.920916499880061912e-03,0.000000000000000000e+00,0.000000000000000000e+00,0.000000000000000000e+00,3.857117431869297453e-02,0.000000000000000000e+00,5.690735911353483195e-02,0.000000000000000000e+00,8.432748551952425065e-04,0.000000000000000000e+00,3.458482867551650186e-02,0.000000000000000000e+00,1.941593055360258399e-03,2.202588803814249652e-02,0.000000000000000000e+00,0.000000000000000000e+00,0.000000000000000000e+00,0.000000000000000000e+00,6.110297778947851310e-03,0.000000000000000000e+00,0.000000000000000000e+00,0.000000000000000000e+00,9.325768856930746753e-03,9.178626893472946469e-02,5.477569901473940822e-02,0.000000000000000000e+00,2.100806714716144108e-01,0.000000000000000000e+00,0.000000000000000000e+00,1.044154796989030520e-01,0.000000000000000000e+00,0.000000000000000000e+00,0.000000000000000000e+00,0.000000000000000000e+00,0.000000000000000000e+00,0.000000000000000000e+00,0.000000000000000000e+00,1.090970267334460606e-02,4.418283589376632847e-02,5.656536333407763406e-03,0.000000000000000000e+00,6.353054826861216642e-02,0.000000000000000000e+00,1.080236686009362346e-01,0.000000000000000000e+00,9.099280533119155634e-02,0.000000000000000000e+00,0.000000000000000000e+00,2.440038618413191418e-02,0.000000000000000000e+00,7.337805805169420048e-02,2.097282457078970125e-02,1.876670068089466778e-02,5.011716986800084095e-02,0.000000000000000000e+00,1.627181580134827443e-01,0.000000000000000000e+00,0.000000000000000000e+00,7.200952705333740766e-02,1.406840786470550664e-02,0.000000000000000000e+00,0.000000000000000000e+00,0.000000000000000000e+00,0.000000000000000000e+00,9.564803422292883495e-02,1.177985763054965884e-01,0.000000000000000000e+00,0.000000000000000000e+00,0.000000000000000000e+00,7.715725380398990620e-03,0.000000000000000000e+00,0.000000000000000000e+00,5.141184695007440519e-02,1.637454839513962090e-01,0.000000000000000000e+00,7.581106747322852168e-02,1.937473552534988569e-02,0.000000000000000000e+00,0.000000000000000000e+00,0.000000000000000000e+00,0.000000000000000000e+00,1.581625561722349582e-02,0.000000000000000000e+00,0.000000000000000000e+00,2.397458140589850406e-02,3.494094052995020544e-02,0.000000000000000000e+00,3.227646524964998542e-02,0.000000000000000000e+00,0.000000000000000000e+00,7.440042555881672126e-02,0.000000000000000000e+00,0.000000000000000000e+00,2.058884490488562674e-02,5.035412954637111943e-02,0.000000000000000000e+00,6.328806955692248271e-02,0.000000000000000000e+00,9.103550213914882172e-02,6.608288265640643866e-02,1.052592562725524206e-01,8.480163660874513731e-03,1.589007980672499376e-02,0.000000000000000000e+00,0.000000000000000000e+00,1.256196896384756054e-02,1.589007980672499376e-02,0.000000000000000000e+00,1.792231459300418217e-02,0.000000000000000000e+00,1.109293174282152640e-03,0.000000000000000000e+00,2.212269476480414540e-02,2.627692298213160638e-02,0.000000000000000000e+00,0.000000000000000000e+00,2.016011686875629483e-01,0.000000000000000000e+00,2.175059918219678090e-02,2.075454646664180447e-01
0.000000000000000000e+00,8.632122026586025454e-02,0.000000000000000000e+00,0.000000000000000000e+00,1.651945055676762308e-01,0.000000000000000000e+00,1.309775809700287619e-01,0.000000000000000000e+00,0.000000000000000000e+00,0.000000000000000000e+00,0.000000000000000000e+00,7.611322271984659327e-02,0.000000000000000000e+00,4.938837643291073970e-02,0.000000000000000000e+00,1.464920274272964451e-01,0.000000000000000000e+00,3.236225110994772058e-01,7.108352970342776689e-02,9.143016107644910684e-02,4.570415366599175216e-02,1.603109697054189153e-01,9.078865369541097574e-03,0.000000000000000000e+00,2.587368414228987529e-02,0.000000000000000000e+00,0.000000000000000000e+00,0.000000000000000000e+00,9.086465360246234052e-03,3.236225110994772058e-01,7.108352970342776689e-02,0.000000000000000000e+00,0.000000000000000000e+00,0.000000000000000000e+00,0.000000000000000000e+00,0.000000000000000000e+00,0.000000000000000000e+00,2.199978190890648500e-01,0.000000000000000000e+00,4.173259316668020968e-01,0.000000000000000000e+00,0.000000000000000000e+00,3.615225036896641680e-02,0.000000000000000000e+00,7.033045843189647539e-02,0.000000000000000000e+00,0.000000000000000000e+00,1.304469181032762680e-02,0.000000000000000000e+00,5.042418479272405829e-01,1.144782423293999943e-02,0.000000000000000000e+00,0.000000000000000000e+00,1.465209769888932978e-01,0.000000000000000000e+00,0.000000000000000000e+00,0.000000000000000000e+00,6.414997813417601391e-02,0.000000000000000000e+00,0.000000000000000000e+00,7.324571048339040269e-02,0.000000000000000000e+00,0.000000000000000000e+00,0.000000000000000000e+00,2.206773796210741989e-01,1.577525138401322108e-02,0.000000000000000000e+00,3.985927210495672501e-02,0.000000000000000000e+00,0.000000000000000000e+00,0.000000000000000000e+00,0.000000000000000000e+00,5.496605421675833381e-02,4.361761336751419915e-02,0.000000000000000000e+00,0.000000000000000000e+00,4.579089164115460187e-02,5.126288049421770174e-03,2.014543417665599079e-01,6.278954345706405996e-03,0.000000000000000000e+00,7.029869757614330000e-03,1.598456007168894827e-02,1.983915307062491910e-03,0.000000000000000000e+00,2.957704525305997895e-02,7.754150225478590244e-03,8.973954631355282596e-02,0.000000000000000000e+00,0.000000000000000000e+00,2.080169963131666688e-01,1.505347834489522904e-02,0.000000000000000000e+00,9.405895996678220738e-02,1.722165003022849139e-01,0.000000000000000000e+00,0.000000000000000000e+00,2.543361557146402857e-02,2.879786076350868487e-02,0.000000000000000000e+00,0.000000000000000000e+00,0.000000000000000000e+00,0.000000000000000000e+00,3.005230831395281146e-02,6.593258722916600645e-02,0.000000000000000000e+00,1.128518308913814550e-01,0.000000000000000000e+00,0.000000000000000000e+00,0.000000000000000000e+00,6.724379336257702011e-02,0.000000000000000000e+00,1.498190459724336315e-02,1.370933900378019654e-01,5.688647922858075523e-02,4.696289185723134807e-02,5.725659221298506213e-02,1.503344229736893467e-01,3.839444913679539439e-01,4.483512274807836470e-03,0.000000000000000000e+00,0.000000000000000000e+00,5.791037204077222750e-03,0.000000000000000000e+00,0.000000000000000000e+00,7.945143651008358676e-02,1.532114649641333481e-01,0.000000000000000000e+00,5.292338399073838462e-02,9.070290140824343456e-03,0.000000000000000000e+00,7.855571149372773260e-03,0.000000000000000000e+00,0.000000000000000000e+00,9.829453490531740376e-03,2.396639877949242534e-02,0.000000000000000000e+00,9.829453490531740376e-03,0.000000000000000000e+00,0.000000000000000000e+00,1.412919706743846759e-01,9.596438062858228535e-02,0.000000000000000000e+00,0.000000000000000000e+00,0.000000000000000000e+00,0.000000000000000000e+00,0.000000000000000000e+00,1.139686672708231652e-01,0.000000000000000000e+00,6.149273394879624377e-02
1.841126621082283046e-02,8.532710093750428548e-02,4.367685028682830595e-01,0.000000000000000000e+00,0.000000000000000000e+00,0.000000000000000000e+00,0.000000000000000000e+00,0.000000000000000000e+00,3.921915174144524618e-01,0.000000000000000000e+00,0.000000000000000000e+00,0.000000000000000000e+00,7.181311577808133229e-02,0.000000000000000000e+00,7.769984850107214402e-02,1.225115557608301015e-01,1.450834482676555681e-01,1.884397835655963749e-01,0.000000000000000000e+00,0.000000000000000000e+00,1.199212969048955579e-01,1.028707554687284809e-01,4.732680479636285076e-03,0.000000000000000000e+00,0.000000000000000000e+00,0.000000000000000000e+00,6.442127684219753347e-02,0.000000000000000000e+00,0.000000000000000000e+00,1.884397835655963749e-01,0.000000000000000000e+00,9.297331747044060291e-02,3.857117431869297453e-02,0.000000000000000000e+00,0.000000000000000000e+00,0.000000000000000000e+00,4.167696323435367556e-01,0.000000000000000000e+00,9.917172783765713928e-02,0.000000000000000000e+00,0.000000000000000000e+00,0.000000000000000000e+00,0.000000000000000000e+00,0.000000000000000000e+00,1.256973976800404014e-01,1.497541547223556480e-01,3.193258238896413137e-01,0.000000000000000000e+00,0.000000000000000000e+00,0.000000000000000000e+00,0.000000000000000000e+00,0.000000000000000000e+00,1.597043085444935506e-01,2.785596716357019789e-02,0.000000000000000000e+00,0.000000000000000000e+00,8.863940783066773590e-03,1.487310305608806615e-01,1.495969824626354194e-01,1.019695935959620686e-01,1.010326861610641447e-02,0.000000000000000000e+00,0.000000000000000000e+00,4.346900095361494465e-02,7.883050508431591052e-02,3.107523306442526792e-02,0.000000000000000000e+00,1.040925863268570006e-02,8.403400776403936734e-02,0.000000000000000000e+00,0.000000000000000000e+00,0.000000000000000000e+00,7.252475800781474358e-02,0.000000000000000000e+00,1.244969634865085717e-01,0.000000000000000000e+00,8.760865259792806337e-02,8.731317209762459730e-02,4.596361757709145623e-05,7.665888073395715763e-02,7.454038541228200088e-02,1.864390315834163481e-02,0.000000000000000000e+00,0.000000000000000000e+00,0.000000000000000000e+00,2.591718399852038779e-02,0.000000000000000000e+00,4.758745557835926399e-02,0.000000000000000000e+00,0.000000000000000000e+00,0.000000000000000000e+00,0.000000000000000000e+00,0.000000000000000000e+00,5.248144549696701772e-02,8.079813373810580679e-02,6.483019668346415298e-02,6.388191069622242702e-02,0.000000000000000000e+00,0.000000000000000000e+00,5.042379329941416161e-02,0.000000000000000000e+00,8.750170517322941599e-02,0.000000000000000000e+00,0.000000000000000000e+00,0.000000000000000000e+00,0.000000000000000000e+00,0.000000000000000000e+00,1.012633676396171301e-01,8.028825985017054578e-02,0.000000000000000000e+00,0.000000000000000000e+00,0.000000000000000000e+00,0.000000000000000000e+00,0.000000000000000000e+00,0.000000000000000000e+00,0.000000000000000000e+00,0.000000000000000000e+00,1.187051971799960581e-01,1.067590327120643834e-01,4.424873157907446147e-02,6.395638996848622415e-02,3.000744999820290637e-01,0.000000000000000000e+00,1.441843007877176563e-01,8.691303693396780494e-02,1.935557156217339037e-01,2.070995484025049127e-01,0.000000000000000000e+00,8.995011830319524226e-02,1.152083038537396742e-01,0.000000000000000000e+00,3.349508240520404634e-02,5.053062901948451868e-02,0.000000000000000000e+00,0.000000000000000000e+00,4.897865042900480942e-02,5.053062901948451868e-02,0.000000000000000000e+00,5.397585963083558619e-02,0.000000000000000000e+00,8.712390987976196058e-03,0.000000000000000000e+00,0.000000000000000000e+00,8.876918326768912237e-02,8.210866911744960084e-02,0.000000000000000000e+00,1.506018680098849538e-01,1.858653738669102662e-01,0.000000000000000000e+00,0.000000000000000000e+00
5.268699958905537217e-02,2.874904863592865970e-02,2.946851967873238554e-01,0.000000000000000000e+00,1.051622736023738736e-01,0.000000000000000000e+00,0.000000000000000000e+00,0.000000000000000000e+00,2.380059677789698735e-01,0.000000000000000000e+00,0.000000000000000000e+00,1.439486633548903161e-01,0.000000000000000000e+00,0.000000000000000000e+00,6.392515105984442059e-02,0.000000000000000000e+00,2.556812603827832153e-01,0.000000000000000000e+00,0.000000000000000000e+00,4.532725813693430639e-02,3.739325693123670812e-03,1.649016713208124041e-01,0.000000000000000000e+00,0.000000000000000000e+00,1.038353384080295538e-01,1.340675390797444466e-01,0.000000000000000000e+00,1.411485619963472604e-01,0.000000000000000000e+00,0.000000000000000000e+00,0.000000000000000000e+00,0.000000000000000000e+00,0.000000000000000000e+00,0.000000000000000000e+00,0.000000000000000000e+00,0.000000000000000000e+00,1.582023100222137990e-02,0.000000000000000000e+00,0.000000000000000000e+00,0.000000000000000000e+00,2.731207322797743475e-01,0.000000000000000000e+00,0.000000000000000000e+00,0.000000000000000000e+00,0.000000000000000000e+00,2.173753027389780379e-01,2.797931737223552373e-01,0.000000000000000000e+00,0.000000000000000000e+00,0.000000000000000000e+00,8.761859241877245630e-02,0.000000000000000000e+00,0.000000000000000000e+00,5.413279222829932291e-02,2.358381942134154044e-02,0.000000000000000000e+00,0.000000000000000000e+00,0.000000000000000000e+00,3.926127833426714536e-02,8.912250036002757059e-02,5.466544623598371122e-02,0.000000000000000000e+00,0.000000000000000000e+00,9.666892696298881593e-02,6.325620938685088540e-03,2.733961722318024867e-03,9.598306420995844981e-03,0.000000000000000000e+00,7.025891201375207562e-02,1.616811199148726619e-02,1.269380641704344892e-01,7.116700129693558086e-02,0.000000000000000000e+00,2.605298127441298475e-02,0.000000000000000000e+00,0.000000000000000000e+00,0.000000000000000000e+00,1.024628077240435642e-01,0.000000000000000000e+00,1.969813458944111861e-01,0.000000000000000000e+00,1.039434510911801668e-01,0.000000000000000000e+00,2.689188583805584010e-01,1.330662545946946218e-01,0.000000000000000000e+00,0.000000000000000000e+00,0.000000000000000000e+00,0.000000000000000000e+00,1.263272963599519627e-01,1.174942262288862782e-01,0.000000000000000000e+00,1.988855024041465136e-02,1.549579084460398493e-01,1.151520735810788454e-01,1.634325683376310068e-02,9.864005259271818593e-02,0.000000000000000000e+00,0.000000000000000000e+00,1.296242532600664910e-01,0.000000000000000000e+00,0.000000000000000000e+00,1.644168306118778677e-01,0.000000000000000000e+00,0.000000000000000000e+00,0.000000000000000000e+00,0.000000000000000000e+00,0.000000000000000000e+00,0.000000000000000000e+00,1.292376014843586440e-01,3.230699326075226613e-02,5.287708607362931468e-02,5.647318294765296676e-02,1.495563475696452989e-02,7.536969240077823207e-02,0.000000000000000000e+00,0.000000000000000000e+00,0.000000000000000000e+00,1.484736285064279793e-01,0.000000000000000000e+00,8.736744088661405061e-02,2.723865425938145832e-02,2.542384042402724958e-03,0.000000000000000000e+00,3.640584419569257296e-02,8.571936982897396251e-02,0.000000000000000000e+00,6.745666204809008804e-02,0.000000000000000000e+00,0.000000000000000000e+00,0.000000000000000000e+00,7.616651478310929035e-02,0.000000000000000000e+00,8.471093116927899680e-02,0.000000000000000000e+00,0.000000000000000000e+00,0.000000000000000000e+00,0.000000000000000000e+00,0.000000000000000000e+00,7.485087767759032729e-02,4.971154501086344490e-02,7.487033086009428628e-02,2.686115378634174045e-01,0.000000000000000000e+00,1.459120235768976426e-01,6.082758011786862373e-02,0.000000000000000000e+00,0.000000000000000000e+00,7.214050947022215918e-04,0.000000000000000000e+00
4.031688609905032666e-02,1.518307236172172781e-01,3.478870586393584818e-01,0.000000000000000000e+00,0.000000000000000000e+00,1.019942797220301511e-01,0.000000000000000000e+00,9.900988131869806197e-02,3.382660325476544161e-01,0.000000000000000000e+00,0.000000000000000000e+00,0.000000000000000000e+00,0.000000000000000000e+00,0.000000000000000000e+00,1.600254963434560862e-01,1.557265248886011699e-01,1.208535384728514350e-01,0.000000000000000000e+00,0.000000000000000000e+00,8.429095863650114262e-02,9.146898910057080223e-02,0.000000000000000000e+00,6.239527056213538952e-03,0.000000000000000000e+00,0.000000000000000000e+00,4.022617886647390090e-02,0.000000000000000000e+00,0.000000000000000000e+00,0.000000000000000000e+00,0.000000000000000000e+00,0.000000000000000000e+00,0.000000000000000000e+00,5.690735911353483195e-02,0.000000000000000000e+00,4.167696323435367556e-01,1.582023100222137990e-02,0.000000000000000000e+00,0.000000000000000000e+00,5.719603632682577210e-01,0.000000000000000000e+00,0.000000000000000000e+00,1.102868662847390768e-01,0.000000000000000000e+00,0.000000000000000000e+00,2.380484396314862527e-01,8.958418259120000393e-02,3.460587068540549316e-02,0.000000000000000000e+00,0.000000000000000000e+00,0.000000000000000000e+00,0.000000000000000000e+00,0.000000000000000000e+00,1.139319036339969671e-01,0.000000000000000000e+00,1.063085352843615335e-02,3.198393987067171818e-02,0.000000000000000000e+00,8.762622238562946253e-02,1.291323295502442292e-01,9.907213310072118806e-02,8.392057814140790883e-02,7.361976825090725020e-03,0.000000000000000000e+00,1.800730947303875173e-01,5.115057661107180742e-02,0.000000000000000000e+00,1.744327222550922513e-02,1.217788360241655876e-01,5.605090968088873027e-03,0.000000000000000000e+00,0.000000000000000000e+00,1.307959415650546686e-01,2.997170595662874276e-02,0.000000000000000000e+00,9.063810199376859389e-02,0.000000000000000000e+00,5.355032673443566038e-02,0.000000000000000000e+00,2.550963782169661867e-02,0.000000000000000000e+00,2.021184970579289336e-02,0.000000000000000000e+00,2.050097317608857300e-02,0.000000000000000000e+00,1.493843751866592018e-01,1.015625960940932937e-01,0.000000000000000000e+00,2.479188825860242570e-02,0.000000000000000000e+00,0.000000000000000000e+00,3.214366360783019183e-02,9.993455622048305620e-02,0.000000000000000000e+00,4.636973166332400420e-02,1.246386667616380950e-01,1.316124487373357965e-01,1.451082744475772623e-01,0.000000000000000000e+00,0.000000000000000000e+00,3.763870706291916335e-02,0.000000000000000000e+00,1.448545921360227529e-01,0.000000000000000000e+00,0.000000000000000000e+00,0.000000000000000000e+00,6.980157679410173288e-02,0.000000000000000000e+00,1.358869328625275097e-01,0.000000000000000000e+00,0.000000000000000000e+00,0.000000000000000000e+00,0.000000000000000000e+00,0.000000000000000000e+00,0.000000000000000000e+00,0.000000000000000000e+00,1.022285601388730480e-01,0.000000000000000000e+00,2.610883053378405816e-02,0.000000000000000000e+00,0.000000000000000000e+00,7.473018247995813490e-02,3.504180004266319592e-01,0.000000000000000000e+00,1.735499707752041765e-02,2.720932503092499122e-01,9.704774460360912625e-02,0.000000000000000000e+00,0.000000000000000000e+00,0.000000000000000000e+00,1.299016968665667182e-01,0.000000000000000000e+00,3.555038320076009395e-02,1.538633663588865330e-01,0.000000000000000000e+00,2.947462932125487212e-02,1.059001574311805305e-01,1.538633663588865330e-01,2.947462932125487212e-02,8.778295655475057413e-02,1.444821876819782358e-01,1.278498269957218381e-01,8.757270773089231245e-04,5.114923717598419961e-02,9.907618330026585207e-02,3.552610902369424117e-02,1.238618813952552800e-01,2.253192194707813456e-02,1.685922067381983580e-01,0.000000000000000000e+00,0.000000000000000000e+00
5.484969338535221339e-02,0.000000000000000000e+00,1.374461467560089689e-01,0.000000000000000000e+00,2.731947443001972453e-01,0.000000000000000000e+00,0.000000000000000000e+00,1.005067554749463146e-02,1.499364839355909473e-01,0.000000000000000000e+00,0.000000000000000000e+00,1.175736678563633758e-01,0.000000000000000000e+00,3.386306257193496920e-03,0.000000000000000000e+00,0.000000000000000000e+00,7.802692284943690826e-02,1.615301287559300358e-01,0.000000000000000000e+00,3.719639361732970939e-02,6.978228209222127332e-02,0.000000000000000000e+00,6.869816655072982781e-03,0.000000000000000000e+00,1.469905411375900806e-01,0.000000000000000000e+00,1.882152232660825319e-01,0.000000000000000000e+00,0.000000000000000000e+00,1.615301287559300358e-01,0.000000000000000000e+00,0.000000000000000000e+00,0.000000000000000000e+00,2.199978190890648500e-01,0.000000000000000000e+00,0.000000000000000000e+00,0.000000000000000000e+00,0.000000000000000000e+00,0.000000000000000000e+00,9.531416584669180625e-02,9.950134654036356385e-02,0.000000000000000000e+00,0.000000000000000000e+00,0.000000000000000000e+00,0.000000000000000000e+00,0.000000000000000000e+00,4.119116795388523544e-02,1.211356864407319156e-01,0.000000000000000000e+00,1.156604054543333704e-01,1.834845823473435500e-02,1.140137116489763069e-01,0.000000000000000000e+00,9.898895729070357474e-02,0.000000000000000000e+00,6.857585459469839329e-02,0.000000000000000000e+00,7.649483268610704489e-02,1.064248432873145592e-02,0.000000000000000000e+00,0.000000000000000000e+00,0.000000000000000000e+00,6.960993432658260649e-02,0.000000000000000000e+00,1.321769568284680563e-01,0.000000000000000000e+00,4.770929921780406313e-02,1.154809170447603506e-01,0.000000000000000000e+00,0.000000000000000000e+00,0.000000000000000000e+00,0.000000000000000000e+00,7.233926578624239045e-02,0.000000000000000000e+00,5.846177320478224831e-02,1.239980211448667158e-01,8.260392014777299258e-03,0.000000000000000000e+00,3.873632066536407403e-02,0.000000000000000000e+00,4.093532155729332628e-02,0.000000000000000000e+00,0.000000000000000000e+00,1.944406387836630778e-02,0.000000000000000000e+00,0.000000000000000000e+00,1.739078456929229466e-01,0.000000000000000000e+00,0.000000000000000000e+00,0.000000000000000000e+00,7.226631357086588103e-02,0.000000000000000000e+00,0.000000000000000000e+00,0.000000000000000000e+00,1.502120753315629442e-01,0.000000000000000000e+00,0.000000000000000000e+00,0.000000000000000000e+00,9.120563099697540088e-02,0.000000000000000000e+00,1.371240364983857818e-01,0.000000000000000000e+00,0.000000000000000000e+00,4.431072697388823214e-03,0.000000000000000000e+00,3.652001113086958406e-02,1.648410166751432260e-01,0.000000000000000000e+00,1.641343792353013309e-01,5.280487420926321951e-02,3.456307488662396094e-02,1.957474208966664478e-02,0.000000000000000000e+00,2.716357164225827875e-02,3.510797297158744779e-01,5.518333469822508941e-02,1.255540421227053227e-01,1.602771428490129546e-01,1.181117478439144830e-01,0.000000000000000000e+00,0.000000000000000000e+00,0.000000000000000000e+00,2.796978533412197709e-02,0.000000000000000000e+00,0.000000000000000000e+00,0.000000000000000000e+00,6.697651184040757932e-02,0.000000000000000000e+00,6.524851079852658775e-02,0.000000000000000000e+00,0.000000000000000000e+00,1.564472579047066977e-02,7.336194963046299700e-02,0.000000000000000000e+00,0.000000000000000000e+00,0.000000000000000000e+00,7.336194963046299700e-02,0.000000000000000000e+00,0.000000000000000000e+00,5.629267121826326409e-02,1.687908142163853098e-01,0.000000000000000000e+00,3.360011717975742995e-02,0.000000000000000000e+00,1.745034655985058802e-02,3.008819180270170396e-02,0.000000000000000000e+00,1.714807975018814989e-01,1.653930482460017615e-01,1.347121800286112947e-01
2.125444110987789043e-02,3.852010213698785490e-01,1.511132508099765487e-02,6.863217163998683312e-02,0.000000000000000000e+00,3.341638645602890700e-01,1.962923446091225689e-03,3.532713600559865830e-01,1.364951149770093908e-02,0.000000000000000000e+00,1.978555521538126749e-01,9.885289097947359827e-02,0.000000000000000000e+00,1.406490929850904292e-01,1.746539432967389449e-01,1.821215300945814852e-01,0.000000000000000000e+00,0.000000000000000000e+00,0.000000000000000000e+00,8.763125619373798858e-02,1.538991436024387260e-01,0.000000000000000000e+00,7.627935968196450367e-02,0.000000000000000000e+00,0.000000000000000000e+00,1.422500107372863531e-01,0.000000000000000000e+00,0.000000000000000000e+00,0.000000000000000000e+00,0.000000000000000000e+00,0.000000000000000000e+00,0.000000000000000000e+00,8.432748551952425065e-04,0.000000000000000000e+00,9.917172783765713928e-02,0.000000000000000000e+00,5.719603632682577210e-01,0.000000000000000000e+00,0.000000000000000000e+00,2.291791859349102609e-02,0.000000000000000000e+00,5.305030964494910073e-01,7.210454010466159358e-02,0.000000000000000000e+00,4.021581974398917847e-01,1.238193150128372687e-03,0.000000000000000000e+00,4.091256817150369651e-02,1.260563705409273316e-01,0.000000000000000000e+00,9.091282249491000611e-02,0.000000000000000000e+00,4.842025053378304356e-02,1.419361720790724389e-02,0.000000000000000000e+00,1.679136738625809366e-01,0.000000000000000000e+00,0.000000000000000000e+00,1.580436225473391340e-02,0.000000000000000000e+00,9.237476251589021858e-02,1.504262424754885530e-01,4.432299466307837443e-02,8.272483362014443342e-02,0.000000000000000000e+00,0.000000000000000000e+00,2.021502280376089866e-01,1.397313637438716283e-01,0.000000000000000000e+00,7.824139608273179836e-02,8.147051734784246935e-02,1.853185805329996272e-01,6.573160353526905086e-02,1.252170379903768879e-02,2.167295831215207847e-03,0.000000000000000000e+00,1.709873019042038728e-02,0.000000000000000000e+00,7.564995909408919750e-02,0.000000000000000000e+00,0.000000000000000000e+00,0.000000000000000000e+00,0.000000000000000000e+00,0.000000000000000000e+00,1.089159345321110833e-01,0.000000000000000000e+00,1.823859277745667196e-01,5.099507212792507224e-03,1.031035185532616638e-01,0.000000000000000000e+00,0.000000000000000000e+00,9.725430391749743941e-02,1.219417494680908199e-03,0.000000000000000000e+00,1.410918754055110955e-02,2.030414618363589052e-01,5.042867981275936384e-02,6.024833871988231893e-02,0.000000000000000000e+00,2.236983463275477035e-02,0.000000000000000000e+00,1.289826557451501376e-01,1.238488775999028457e-01,0.000000000000000000e+00,0.000000000000000000e+00,1.259129695620542777e-01,0.000000000000000000e+00,1.306797102853564374e-01,0.000000000000000000e+00,3.177797379901588226e-02,0.000000000000000000e+00,0.000000000000000000e+00,7.226810412251799542e-02,1.247317351826636167e-01,0.000000000000000000e+00,2.364534431066527276e-01,0.000000000000000000e+00,0.000000000000000000e+00,0.000000000000000000e+00,0.000000000000000000e+00,0.000000000000000000e+00,1.610738115868055875e-01,0.000000000000000000e+00,0.000000000000000000e+00,1.930068132869559305e-01,8.979308651446550604e-02,0.000000000000000000e+00,0.000000000000000000e+00,0.000000000000000000e+00,1.296923710930491525e-01,1.479608294930050971e-01,0.000000000000000000e+00,0.000000000000000000e+00,6.453381350457387811e-02,2.271563911465607766e-01,1.554538027719686022e-01,0.000000000000000000e+00,2.271563911465607766e-01,1.511170404129238976e-01,0.000000000000000000e+00,2.693419662406453322e-02,7.591028380081060734e-02,9.935424841465329004e-02,1.663678844347293850e-01,2.311694857341253448e-02,0.000000000000000000e+00,8.650974801370367451e-02,1.320057421914361262e-01,7.444326572781156948e-02,0.000000000000000000e+00
7.522768766780624228e-03,1.543789412486086185e-02,0.000000000000000000e+00,1.470888023674035150e-01,0.000000000000000000e+00,9.700014661273727301e-02,4.323057287915348379e-01,2.015110352369195099e-02,0.000000000000000000e+00,7.414366633678391716e-02,0.000000000000000000e+00,1.822688012033402694e-01,1.315491824281353819e-02,3.865325126697403274e-02,0.000000000000000000e+00,1.648632582786657141e-01,0.000000000000000000e+00,0.000000000000000000e+00,1.409524655916519764e-01,1.581161466483960998e-01,0.000000000000000000e+00,0.000000000000000000e+00,2.160800092291183805e-01,0.000000000000000000e+00,0.000000000000000000e+00,1.456554213248003049e-01,4.954780801435311466e-02,0.000000000000000000e+00,7.789600666297298408e-03,0.000000000000000000e+00,1.409524655916519764e-01,0.000000000000000000e+00,0.000000000000000000e+00,4.173259316668020968e-01,0.000000000000000000e+00,0.000000000000000000e+00,0.000000000000000000e+00,9.531416584669180625e-02,2.291791859349102609e-02,0.000000000000000000e+00,0.000000000000000000e+00,1.381912982633873577e-01,1.210365994145082558e-01,0.000000000000000000e+00,0.000000000000000000e+00,0.000000000000000000e+00,0.000000000000000000e+00,1.195140544250691411e-01,8.145277623610139295e-02,2.011357362957454376e-01,4.809467420321208997e-02,1.893473965776008155e-02,0.000000000000000000e+00,7.374131990314702900e-02,5.932309864612055755e-03,3.147127777733002563e-02,0.000000000000000000e+00,5.632539974471525296e-02,0.000000000000000000e+00,0.000000000000000000e+00,0.000000000000000000e+00,3.619198551308815126e-02,0.000000000000000000e+00,0.000000000000000000e+00,0.000000000000000000e+00,0.000000000000000000e+00,0.000000000000000000e+00,0.000000000000000000e+00,0.000000000000000000e+00,0.000000000000000000e+00,0.000000000000000000e+00,0.000000000000000000e+00,3.661966602507069068e-02,1.068274632852181938e-01,5.700137905811633598e-02,0.000000000000000000e+00,0.000000000000000000e+00,0.000000000000000000e+00,1.078960133535739052e-01,0.000000000000000000e+00,3.842975656086465575e-02,0.000000000000000000e+00,0.000000000000000000e+00,1.219769036016973146e-02,0.000000000000000000e+00,6.528135095280546141e-02,0.000000000000000000e+00,1.055244121146005215e-01,0.000000000000000000e+00,0.000000000000000000e+00,0.000000000000000000e+00,1.165811969283271216e-01,0.000000000000000000e+00,5.640928777027636593e-02,2.044326724380734171e-03,2.526100408621913262e-02,0.000000000000000000e+00,3.612264593190761541e-02,0.000000000000000000e+00,0.000000000000000000e+00,1.128790240366804309e-01,0.000000000000000000e+00,0.000000000000000000e+00,3.518580085178922567e-02,0.000000000000000000e+00,2.202272787852172994e-02,3.895511313061708614e-02,0.000000000000000000e+00,2.307758634452170519e-03,0.000000000000000000e+00,7.121522952501467552e-02,0.000000000000000000e+00,9.425135312922186537e-02,1.436389826495544364e-01,1.728188010932967811e-01,0.000000000000000000e+00,0.000000000000000000e+00,1.471963471303369686e-01,1.531485217226742634e-02,2.567754272737284849e-01,0.000000000000000000e+00,0.000000000000000000e+00,6.226385892360113139e-02,0.000000000000000000e+00,0.000000000000000000e+00,0.000000000000000000e+00,0.000000000000000000e+00,1.202521676727770217e-01,8.661584485621930118e-02,0.000000000000000000e+00,0.000000000000000000e+00,0.000000000000000000e+00,3.581768786520740655e-02,2.460333185075075368e-02,1.786112770615678746e-01,1.192658468504160379e-02,3.581768786520740655e-02,1.786112770615678746e-01,3.915286062144800183e-02,6.443659526660824866e-02,4.497373648852599076e-03,7.224729647426963997e-02,0.000000000000000000e+00,7.407653382936328634e-03,0.000000000000000000e+00,2.175458778145316144e-02,0.000000000000000000e+00,0.000000000000000000e+00,0.000000000000000000e+00,1.146571696766682247e-01
0.000000000000000000e+00,0.000000000000000000e+00,1.133031051519919341e-01,0.000000000000000000e+00,2.366271880238584591e-01,1.517057255308410790e-01,0.000000000000000000e+00,0.000000000000000000e+00,1.535575121068842586e-01,5.600874923628455099e-02,1.415198369311655435e-01,3.769664766235516495e-01,0.000000000000000000e+00,2.666067735669677002e-02,1.434151401560664063e-02,0.000000000000000000e+00,1.153945308896049821e-01,0.000000000000000000e+00,1.056435276546743851e-02,0.000000000000000000e+00,0.000000000000000000e+00,2.630440087603914262e-02,0.000000000000000000e+00,0.000000000000000000e+00,1.231140301251434088e-01,7.062384219366260596e-02,0.000000000000000000e+00,8.456123374256077629e-02,2.396284947923569761e-02,0.000000000000000000e+00,1.056435276546743851e-02,0.000000000000000000e+00,3.458482867551650186e-02,0.000000000000000000e+00,0.000000000000000000e+00,2.731207322797743475e-01,0.000000000000000000e+00,9.950134654036356385e-02,0.000000000000000000e+00,0.000000000000000000e+00,0.000000000000000000e+00,0.000000000000000000e+00,0.000000000000000000e+00,2.383849665760388176e-02,0.000000000000000000e+00,1.700761003400292140e-02,1.044794442099006571e-01,6.397983506262677755e-02,2.544470679748683795e-01,0.000000000000000000e+00,1.884277507680428079e-02,1.562862649800398906e-01,0.000000000000000000e+00,3.274830489842128767e-02,0.000000000000000000e+00,2.534310510574979552e-02,4.289020003146307158e-02,0.000000000000000000e+00,1.300143845813437130e-02,1.743282146300955890e-02,0.000000000000000000e+00,6.069497143658407479e-02,0.000000000000000000e+00,0.000000000000000000e+00,0.000000000000000000e+00,8.342740116722116572e-02,2.286766526563455831e-02,0.000000000000000000e+00,4.436580567115771395e-02,0.000000000000000000e+00,5.424267040293806463e-02,1.152959457926205633e-01,0.000000000000000000e+00,0.000000000000000000e+00,0.000000000000000000e+00,6.169356933088355338e-02,0.000000000000000000e+00,4.745522570715052235e-02,0.000000000000000000e+00,5.654740957245373012e-02,2.587244077488573546e-02,5.331599700594195218e-02,4.500293404374702821e-02,1.912039099321274638e-01,8.799825093237138851e-02,0.000000000000000000e+00,7.702449161842922498e-02,0.000000000000000000e+00,0.000000000000000000e+00,5.034551100648916588e-02,0.000000000000000000e+00,0.000000000000000000e+00,0.000000000000000000e+00,5.901019377038926525e-03,4.187614350430948762e-02,1.639718449685641927e-02,5.215792029139900560e-02,1.139987619523566767e-02,6.593537537728738629e-02,1.109072637321970728e-01,5.266442642343741043e-02,0.000000000000000000e+00,2.050149033891679462e-02,2.596594309064215872e-03,0.000000000000000000e+00,5.618428068662119357e-03,2.956249878483230634e-02,0.000000000000000000e+00,0.000000000000000000e+00,3.635354966766861373e-02,4.812246170596723438e-03,1.220390796604629846e-02,0.000000000000000000e+00,0.000000000000000000e+00,1.619980184733624262e-01,5.887758843498641648e-02,6.929131204359864626e-02,0.000000000000000000e+00,1.229973797094254806e-01,0.000000000000000000e+00,1.007773883014536354e-01,0.000000000000000000e+00,0.000000000000000000e+00,0.000000000000000000e+00,3.481492257432224069e-02,0.000000000000000000e+00,0.000000000000000000e+00,0.000000000000000000e+00,8.933305985925472231e-03,0.000000000000000000e+00,0.000000000000000000e+00,6.703199065910125931e-02,0.000000000000000000e+00,1.306281462641861180e-01,0.000000000000000000e+00,0.000000000000000000e+00,0.000000000000000000e+00,0.000000000000000000e+00,0.000000000000000000e+00,0.000000000000000000e+00,4.404300112183598404e-02,2.319707238237501273e-02,1.051919020380780168e-01,0.000000000000000000e+00,6.385988834671796344e-02,0.000000000000000000e+00,1.588620552372742301e-02,0.000000000000000000e+00,1.181725332660047978e-01,3.390967771865018021e-02
0.000000000000000000e+00,6.197686297033209168e-01,0.000000000000000000e+00,1.721648452053611833e-01,0.000000000000000000e+00,4.304479520845414520e-01,9.495857422237802270e-02,5.726405577700847127e-01,0.000000000000000000e+00,7.381724977349077288e-02,3.733783071517843277e-01,1.191718427990090395e-01,0.000000000000000000e+00,3.029034080238587889e-01,2.065300204326703248e-01,1.595882606125266223e-01,0.000000000000000000e+00,0.000000000000000000e+00,5.184495984608108315e-02,1.318669696718148820e-01,0.000000000000000000e+00,0.000000000000000000e+00,1.171403977575753430e-01,0.000000000000000000e+00,0.000000000000000000e+00,0.000000000000000000e+00,0.000000000000000000e+00,0.000000000000000000e+00,0.000000000000000000e+00,0.000000000000000000e+00,5.184495984608108315e-02,3.517873460142646735e-02,0.000000000000000000e+00,0.000000000000000000e+00,0.000000000000000000e+00,0.000000000000000000e+00,1.102868662847390768e-01,0.000000000000000000e+00,5.305030964494910073e-01,1.381912982633873577e-01,0.000000000000000000e+00,0.000000000000000000e+00,1.372175016325011265e-01,4.179774677668312566e-01,5.326281291242334071e-01,0.000000000000000000e+00,0.000000000000000000e+00,2.652318054104801925e-02,2.128117509759954729e-01,0.000000000000000000e+00,6.551081095817953837e-02,7.311845995617366305e-03,0.000000000000000000e+00,0.000000000000000000e+00,0.000000000000000000e+00,1.863186144961941348e-01,0.000000000000000000e+00,0.000000000000000000e+00,9.954136756656635499e-02,0.000000000000000000e+00,6.973376734612901640e-02,2.039445035423434749e-01,0.000000000000000000e+00,1.038734351108663578e-01,0.000000000000000000e+00,5.181506743199488368e-02,0.000000000000000000e+00,3.800063823089116360e-02,0.000000000000000000e+00,0.000000000000000000e+00,1.538717835220384522e-01,1.279779025694353090e-01,5.594842983782449819e-02,6.258304082194911244e-02,1.468240253610515050e-02,5.171128103331661466e-03,4.255010328982942319e-02,0.000000000000000000e+00,0.000000000000000000e+00,0.000000000000000000e+00,0.000000000000000000e+00,0.000000000000000000e+00,1.910527977891935542e-02,0.000000000000000000e+00,1.158641039333584699e-01,4.022151506318307618e-02,1.723720103258933878e-01,0.000000000000000000e+00,1.652186067560845462e-01,6.436609950264787772e-02,0.000000000000000000e+00,2.249366501016097364e-01,1.728242874212833069e-01,0.000000000000000000e+00,0.000000000000000000e+00,1.053319830721521078e-01,3.591599387874692961e-02,8.987281934209839784e-02,0.000000000000000000e+00,0.000000000000000000e+00,0.000000000000000000e+00,3.690579557901980251e-02,3.359593236779764847e-02,0.000000000000000000e+00,0.000000000000000000e+00,1.271268796541015766e-01,0.000000000000000000e+00,5.188884363616207140e-02,0.000000000000000000e+00,0.000000000000000000e+00,0.000000000000000000e+00,3.576127900405780269e-02,2.531867696258175982e-01,2.274477318340832888e-01,1.842227091798752103e-01,0.000000000000000000e+00,4.951395316440041633e-03,0.000000000000000000e+00,0.000000000000000000e+00,1.152833974833978314e-01,0.000000000000000000e+00,0.000000000000000000e+00,0.000000000000000000e+00,0.000000000000000000e+00,1.360541006255107099e-01,1.171925449770076094e-02,0.000000000000000000e+00,1.249769333130319737e-01,7.781258182706368709e-02,1.673470055619371427e-02,1.231518587638772422e-01,0.000000000000000000e+00,4.337811304807982771e-02,6.699432967486873558e-02,2.030200209663364230e-01,7.197104743149387862e-02,4.337811304807982771e-02,2.030200209663364230e-01,1.446226199834541315e-01,0.000000000000000000e+00,0.000000000000000000e+00,1.084898185152153305e-01,1.057449218785342093e-01,1.316192999411314180e-01,0.000000000000000000e+00,0.000000000000000000e+00,1.252721025258424735e-02,9.216348774644395059e-02,0.000000000000000000e+00,0.000000000000000000e+00
0.000000000000000000e+00,9.430355715305047126e-02,0.000000000000000000e+00,2.319031329299328648e-02,0.000000000000000000e+00,2.247903613148062862e-01,3.617322874016086764e-01,0.000000000000000000e+00,0.000000000000000000e+00,0.000000000000000000e+00,2.166272831813152444e-01,8.145576259324202595e-02,5.576152359857530216e-01,1.227072018290213118e-01,0.000000000000000000e+00,9.268435223212219409e-02,0.000000000000000000e+00,0.000000000000000000e+00,1.321917405339094742e-01,0.000000000000000000e+00,1.167480807459253256e-01,9.706813962099663726e-03,2.301112011060298806e-02,2.261089184335618452e-01,0.000000000000000000e+00,1.188963830570182179e-01,0.000000000000000000e+00,0.000000000000000000e+00,4.070808406900764537e-02,0.000000000000000000e+00,1.321917405339094742e-01,9.779669102259108682e-02,1.941593055360258399e-03,3.615225036896641680e-02,0.000000000000000000e+00,0.000000000000000000e+00,0.000000000000000000e+00,0.000000000000000000e+00,7.210454010466159358e-02,1.210365994145082558e-01,0.000000000000000000e+00,1.372175016325011265e-01,0.000000000000000000e+00,1.330513296949029090e-01,0.000000000000000000e+00,0.000000000000000000e+00,0.000000000000000000e+00,3.932657028184875780e-02,2.306269346523791564e-01,8.344998048059754092e-02,5.800156978977925523e-03,4.185162555689687230e-02,0.000000000000000000e+00,0.000000000000000000e+00,2.130774597155505046e-01,1.039903919805983401e-01,6.321757116635783047e-02,0.000000000000000000e+00,1.350414189252232416e-02,0.000000000000000000e+00,7.745179098974772081e-02,1.254439984914253736e-01,6.120213888068317884e-03,1.004703952094207903e-01,3.403736225628723605e-02,0.000000000000000000e+00,0.000000000000000000e+00,0.000000000000000000e+00,0.000000000000000000e+00,0.000000000000000000e+00,8.929721870477497214e-02,9.723862894070130214e-02,1.106114680853477472e-01,6.852925891760235089e-02,2.647303410658295025e-02,0.000000000000000000e+00,0.000000000000000000e+00,1.262710201226311946e-01,7.902015909213666589e-02,7.459861371661624663e-02,0.000000000000000000e+00,0.000000000000000000e+00,0.000000000000000000e+00,0.000000000000000000e+00,4.392385765836095968e-02,0.000000000000000000e+00,0.000000000000000000e+00,4.144027246169784684e-02,0.000000000000000000e+00,2.338836792553617566e-02,0.000000000000000000e+00,1.113263804148175856e-01,1.127358342782605882e-01,7.905268842267815232e-02,0.000000000000000000e+00,5.273005061228228096e-02,0.000000000000000000e+00,0.000000000000000000e+00,3.957765222098572067e-02,0.000000000000000000e+00,0.000000000000000000e+00,5.490950569721739227e-02,1.548081063760356479e-01,2.848815116997173089e-02,0.000000000000000000e+00,0.000000000000000000e+00,0.000000000000000000e+00,0.000000000000000000e+00,0.000000000000000000e+00,0.000000000000000000e+00,7.989922060368920276e-02,0.000000000000000000e+00,1.374680772200714551e-01,2.633676122877875309e-02,0.000000000000000000e+00,1.117011547473874267e-01,0.000000000000000000e+00,0.000000000000000000e+00,0.000000000000000000e+00,0.000000000000000000e+00,0.000000000000000000e+00,0.000000000000000000e+00,0.000000000000000000e+00,2.327271129247928672e-01,3.243326295217899974e-02,0.000000000000000000e+00,0.000000000000000000e+00,1.094438167184754451e-01,0.000000000000000000e+00,1.411072322296008305e-02,1.038004588510315074e-01,0.000000000000000000e+00,0.000000000000000000e+00,5.919815441703447402e-03,1.531681592740184450e-01,9.891775411918982130e-02,0.000000000000000000e+00,1.531681592740184450e-01,1.350441673847579405e-01,0.000000000000000000e+00,0.000000000000000000e+00,6.817190333597661356e-02,0.000000000000000000e+00,1.596559848097638401e-01,0.000000000000000000e+00,0.000000000000000000e+00,1.253389524494453455e-01,0.000000000000000000e+00,0.000000000000000000e+00,0.000000000000000000e+00
0.000000000000000000e+00,3.484245390585030688e-01,0.000000000000000000e+00,0.000000000000000000e+00,9.136611694751328727e-02,1.976758687874844156e-01,6.359856883580160269e-02,5.158461719771312293e-01,0.000000000000000000e+00,7.245838713187532920e-02,2.469733096768689240e-01,3.733023036981029941e-02,0.000000000000000000e+00,2.449748071331309396e-01,1.828976788899460693e-01,1.136025123923317670e-01,0.000000000000000000e+00,8.034603156137361257e-02,1.603319875379798642e-01,0.000000000000000000e+00,0.000000000000000000e+00,0.000000000000000000e+00,0.000000000000000000e+00,0.000000000000000000e+00,0.000000000000000000e+00,0.000000000000000000e+00,0.000000000000000000e+00,0.000000000000000000e+00,0.000000000000000000e+00,8.034603156137361257e-02,1.603319875379798642e-01,8.687569303666933807e-02,2.202588803814249652e-02,0.000000000000000000e+00,0.000000000000000000e+00,0.000000000000000000e+00,0.000000000000000000e+00,0.000000000000000000e+00,0.000000000000000000e+00,0.000000000000000000e+00,2.383849665760388176e-02,4.179774677668312566e-01,1.330513296949029090e-01,0.000000000000000000e+00,3.744363038229382989e-01,1.213151314645751488e-01,7.945103714297253091e-04,0.000000000000000000e+00,1.815486750353752232e-01,0.000000000000000000e+00,0.000000000000000000e+00,4.583770982170239094e-02,0.000000000000000000e+00,0.000000000000000000e+00,0.000000000000000000e+00,1.271049708706101233e-01,0.000000000000000000e+00,0.000000000000000000e+00,0.000000000000000000e+00,0.000000000000000000e+00,7.894376365930325101e-02,1.211014307581762262e-01,0.000000000000000000e+00,0.000000000000000000e+00,0.000000000000000000e+00,1.092586469238209235e-01,0.000000000000000000e+00,1.229714020756381143e-02,0.000000000000000000e+00,3.003481687927101601e-02,6.638216195084686855e-02,9.617959410995483016e-02,1.279726899021611242e-01,0.000000000000000000e+00,1.134835408926031242e-01,1.930039928668808025e-01,0.000000000000000000e+00,0.000000000000000000e+00,0.000000000000000000e+00,1.910767337465880955e-02,0.000000000000000000e+00,5.154726126415244691e-02,6.622640466831994366e-02,7.207009520113744072e-02,9.683150953247240955e-02,8.419925598562587321e-02,1.160883891952678160e-01,0.000000000000000000e+00,7.228718261090666397e-02,5.797504222084698400e-02,0.000000000000000000e+00,5.264928980061755331e-02,1.114732451069471164e-01,0.000000000000000000e+00,0.000000000000000000e+00,0.000000000000000000e+00,9.643225887729603429e-02,0.000000000000000000e+00,0.000000000000000000e+00,1.434255138075056502e-02,7.545800124561359568e-02,2.435598913801409471e-02,0.000000000000000000e+00,1.044178847268724952e-01,0.000000000000000000e+00,6.076703793447721380e-02,1.192811676329560110e-02,0.000000000000000000e+00,0.000000000000000000e+00,3.768501635820751400e-02,4.387460639488775099e-02,2.884640685550089387e-02,4.625680919950468650e-02,0.000000000000000000e+00,1.066471147548886528e-01,0.000000000000000000e+00,2.518581052716808294e-02,0.000000000000000000e+00,5.214473422632315280e-02,1.466355524151663481e-01,0.000000000000000000e+00,0.000000000000000000e+00,1.583149416777497043e-01,1.230423225905307172e-01,6.283786907855339054e-02,0.000000000000000000e+00,9.786107711876679272e-02,1.247295914650627807e-01,1.746265506374090060e-01,1.324233382346663435e-01,1.205815946023396645e-01,0.000000000000000000e+00,0.000000000000000000e+00,1.472300303092968221e-01,2.800057664202482838e-02,1.232447247925825828e-01,0.000000000000000000e+00,2.800057664202482838e-02,1.050250214685633787e-01,0.000000000000000000e+00,0.000000000000000000e+00,8.435682611684486298e-02,0.000000000000000000e+00,9.340075794972618750e-02,0.000000000000000000e+00,0.000000000000000000e+00,1.181440868791280296e-01,0.000000000000000000e+00,0.000000000000000000e+00,3.031815599339308942e-02
0.000000000000000000e+00,5.102525749284310130e-01,4.917634980898717700e-02,0.000000000000000000e+00,7.109270427037950313e-02,4.016667013686591181e-01,1.085805467321527829e-01,4.079500107422153743e-01,9.768380939049969847e-02,0.000000000000000000e+00,4.206477870390863960e-01,4.207478889855367776e-02,0.000000000000000000e+00,1.230292564101078401e-01,2.322088122297391866e-01,9.694977711376909224e-02,0.000000000000000000e+00,2.621771861915205282e-01,9.365196303078365814e-02,1.952667310399355260e-01,0.000000000000000000e+00,0.000000000000000000e+00,0.000000000000000000e+00,0.000000000000000000e+00,0.000000000000000000e+00,0.000000000000000000e+00,0.000000000000000000e+00,0.000000000000000000e+00,0.000000000000000000e+00,2.621771861915205282e-01,9.365196303078365814e-02,2.258393721044468783e-01,0.000000000000000000e+00,7.033045843189647539e-02,1.256973976800404014e-01,0.000000000000000000e+00,2.380484396314862527e-01,0.000000000000000000e+00,4.021581974398917847e-01,0.000000000000000000e+00,0.000000000000000000e+00,5.326281291242334071e-01,0.000000000000000000e+00,3.744363038229382989e-01,0.000000000000000000e+00,1.043052445432092745e-01,9.721420107937647770e-02,0.000000000000000000e+00,1.644791856595771984e-01,1.136884469567625566e-01,2.677368251760911533e-02,1.941365220869165423e-02,9.582162212558135994e-02,0.000000000000000000e+00,0.000000000000000000e+00,6.925818769386801743e-02,0.000000000000000000e+00,4.332468362963763642e-02,6.283598775667970007e-04,0.000000000000000000e+00,0.000000000000000000e+00,2.438746560415813031e-02,0.000000000000000000e+00,5.699422687292745454e-02,0.000000000000000000e+00,1.241846375883241538e-01,0.000000000000000000e+00,0.000000000000000000e+00,0.000000000000000000e+00,2.570135473624356529e-02,0.000000000000000000e+00,5.808707593531740876e-02,9.153928129347363440e-02,0.000000000000000000e+00,4.301349678933936993e-02,9.758776099891137285e-03,0.000000000000000000e+00,0.000000000000000000e+00,3.692409532992190629e-02,0.000000000000000000e+00,0.000000000000000000e+00,0.000000000000000000e+00,1.430857449865856612e-01,0.000000000000000000e+00,7.315269745112176758e-02,0.000000000000000000e+00,1.715618051181219128e-01,0.000000000000000000e+00,0.000000000000000000e+00,6.421114473331859807e-02,0.000000000000000000e+00,2.236046783976802232e-01,5.407510630430575893e-02,0.000000000000000000e+00,0.000000000000000000e+00,0.000000000000000000e+00,4.787777772046068747e-02,9.755264231374394246e-02,0.000000000000000000e+00,0.000000000000000000e+00,1.032716317731957878e-01,7.631342734511457893e-02,0.000000000000000000e+00,0.000000000000000000e+00,0.000000000000000000e+00,1.045922901001771765e-01,0.000000000000000000e+00,0.000000000000000000e+00,0.000000000000000000e+00,1.160632666202134899e-01,4.695315406476802123e-02,0.000000000000000000e+00,0.000000000000000000e+00,2.176112140796399030e-01,0.000000000000000000e+00,0.000000000000000000e+00,0.000000000000000000e+00,0.000000000000000000e+00,9.939976916231485493e-02,3.450162381077698237e-01,0.000000000000000000e+00,2.143532714688867191e-01,8.990749316845450534e-02,0.000000000000000000e+00,3.175038184063942032e-02,0.000000000000000000e+00,0.000000000000000000e+00,6.782796884502262369e-02,1.289680286040307267e-01,1.283366531361472274e-01,0.000000000000000000e+00,0.000000000000000000e+00,0.000000000000000000e+00,1.521144870173925523e-01,7.570487404091727490e-02,7.749508082790976249e-02,0.000000000000000000e+00,7.570487404091727490e-02,1.073296668294161371e-01,0.000000000000000000e+00,0.000000000000000000e+00,6.295714286341100308e-02,0.000000000000000000e+00,1.067786776141954053e-01,1.244157157539869940e-01,0.000000000000000000e+00,2.222252966692048887e-02,9.184366208430247425e-02,6.445252053893224531e-02,0.000000000000000000e+00
0.000000000000000000e+00,5.412332034357027893e-02,3.398732301209803075e-01,0.000000000000000000e+00,8.232420391018191452e-02,8.758413124283551121e-02,0.000000000000000000e+00,0.000000000000000000e+00,2.908005091855306312e-01,4.168329326730489670e-02,2.931784003674162697e-01,0.000000000000000000e+00,0.000000000000000000e+00,0.000000000000000000e+00,3.014198624686789119e-01,0.000000000000000000e+00,5.530742204214980084e-01,0.000000000000000000e+00,0.000000000000000000e+00,2.435362904692688416e-02,0.000000000000000000e+00,1.097965861472415955e-01,0.000000000000000000e+00,0.000000000000000000e+00,1.351824322300415777e-02,7.644025000365733957e-02,5.496736395123967556e-02,1.032796682840377844e-01,7.663768219499656788e-03,0.000000000000000000e+00,0.000000000000000000e+00,2.014927341039949305e-01,0.000000000000000000e+00,0.000000000000000000e+00,1.497541547223556480e-01,2.173753027389780379e-01,8.958418259120000393e-02,0.000000000000000000e+00,1.238193150128372687e-03,0.000000000000000000e+00,1.700761003400292140e-02,0.000000000000000000e+00,0.000000000000000000e+00,1.213151314645751488e-01,1.043052445432092745e-01,0.000000000000000000e+00,5.402642189938773321e-01,1.187579907093131576e-02,1.447690299970956669e-02,0.000000000000000000e+00,0.000000000000000000e+00,7.321065700166842771e-02,1.216082920849751170e-01,0.000000000000000000e+00,0.000000000000000000e+00,0.000000000000000000e+00,0.000000000000000000e+00,1.809515926808835662e-02,1.763805025647145475e-01,1.872672409601072729e-01,3.110868927939408612e-03,1.932428304721109033e-02,1.170323515819375881e-01,6.522989590306399466e-02,0.000000000000000000e+00,9.483733380187275852e-02,3.538581044918989726e-02,0.000000000000000000e+00,1.352247018447645943e-01,2.004797100385400377e-01,0.000000000000000000e+00,9.284628451849502584e-02,3.286471685794584152e-02,0.000000000000000000e+00,9.483668908169616552e-02,1.768137151056766165e-01,1.810502302718839523e-02,1.767786456742385659e-01,0.000000000000000000e+00,1.478050980806253079e-01,1.997214641149321762e-02,1.436034253927589988e-01,0.000000000000000000e+00,0.000000000000000000e+00,1.002231808467903967e-01,0.000000000000000000e+00,0.000000000000000000e+00,0.000000000000000000e+00,3.600996964615648527e-02,8.433662229962562984e-02,4.320240293126553777e-02,0.000000000000000000e+00,4.948248406026580642e-02,8.838381131083333786e-02,0.000000000000000000e+00,0.000000000000000000e+00,3.994330695411211617e-04,5.652276201452337279e-02,0.000000000000000000e+00,1.999214485327129864e-01,4.121699342772009583e-02,0.000000000000000000e+00,2.389390500058872213e-01,0.000000000000000000e+00,0.000000000000000000e+00,0.000000000000000000e+00,0.000000000000000000e+00,0.000000000000000000e+00,0.000000000000000000e+00,1.424414205969068425e-01,0.000000000000000000e+00,5.974317040571483495e-03,2.682236546716290637e-02,0.000000000000000000e+00,0.000000000000000000e+00,0.000000000000000000e+00,0.000000000000000000e+00,0.000000000000000000e+00,0.000000000000000000e+00,1.572659025245939923e-02,1.366600527490337003e-01,1.943962915405095804e-01,1.863196590328583535e-02,9.160913256313404918e-02,2.289136233477101212e-01,0.000000000000000000e+00,0.000000000000000000e+00,8.635124500959798222e-02,0.000000000000000000e+00,7.185652604599156168e-02,7.738007685639147759e-02,8.761646698635081054e-02,0.000000000000000000e+00,2.379457282842551563e-02,0.000000000000000000e+00,0.000000000000000000e+00,0.000000000000000000e+00,0.000000000000000000e+00,0.000000000000000000e+00,0.000000000000000000e+00,0.000000000000000000e+00,0.000000000000000000e+00,4.537559325275121458e-02,0.000000000000000000e+00,2.245322741150678203e-01,0.000000000000000000e+00,0.000000000000000000e+00,5.167080664707251331e-02,4.482622544871335893e-03,0.000000000000000000e+00
0.000000000000000000e+00,1.124089370921380407e-02,7.318932305938530281e-01,0.000000000000000000e+00,2.417713716866705109e-01,0.000000000000000000e+00,0.000000000000000000e+00,0.000000000000000000e+00,6.429515856160767928e-01,1.090952004660082353e-01,1.029858743556162359e-01,0.000000000000000000e+00,0.000000000000000000e+00,0.000000000000000000e+00,2.921257396723115907e-01,0.000000000000000000e+00,6.472866405239261489e-01,8.974815482887413265e-02,0.000000000000000000e+00,5.544101455756158398e-02,0.000000000000000000e+00,8.634482286947384178e-02,0.000000000000000000e+00,0.000000000000000000e+00,2.048351209238245263e-01,0.000000000000000000e+00,2.537165011764476175e-01,0.000000000000000000e+00,0.000000000000000000e+00,8.974815482887413265e-02,0.000000000000000000e+00,1.162018806544922594e-01,0.000000000000000000e+00,0.000000000000000000e+00,3.193258238896413137e-01,2.797931737223552373e-01,3.460587068540549316e-02,4.119116795388523544e-02,0.000000000000000000e+00,0.000000000000000000e+00,1.044794442099006571e-01,0.000000000000000000e+00,0.000000000000000000e+00,7.945103714297253091e-04,9.721420107937647770e-02,5.402642189938773321e-01,0.000000000000000000e+00,2.684711585069619183e-02,0.000000000000000000e+00,0.000000000000000000e+00,0.000000000000000000e+00,1.511305100786413877e-02,1.413981225150882370e-01,1.091248340550080281e-03,0.000000000000000000e+00,0.000000000000000000e+00,0.000000000000000000e+00,1.835075352404479665e-01,1.113953247190453133e-01,2.137782595228192029e-01,0.000000000000000000e+00,0.000000000000000000e+00,3.123700239827327529e-02,6.141784602716214569e-02,0.000000000000000000e+00,1.533022954418514772e-01,0.000000000000000000e+00,1.208148809659770860e-02,1.556763275230788057e-01,8.718197608460387382e-02,0.000000000000000000e+00,0.000000000000000000e+00,0.000000000000000000e+00,0.000000000000000000e+00,8.028027676561366732e-02,8.644457802939314872e-02,2.336520693567392323e-02,7.693543954668555229e-02,0.000000000000000000e+00,1.015996104736523881e-01,3.059992141467880039e-02,8.888384783780980958e-02,0.000000000000000000e+00,0.000000000000000000e+00,2.605911168361624286e-02,0.000000000000000000e+00,0.000000000000000000e+00,0.000000000000000000e+00,0.000000000000000000e+00,1.405629205091575573e-01,2.871390841602599470e-02,0.000000000000000000e+00,3.306365069057585343e-02,8.680586647805405009e-02,0.000000000000000000e+00,6.394273296424084208e-02,0.000000000000000000e+00,1.723193433249413375e-02,0.000000000000000000e+00,2.066066906353938859e-01,4.591143650726044884e-03,0.000000000000000000e+00,1.810608268520882136e-01,0.000000000000000000e+00,0.000000000000000000e+00,0.000000000000000000e+00,0.000000000000000000e+00,0.000000000000000000e+00,1.309919842263939163e-02,1.083869724538497059e-01,2.272313599829613867e-02,1.985246485008781980e-02,0.000000000000000000e+00,0.000000000000000000e+00,0.000000000000000000e+00,0.000000000000000000e+00,0.000000000000000000e+00,2.097979566406298901e-01,1.890386977713218175e-01,1.920976282906316501e-01,2.474766469205300634e-01,1.250960253210224027e-01,8.178811965862392563e-02,0.000000000000000000e+00,2.121195695193335284e-01,2.686339054945805632e-02,0.000000000000000000e+00,1.046058654737297700e-01,2.702036630467393591e-02,0.000000000000000000e+00,0.000000000000000000e+00,8.025082881431411241e-02,0.000000000000000000e+00,5.521917535653533826e-02,0.000000000000000000e+00,0.000000000000000000e+00,0.000000000000000000e+00,0.000000000000000000e+00,0.000000000000000000e+00,0.000000000000000000e+00,0.000000000000000000e+00,0.000000000000000000e+00,5.758058601377851957e-03,0.000000000000000000e+00,1.720850050081126903e-01,3.948301298915896096e-02,0.000000000000000000e+00,7.367316207838153774e-02,0.000000000000000000e+00,0.000000000000000000e+00
0.000000000000000000e+00,0.000000000000000000e+00,0.000000000000000000e+00,6.976521337978452975e-02,0.000000000000000000e+00,1.643835149849952881e-01,9.732451155876842286e-03,0.000000000000000000e+00,0.000000000000000000e+00,0.000000000000000000e+00,1.390280410846727599e-01,1.234215535336543046e-01,2.220435597429615965e-02,2.119493342576985739e-01,0.000000000000000000e+00,0.000000000000000000e+00,5.289606320477540508e-02,0.000000000000000000e+00,0.000000000000000000e+00,3.893397387757439876e-02,0.000000000000000000e+00,0.000000000000000000e+00,0.000000000000000000e+00,1.502324673878386863e-01,7.659723805908849603e-02,1.888673961040542026e-02,2.241389199304045510e-01,8.816003913668270242e-02,1.496462434145932607e-01,0.000000000000000000e+00,0.000000000000000000e+00,1.094608122138405505e-02,0.000000000000000000e+00,1.304469181032762680e-02,0.000000000000000000e+00,0.000000000000000000e+00,0.000000000000000000e+00,1.211356864407319156e-01,4.091256817150369651e-02,1.195140544250691411e-01,6.397983506262677755e-02,2.652318054104801925e-02,3.932657028184875780e-02,0.000000000000000000e+00,0.000000000000000000e+00,1.187579907093131576e-02,2.684711585069619183e-02,0.000000000000000000e+00,1.005514864096637359e-02,8.614970516651002802e-03,6.405593074507651141e-02,2.069591209656707065e-01,4.536961371799969750e-02,9.231928050897873772e-02,0.000000000000000000e+00,6.649129516839144549e-02,5.990811278309767646e-02,7.552839711198544581e-02,2.950482565525995582e-02,0.000000000000000000e+00,0.000000000000000000e+00,8.073769811267790530e-02,8.721478764081636026e-02,0.000000000000000000e+00,0.000000000000000000e+00,0.000000000000000000e+00,5.823460859390038047e-02,0.000000000000000000e+00,1.263294705135035167e-01,1.657362959796086777e-02,1.207514914201319178e-01,0.000000000000000000e+00,0.000000000000000000e+00,2.692629705922180983e-02,0.000000000000000000e+00,0.000000000000000000e+00,3.579035432724184118e-02,7.937849097139285104e-02,4.284080445587797048e-02,0.000000000000000000e+00,1.050303931156592874e-01,0.000000000000000000e+00,0.000000000000000000e+00,0.000000000000000000e+00,9.111141995434567792e-03,0.000000000000000000e+00,4.304094263689275945e-02,0.000000000000000000e+00,1.447995719067249887e-01,6.488175371158177995e-02,0.000000000000000000e+00,7.398427608967469982e-02,1.403417975494747338e-01,0.000000000000000000e+00,0.000000000000000000e+00,0.000000000000000000e+00,0.000000000000000000e+00,0.000000000000000000e+00,6.525718874775984779e-02,0.000000000000000000e+00,5.941923906873966543e-02,6.081712881434945400e-02,1.701655788513993239e-01,0.000000000000000000e+00,0.000000000000000000e+00,0.000000000000000000e+00,0.000000000000000000e+00,0.000000000000000000e+00,1.273920379950663762e-01,0.000000000000000000e+00,0.000000000000000000e+00,4.547199653970197819e-02,0.000000000000000000e+00,1.967414887691144171e-02,1.013621937765431941e-01,1.037253454567260702e-01,0.000000000000000000e+00,1.095490369991830026e-01,0.000000000000000000e+00,6.444996288771745463e-02,0.000000000000000000e+00,0.000000000000000000e+00,1.736593808906175540e-02,0.000000000000000000e+00,2.607486882070017206e-02,1.082503313668092410e-01,0.000000000000000000e+00,1.302981860784238333e-01,0.000000000000000000e+00,0.000000000000000000e+00,3.262234606918891500e-02,0.000000000000000000e+00,0.000000000000000000e+00,0.000000000000000000e+00,7.236216842983404784e-02,0.000000000000000000e+00,0.000000000000000000e+00,7.236216842983404784e-02,0.000000000000000000e+00,4.590656164611879586e-02,0.000000000000000000e+00,0.000000000000000000e+00,2.063112022575218710e-02,0.000000000000000000e+00,0.000000000000000000e+00,3.353035985901128835e-03,0.000000000000000000e+00,2.529157531066273945e-01,0.000000000000000000e+00,0.000000000000000000e+00
0.000000000000000000e+00,1.222103062498439974e-01,0.000000000000000000e+00,3.583639208699520434e-02,1.745750862093864986e-01,7.238099007605314217e-01,1.123374382365368296e-01,6.402474593528280356e-03,0.000000000000000000e+00,2.163561857825682389e-01,6.201118803793279621e-01,7.303398398622025223e-01,0.000000000000000000e+00,7.942991695329134488e-03,0.000000000000000000e+00,0.000000000000000000e+00,0.000000000000000000e+00,0.000000000000000000e+00,2.024110253076790156e-01,2.180405646365077971e-02,0.000000000000000000e+00,0.000000000000000000e+00,0.000000000000000000e+00,2.088007532137344802e-01,9.287190580448465016e-02,2.536557760740248968e-01,0.000000000000000000e+00,0.000000000000000000e+00,8.051147316052049974e-02,0.000000000000000000e+00,2.024110253076790156e-01,0.000000000000000000e+00,6.110297778947851310e-03,0.000000000000000000e+00,0.000000000000000000e+00,0.000000000000000000e+00,0.000000000000000000e+00,0.000000000000000000e+00,1.260563705409273316e-01,8.145277623610139295e-02,2.544470679748683795e-01,2.128117509759954729e-01,2.306269346523791564e-01,1.815486750353752232e-01,1.644791856595771984e-01,1.447690299970956669e-02,0.000000000000000000e+00,1.005514864096637359e-02,0.000000000000000000e+00,0.000000000000000000e+00,0.000000000000000000e+00,1.584519013791485520e-01,0.000000000000000000e+00,2.431070086495121241e-02,1.876623360477169822e-01,2.320576034944681343e-01,6.234872413077451048e-02,0.000000000000000000e+00,2.041635261717474753e-02,1.266577173196896944e-01,0.000000000000000000e+00,1.009951830447020915e-01,3.727140191228638100e-02,9.376524719916827511e-02,0.000000000000000000e+00,1.175115316771929014e-02,2.151427269313590379e-02,2.578869087062669874e-02,0.000000000000000000e+00,0.000000000000000000e+00,2.263828405714116421e-01,2.247931532741376248e-01,3.965189188546631299e-02,0.000000000000000000e+00,0.000000000000000000e+00,9.760270129424929164e-02,0.000000000000000000e+00,0.000000000000000000e+00,0.000000000000000000e+00,0.000000000000000000e+00,2.118355948649834619e-02,4.464084289977959807e-02,1.500482189811269962e-01,3.246148213286752932e-02,0.000000000000000000e+00,0.000000000000000000e+00,1.483518387470211253e-01,0.000000000000000000e+00,1.295182151838756845e-01,1.188222295829071962e-01,0.000000000000000000e+00,6.189661093959190896e-02,0.000000000000000000e+00,2.091104610618907400e-02,0.000000000000000000e+00,1.108816365456572056e-01,6.373869573211878026e-02,0.000000000000000000e+00,1.759546358556630663e-01,1.216975660507055301e-01,3.215080292786808014e-02,0.000000000000000000e+00,0.000000000000000000e+00,2.183419021178011066e-02,4.097661983751468839e-02,6.282711518338418566e-02,1.092663073894662717e-01,0.000000000000000000e+00,0.000000000000000000e+00,7.040837495966863202e-02,0.000000000000000000e+00,0.000000000000000000e+00,1.051906612305797406e-01,6.946529509468526986e-02,4.406017585787230795e-02,1.391169972649543840e-01,0.000000000000000000e+00,0.000000000000000000e+00,0.000000000000000000e+00,3.882614321763210724e-02,0.000000000000000000e+00,0.000000000000000000e+00,0.000000000000000000e+00,0.000000000000000000e+00,1.870138411112501065e-01,0.000000000000000000e+00,0.000000000000000000e+00,1.508089891184270781e-01,0.000000000000000000e+00,0.000000000000000000e+00,0.000000000000000000e+00,7.018158438822166834e-02,0.000000000000000000e+00,1.757661774911406516e-01,1.982399508247220665e-01,8.885758702379757332e-03,0.000000000000000000e+00,1.982399508247220665e-01,7.066033075295979904e-02,0.000000000000000000e+00,0.000000000000000000e+00,6.916913441597968837e-02,0.000000000000000000e+00,3.710970341259610394e-02,1.992452299544489602e-01,0.000000000000000000e+00,6.092039702933962388e-03,0.000000000000000000e+00,1.160749742110930571e-01,0.000000000000000000e+00
0.000000000000000000e+00,0.000000000000000000e+00,0.000000000000000000e+00,0.000000000000000000e+00,8.055026339901655286e-03,0.000000000000000000e+00,2.495524068755677893e-01,1.683771099141318506e-01,0.000000000000000000e+00,0.000000000000000000e+00,0.000000000000000000e+00,0.000000000000000000e+00,1.446035011949734495e-01,8.512986245051354373e-02,0.000000000000000000e+00,1.234787938754555031e-01,0.000000000000000000e+00,2.576917303201609055e-01,0.000000000000000000e+00,0.000000000000000000e+00,0.000000000000000000e+00,0.000000000000000000e+00,1.032996977792711157e-01,0.000000000000000000e+00,0.000000000000000000e+00,0.000000000000000000e+00,4.561608640731963649e-02,0.000000000000000000e+00,0.000000000000000000e+00,2.576917303201609055e-01,0.000000000000000000e+00,1.747877453492397426e-01,0.000000000000000000e+00,5.042418479272405829e-01,0.000000000000000000e+00,0.000000000000000000e+00,0.000000000000000000e+00,1.156604054543333704e-01,0.000000000000000000e+00,2.011357362957454376e-01,0.000000000000000000e+00,0.000000000000000000e+00,8.344998048059754092e-02,0.000000000000000000e+00,1.136884469567625566e-01,0.000000000000000000e+00,0.000000000000000000e+00,8.614970516651002802e-03,0.000000000000000000e+00,0.000000000000000000e+00,3.029543560595978485e-02,3.171946215999203733e-02,0.000000000000000000e+00,2.593227805535262484e-02,0.000000000000000000e+00,0.000000000000000000e+00,1.090857640962921149e-01,3.901543581249580089e-02,0.000000000000000000e+00,0.000000000000000000e+00,2.279120713911130247e-01,7.354620228396471782e-02,0.000000000000000000e+00,0.000000000000000000e+00,2.879023460673467705e-01,1.014479667832530602e-01,0.000000000000000000e+00,1.558165532046535545e-03,0.000000000000000000e+00,0.000000000000000000e+00,0.000000000000000000e+00,0.000000000000000000e+00,8.678312186505952874e-02,5.819775105901723276e-03,0.000000000000000000e+00,0.000000000000000000e+00,1.530218397325819601e-01,0.000000000000000000e+00,1.796494107728334733e-01,0.000000000000000000e+00,2.423738365089124838e-02,0.000000000000000000e+00,5.333892723652633450e-02,1.500763120145080093e-02,1.514021022276218140e-03,1.341107734879287139e-01,2.306970756719452578e-02,1.607533215145706962e-01,0.000000000000000000e+00,0.000000000000000000e+00,4.753886259193662589e-02,0.000000000000000000e+00,1.896564887663577600e-02,0.000000000000000000e+00,0.000000000000000000e+00,0.000000000000000000e+00,2.222329751603853432e-02,0.000000000000000000e+00,0.000000000000000000e+00,0.000000000000000000e+00,9.320214643840495083e-03,0.000000000000000000e+00,0.000000000000000000e+00,1.364345657812433554e-01,2.000088218079833224e-01,0.000000000000000000e+00,4.518917313008603831e-02,0.000000000000000000e+00,1.092107600328710293e-01,0.000000000000000000e+00,0.000000000000000000e+00,1.135095251798532295e-01,0.000000000000000000e+00,1.115530825982377350e-01,0.000000000000000000e+00,0.000000000000000000e+00,1.492744627603135033e-01,5.047954689209743773e-02,2.626101013201115331e-01,0.000000000000000000e+00,0.000000000000000000e+00,0.000000000000000000e+00,1.047803904706269829e-01,1.306216999277453883e-01,0.000000000000000000e+00,5.791757230978859805e-02,5.134516464970062533e-02,0.000000000000000000e+00,1.773569975357352016e-02,0.000000000000000000e+00,0.000000000000000000e+00,0.000000000000000000e+00,1.466836520590940607e-01,0.000000000000000000e+00,9.153188987597268844e-02,0.000000000000000000e+00,1.466836520590940607e-01,9.153188987597268844e-02,0.000000000000000000e+00,0.000000000000000000e+00,1.240391255555803873e-01,6.891806757239964110e-02,0.000000000000000000e+00,0.000000000000000000e+00,0.000000000000000000e+00,0.000000000000000000e+00,0.000000000000000000e+00,1.979937744295845181e-01,0.000000000000000000e+00,5.558099744292185895e-02
7.241742966033259954e-02,0.000000000000000000e+00,0.000000000000000000e+00,0.000000000000000000e+00,0.000000000000000000e+00,0.000000000000000000e+00,1.227762546517686126e-01,4.774865165293089297e-02,0.000000000000000000e+00,0.000000000000000000e+00,0.000000000000000000e+00,0.000000000000000000e+00,0.000000000000000000e+00,5.705868353291593253e-02,0.000000000000000000e+00,7.776803074265942195e-02,0.000000000000000000e+00,2.689074893837471725e-02,1.833920391907892800e-01,0.000000000000000000e+00,0.000000000000000000e+00,1.100110494672697503e-01,4.720209299986954932e-02,0.000000000000000000e+00,0.000000000000000000e+00,0.000000000000000000e+00,0.000000000000000000e+00,1.156701226036483399e-01,0.000000000000000000e+00,2.689074893837471725e-02,1.833920391907892800e-01,8.095944500556964685e-03,0.000000000000000000e+00,1.144782423293999943e-02,0.000000000000000000e+00,8.761859241877245630e-02,0.000000000000000000e+00,1.834845823473435500e-02,9.091282249491000611e-02,4.809467420321208997e-02,1.884277507680428079e-02,6.551081095817953837e-02,5.800156978977925523e-03,0.000000000000000000e+00,2.677368251760911533e-02,0.000000000000000000e+00,0.000000000000000000e+00,6.405593074507651141e-02,0.000000000000000000e+00,3.029543560595978485e-02,0.000000000000000000e+00,7.477180613117076491e-02,0.000000000000000000e+00,0.000000000000000000e+00,0.000000000000000000e+00,6.770193205830537381e-03,0.000000000000000000e+00,0.000000000000000000e+00,0.000000000000000000e+00,0.000000000000000000e+00,1.042989112943734364e-01,1.045599897177362271e-02,0.000000000000000000e+00,8.932910635474863859e-02,1.590090151962635923e-01,6.600657672590942715e-02,7.558831524443337946e-02,0.000000000000000000e+00,5.459224182399756431e-02,0.000000000000000000e+00,0.000000000000000000e+00,0.000000000000000000e+00,8.407309388197081734e-02,0.000000000000000000e+00,0.000000000000000000e+00,0.000000000000000000e+00,0.000000000000000000e+00,0.000000000000000000e+00,1.424544764941250083e-02,0.000000000000000000e+00,1.333718171469694055e-02,0.000000000000000000e+00,1.423657772946574085e-01,1.985941571725329813e-01,9.599503725646589547e-02,0.000000000000000000e+00,2.169318836551215740e-02,0.000000000000000000e+00,0.000000000000000000e+00,0.000000000000000000e+00,0.000000000000000000e+00,1.627499245518009841e-01,0.000000000000000000e+00,1.828416334097973314e-02,1.086274212583597243e-01,0.000000000000000000e+00,7.623757337209478846e-02,8.434689743987131005e-02,0.000000000000000000e+00,0.000000000000000000e+00,0.000000000000000000e+00,1.377214354950687669e-01,0.000000000000000000e+00,0.000000000000000000e+00,0.000000000000000000e+00,0.000000000000000000e+00,1.315267881051656804e-02,0.000000000000000000e+00,1.437229852408959396e-01,0.000000000000000000e+00,4.997735819434989679e-02,0.000000000000000000e+00,0.000000000000000000e+00,2.103058389623928270e-01,1.387217931423487260e-01,1.140439141796652581e-02,3.339916421416634640e-02,0.000000000000000000e+00,0.000000000000000000e+00,0.000000000000000000e+00,0.000000000000000000e+00,0.000000000000000000e+00,7.054843579218697536e-02,2.153208871652716183e-02,2.605775174388872198e-02,1.193028687261756260e-01,0.000000000000000000e+00,0.000000000000000000e+00,9.251669198087192347e-02,2.137567341867055437e-02,0.000000000000000000e+00,0.000000000000000000e+00,7.482745385809784142e-03,1.844423999786365953e-01,6.017710197873127331e-02,8.587967985925036574e-02,7.482745385809784142e-03,6.017710197873127331e-02,1.571732845039745807e-02,0.000000000000000000e+00,0.000000000000000000e+00,3.031636531997068673e-02,2.917252113026386207e-01,6.078145192530638730e-02,4.465168709956703931e-03,0.000000000000000000e+00,3.824420421279969839e-02,7.940422564517010673e-02,9.372792638604146576e-03,0.000000000000000000e+00
0.000000000000000000e+00,2.623592106892436854e-02,0.000000000000000000e+00,1.072073175335115126e-03,7.244428486415896429e-02,1.397617625607377456e-01,5.278441195159351562e-02,8.336178159064069892e-02,0.000000000000000000e+00,3.581129335549120690e-02,1.084639356202950489e-01,7.923283204693404302e-02,0.000000000000000000e+00,7.525845225607580985e-03,0.000000000000000000e+00,0.000000000000000000e+00,0.000000000000000000e+00,1.881170733457496885e-02,0.000000000000000000e+00,0.000000000000000000e+00,0.000000000000000000e+00,5.466576367729398915e-03,0.000000000000000000e+00,0.000000000000000000e+00,2.730848844358969851e-02,0.000000000000000000e+00,1.016351692980093091e-01,0.000000000000000000e+00,9.924606326407531265e-02,1.881170733457496885e-02,0.000000000000000000e+00,2.147847756380334011e-02,0.000000000000000000e+00,0.000000000000000000e+00,0.000000000000000000e+00,0.000000000000000000e+00,0.000000000000000000e+00,1.140137116489763069e-01,0.000000000000000000e+00,1.893473965776008155e-02,1.562862649800398906e-01,7.311845995617366305e-03,4.185162555689687230e-02,4.583770982170239094e-02,1.941365220869165423e-02,7.321065700166842771e-02,1.511305100786413877e-02,2.069591209656707065e-01,1.584519013791485520e-01,3.171946215999203733e-02,7.477180613117076491e-02,0.000000000000000000e+00,0.000000000000000000e+00,0.000000000000000000e+00,0.000000000000000000e+00,0.000000000000000000e+00,4.337936833741079523e-02,0.000000000000000000e+00,0.000000000000000000e+00,0.000000000000000000e+00,0.000000000000000000e+00,0.000000000000000000e+00,1.141831572465357852e-01,0.000000000000000000e+00,0.000000000000000000e+00,9.773584266043164326e-02,5.041524299419483657e-02,0.000000000000000000e+00,4.489694573633414704e-02,6.526878578151526500e-02,3.305943520854701112e-02,0.000000000000000000e+00,6.714650789476304948e-02,0.000000000000000000e+00,1.737003654100102712e-01,4.089777806647799940e-02,2.627385592911808676e-02,0.000000000000000000e+00,5.239277250755544624e-02,0.000000000000000000e+00,0.000000000000000000e+00,0.000000000000000000e+00,4.387738855639705671e-02,8.721589093965458062e-02,0.000000000000000000e+00,0.000000000000000000e+00,4.276227636291060619e-02,1.710565731818925184e-01,0.000000000000000000e+00,1.170441187262812460e-01,0.000000000000000000e+00,7.001346501759794783e-02,7.339768048288423941e-02,0.000000000000000000e+00,0.000000000000000000e+00,0.000000000000000000e+00,3.651690197652227021e-02,5.155566004921703638e-02,3.082987988198917367e-02,0.000000000000000000e+00,2.116758878189015786e-02,1.120980372631997235e-01,5.014469249370215320e-02,0.000000000000000000e+00,0.000000000000000000e+00,0.000000000000000000e+00,2.569955414443025193e-02,0.000000000000000000e+00,7.725293808741787172e-02,9.785945109093524552e-02,8.699996962903400188e-02,8.581715758069893840e-02,8.376971009890632480e-02,7.023414829853888691e-05,8.247988540969600213e-02,1.211915087621075471e-01,0.000000000000000000e+00,2.321337888789956963e-02,0.000000000000000000e+00,8.543424675247461575e-02,0.000000000000000000e+00,0.000000000000000000e+00,0.000000000000000000e+00,0.000000000000000000e+00,4.363348416868972901e-02,0.000000000000000000e+00,0.000000000000000000e+00,1.672391438698950794e-01,1.815397809176745592e-02,0.000000000000000000e+00,0.000000000000000000e+00,0.000000000000000000e+00,0.000000000000000000e+00,4.576485280516566501e-02,0.000000000000000000e+00,0.000000000000000000e+00,0.000000000000000000e+00,0.000000000000000000e+00,0.000000000000000000e+00,0.000000000000000000e+00,0.000000000000000000e+00,3.179224863647080526e-03,6.128708567302225407e-02,0.000000000000000000e+00,9.014839795795348554e-02,0.000000000000000000e+00,0.000000000000000000e+00,6.541777620297162255e-02,3.046640964313227125e-03,4.633453331746063136e-02
0.000000000000000000e+00,3.998534982367259183e-02,1.239429504030236939e-01,9.583548185980277079e-02,4.383954431584477160e-03,2.605214846167584579e-03,2.037025037280734002e-02,0.000000000000000000e+00,2.457290942947941426e-01,0.000000000000000000e+00,0.000000000000000000e+00,0.000000000000000000e+00,3.277000773404609851e-02,7.642710062953237717e-03,0.000000000000000000e+00,0.000000000000000000e+00,1.546890982345487109e-01,0.000000000000000000e+00,8.430085344620685817e-02,2.825534273009255512e-02,1.412421914761655128e-01,3.963443967920554558e-04,0.000000000000000000e+00,0.000000000000000000e+00,4.240468413167625128e-02,0.000000000000000000e+00,1.848030044074218947e-01,3.300263676474794738e-02,9.810628484986427811e-02,0.000000000000000000e+00,8.430085344620685817e-02,6.028641543927271140e-02,9.325768856930746753e-03,0.000000000000000000e+00,1.597043085444935506e-01,0.000000000000000000e+00,1.139319036339969671e-01,0.000000000000000000e+00,4.842025053378304356e-02,0.000000000000000000e+00,0.000000000000000000e+00,0.000000000000000000e+00,0.000000000000000000e+00,0.000000000000000000e+00,9.582162212558135994e-02,1.216082920849751170e-01,1.413981225150882370e-01,4.536961371799969750e-02,0.000000000000000000e+00,0.000000000000000000e+00,0.000000000000000000e+00,0.000000000000000000e+00,0.000000000000000000e+00,0.000000000000000000e+00,1.427902735489203212e-01,3.583405748039182603e-02,1.109366436495877323e-01,4.501005331295758471e-02,0.000000000000000000e+00,3.225453670451818022e-02,0.000000000000000000e+00,0.000000000000000000e+00,5.280192599748686350e-02,0.000000000000000000e+00,0.000000000000000000e+00,0.000000000000000000e+00,5.455619729720485520e-03,0.000000000000000000e+00,9.656663421328248731e-02,1.022665728466846807e-01,0.000000000000000000e+00,0.000000000000000000e+00,2.619662237172989266e-02,7.080012422283632478e-02,8.128056953655535266e-02,1.606374097379801441e-02,0.000000000000000000e+00,0.000000000000000000e+00,4.110437059027492041e-02,2.116552142151479493e-02,6.621958222405699424e-02,4.125061284209555201e-02,0.000000000000000000e+00,0.000000000000000000e+00,0.000000000000000000e+00,1.324463381173569820e-01,0.000000000000000000e+00,1.679465685332735131e-02,1.701917528747681763e-02,1.452097974976727934e-02,1.827055247784701297e-01,8.390910553783215153e-02,4.574607018780015716e-02,0.000000000000000000e+00,0.000000000000000000e+00,0.000000000000000000e+00,0.000000000000000000e+00,5.836054663667175624e-02,0.000000000000000000e+00,4.563663648327110495e-02,0.000000000000000000e+00,1.105214446686761387e-01,4.657866931410094280e-02,0.000000000000000000e+00,6.750223208448163925e-02,0.000000000000000000e+00,0.000000000000000000e+00,2.709078863407021840e-03,8.773999039046562198e-02,4.333161816386262716e-02,1.068224595275772959e-01,0.000000000000000000e+00,0.000000000000000000e+00,0.000000000000000000e+00,0.000000000000000000e+00,4.595845879719168831e-02,0.000000000000000000e+00,9.935319518264290606e-02,0.000000000000000000e+00,1.562461977381214284e-01,9.777944604583784297e-03,2.461892422604199382e-01,7.964909262739136575e-02,0.000000000000000000e+00,1.522580855322528404e-01,5.631697103136334981e-02,0.000000000000000000e+00,0.000000000000000000e+00,8.811010526137146026e-02,8.632106860531235659e-02,0.000000000000000000e+00,4.852423481264671323e-02,1.331783908539886999e-02,1.176818137225831007e-02,0.000000000000000000e+00,7.922577961068509589e-02,1.331783908539886999e-02,0.000000000000000000e+00,9.878531612227497982e-02,0.000000000000000000e+00,4.841416386450140413e-02,0.000000000000000000e+00,0.000000000000000000e+00,1.446196925884041251e-01,0.000000000000000000e+00,0.000000000000000000e+00,9.649895896816929053e-02,1.656702996852940091e-01,4.320203168027340196e-02,3.899959570734340582e-03
8.977747203028765832e-02,3.869090736546148407e-02,2.737562506196582895e-02,1.321443325444200678e-01,5.146215705519656403e-02,9.469610609293752437e-03,0.000000000000000000e+00,0.000000000000000000e+00,5.984349113838131201e-02,3.776270836428623212e-02,0.000000000000000000e+00,3.279923573281995353e-02,0.000000000000000000e+00,5.969846049416196315e-02,0.000000000000000000e+00,4.765404771630352143e-02,0.000000000000000000e+00,7.718056442387123683e-02,1.269841183172516763e-02,1.556954911993114754e-01,6.920712052904405553e-03,1.303689339987050277e-01,0.000000000000000000e+00,3.805670732477103857e-02,1.725560916486217344e-01,5.140880633293311297e-02,0.000000000000000000e+00,4.645751170394815666e-02,1.611786090835098939e-01,7.718056442387123683e-02,1.269841183172516763e-02,0.000000000000000000e+00,9.178626893472946469e-02,1.465209769888932978e-01,2.785596716357019789e-02,5.413279222829932291e-02,0.000000000000000000e+00,9.898895729070357474e-02,1.419361720790724389e-02,7.374131990314702900e-02,3.274830489842128767e-02,0.000000000000000000e+00,0.000000000000000000e+00,0.000000000000000000e+00,0.000000000000000000e+00,0.000000000000000000e+00,1.091248340550080281e-03,9.231928050897873772e-02,2.431070086495121241e-02,2.593227805535262484e-02,0.000000000000000000e+00,0.000000000000000000e+00,0.000000000000000000e+00,0.000000000000000000e+00,0.000000000000000000e+00,0.000000000000000000e+00,4.334238946305523504e-02,7.171664357055790306e-02,4.467220959561490901e-02,5.345218260754586864e-02,0.000000000000000000e+00,0.000000000000000000e+00,2.087912563900139878e-02,0.000000000000000000e+00,5.392193810464869508e-02,3.912706543928336916e-02,7.813707706461755012e-03,7.616865114534647485e-02,0.000000000000000000e+00,0.000000000000000000e+00,3.568351611110569949e-02,0.000000000000000000e+00,0.000000000000000000e+00,1.516712449425726139e-01,0.000000000000000000e+00,1.327737419847050404e-01,1.486038241612470390e-01,1.419625836671976893e-01,1.494726961278707023e-01,0.000000000000000000e+00,9.201905211860467171e-02,4.389478838108699932e-02,0.000000000000000000e+00,1.244644959073735457e-01,0.000000000000000000e+00,3.604342731519531544e-03,0.000000000000000000e+00,0.000000000000000000e+00,7.194876976782789424e-02,0.000000000000000000e+00,8.252970921058558340e-02,0.000000000000000000e+00,0.000000000000000000e+00,0.000000000000000000e+00,1.385371097059295842e-01,0.000000000000000000e+00,8.081477161101338624e-02,0.000000000000000000e+00,0.000000000000000000e+00,1.223008738720456207e-01,3.235614195583227937e-02,0.000000000000000000e+00,1.471541153656242586e-02,0.000000000000000000e+00,2.632586395468772614e-02,0.000000000000000000e+00,4.761824321324958920e-02,3.904078889211330672e-02,0.000000000000000000e+00,0.000000000000000000e+00,0.000000000000000000e+00,0.000000000000000000e+00,0.000000000000000000e+00,0.000000000000000000e+00,0.000000000000000000e+00,9.586664319802710998e-02,8.277050102330815035e-05,1.378487473416589726e-01,0.000000000000000000e+00,0.000000000000000000e+00,0.000000000000000000e+00,8.966811852186548637e-02,0.000000000000000000e+00,0.000000000000000000e+00,0.000000000000000000e+00,6.358122960097016552e-02,5.040802195269547537e-02,1.581907550550301633e-02,1.019711577435624406e-01,1.436361748208802094e-02,0.000000000000000000e+00,0.000000000000000000e+00,7.776130494167098756e-03,0.000000000000000000e+00,0.000000000000000000e+00,1.674288617227643466e-02,7.776130494167098756e-03,0.000000000000000000e+00,0.000000000000000000e+00,0.000000000000000000e+00,0.000000000000000000e+00,0.000000000000000000e+00,1.351542818992681472e-01,0.000000000000000000e+00,5.783583048402492210e-02,0.000000000000000000e+00,0.000000000000000000e+00,0.000000000000000000e+00,0.000000000000000000e+00,1.577974578673365103e-01
1.847980285766626096e-02,1.141231334176417457e-02,0.000000000000000000e+00,0.000000000000000000e+00,1.418989024195588602e-02,1.627112995914023474e-01,6.650681893551381452e-02,0.000000000000000000e+00,0.000000000000000000e+00,1.167496397796312646e-01,3.775341166960938244e-02,1.718801983216545759e-01,1.699869680052282228e-01,0.000000000000000000e+00,0.000000000000000000e+00,0.000000000000000000e+00,0.000000000000000000e+00,0.000000000000000000e+00,1.427022272867941588e-01,2.915805418919184544e-02,9.026807759922707286e-02,1.292791253800170126e-01,0.000000000000000000e+00,1.329737579805248260e-01,0.000000000000000000e+00,1.717682721420754344e-01,0.000000000000000000e+00,2.342088162597911680e-02,8.917360748217224853e-02,0.000000000000000000e+00,1.427022272867941588e-01,2.498400641241908457e-02,5.477569901473940822e-02,0.000000000000000000e+00,0.000000000000000000e+00,2.358381942134154044e-02,1.063085352843615335e-02,0.000000000000000000e+00,0.000000000000000000e+00,5.932309864612055755e-03,0.000000000000000000e+00,0.000000000000000000e+00,2.130774597155505046e-01,0.000000000000000000e+00,0.000000000000000000e+00,0.000000000000000000e+00,0.000000000000000000e+00,0.000000000000000000e+00,1.876623360477169822e-01,0.000000000000000000e+00,0.000000000000000000e+00,0.000000000000000000e+00,1.427902735489203212e-01,0.000000000000000000e+00,0.000000000000000000e+00,8.408345126350948162e-02,2.397496100312943718e-02,1.269615763155561294e-03,1.531331693419564211e-01,4.371213353761438380e-02,6.021998607609387738e-02,0.000000000000000000e+00,3.237298967925775206e-02,0.000000000000000000e+00,0.000000000000000000e+00,0.000000000000000000e+00,0.000000000000000000e+00,0.000000000000000000e+00,0.000000000000000000e+00,0.000000000000000000e+00,3.973851653657863719e-02,7.227362181753518855e-02,0.000000000000000000e+00,4.633415703227877769e-02,1.237789183878945237e-01,0.000000000000000000e+00,0.000000000000000000e+00,8.463410241306452975e-02,0.000000000000000000e+00,8.735168504038018367e-02,8.422123220308758151e-02,0.000000000000000000e+00,3.939200511593624054e-02,0.000000000000000000e+00,9.837024863359786209e-02,0.000000000000000000e+00,0.000000000000000000e+00,7.840922392332011492e-02,5.030528853783927667e-02,0.000000000000000000e+00,6.753405279481118628e-02,7.202443874553005054e-02,4.452222487936769585e-03,1.301891751249402707e-01,6.205906033665460793e-03,0.000000000000000000e+00,0.000000000000000000e+00,6.655381375685352763e-02,0.000000000000000000e+00,7.980303120810722239e-02,0.000000000000000000e+00,1.557192142819213265e-04,3.764099186249536978e-03,8.244187295322005782e-02,1.441114210016665176e-01,5.010470458315068043e-02,0.000000000000000000e+00,7.293749963929990754e-02,0.000000000000000000e+00,0.000000000000000000e+00,0.000000000000000000e+00,0.000000000000000000e+00,3.004688321575370996e-02,0.000000000000000000e+00,0.000000000000000000e+00,0.000000000000000000e+00,0.000000000000000000e+00,0.000000000000000000e+00,0.000000000000000000e+00,0.000000000000000000e+00,2.209850606644320203e-02,2.372737538936024043e-02,1.163686724099890768e-01,0.000000000000000000e+00,8.865668045274169295e-02,0.000000000000000000e+00,0.000000000000000000e+00,1.488361626604662313e-01,0.000000000000000000e+00,7.883069246182464185e-02,3.863539166499358173e-03,2.253728158976707474e-02,1.677435603533201647e-01,0.000000000000000000e+00,0.000000000000000000e+00,1.968240544896256439e-01,1.677435603533201647e-01,0.000000000000000000e+00,2.397638941288885439e-01,7.209203334759417547e-02,0.000000000000000000e+00,0.000000000000000000e+00,2.670016657771277085e-02,2.271122316183525058e-01,0.000000000000000000e+00,9.015026166413897535e-02,1.452450441849993668e-01,0.000000000000000000e+00,7.880515489101444504e-02,3.877428322076782730e-02
2.192374737187431297e-02,1.517541474995319217e-01,0.000000000000000000e+00,1.473916706031914714e-01,0.000000000000000000e+00,2.655106564343626685e-01,7.157768589955440519e-02,8.202590451735458643e-02,0.000000000000000000e+00,8.524113603261601613e-02,2.112791272342001980e-01,2.412612324637146144e-01,0.000000000000000000e+00,7.298970159207252006e-02,1.042295131535694308e-01,0.000000000000000000e+00,0.000000000000000000e+00,0.000000000000000000e+00,3.233122395834265445e-02,3.258876692982051043e-02,2.230791360443571542e-02,0.000000000000000000e+00,6.381712705255909723e-02,1.727680608798312090e-01,0.000000000000000000e+00,3.743432546702300801e-02,0.000000000000000000e+00,0.000000000000000000e+00,0.000000000000000000e+00,0.000000000000000000e+00,3.233122395834265445e-02,0.000000000000000000e+00,0.000000000000000000e+00,0.000000000000000000e+00,0.000000000000000000e+00,0.000000000000000000e+00,3.198393987067171818e-02,6.857585459469839329e-02,1.679136738625809366e-01,3.147127777733002563e-02,2.534310510574979552e-02,1.863186144961941348e-01,1.039903919805983401e-01,1.271049708706101233e-01,6.925818769386801743e-02,0.000000000000000000e+00,0.000000000000000000e+00,6.649129516839144549e-02,2.320576034944681343e-01,0.000000000000000000e+00,6.770193205830537381e-03,0.000000000000000000e+00,3.583405748039182603e-02,0.000000000000000000e+00,8.408345126350948162e-02,0.000000000000000000e+00,0.000000000000000000e+00,0.000000000000000000e+00,1.029053148575599375e-01,1.884106620287326339e-02,1.291909348262270107e-01,0.000000000000000000e+00,0.000000000000000000e+00,3.296275283411712054e-02,0.000000000000000000e+00,0.000000000000000000e+00,1.552071019202280744e-01,1.068785629251047843e-02,0.000000000000000000e+00,1.058466408114660667e-01,1.866614727426672005e-01,1.998648611400670738e-01,7.460865537890550361e-03,0.000000000000000000e+00,0.000000000000000000e+00,0.000000000000000000e+00,7.581460219315011573e-02,3.141663178540697599e-02,0.000000000000000000e+00,0.000000000000000000e+00,0.000000000000000000e+00,0.000000000000000000e+00,4.706036564980128900e-02,5.032829612365206928e-02,4.468091506135020430e-02,4.824155147643278269e-02,2.304431959843046898e-02,2.733553448164409774e-02,4.316656594149406723e-02,2.423626088657120370e-01,0.000000000000000000e+00,2.450275054682317377e-02,8.825616430017396707e-02,0.000000000000000000e+00,0.000000000000000000e+00,2.511001147899742658e-02,0.000000000000000000e+00,0.000000000000000000e+00,0.000000000000000000e+00,0.000000000000000000e+00,1.906431186612664308e-02,4.932377712521301971e-02,0.000000000000000000e+00,7.163910296761858039e-03,9.090555029371485962e-02,2.523049852777807800e-01,1.280642745853824982e-01,0.000000000000000000e+00,1.190708341847680762e-02,1.330075153594436135e-02,0.000000000000000000e+00,5.220961380938127228e-02,1.922789789292845414e-02,1.607587349870113341e-02,1.474990634395898781e-01,2.164842400191795135e-02,4.529691612736808093e-02,0.000000000000000000e+00,0.000000000000000000e+00,0.000000000000000000e+00,0.000000000000000000e+00,0.000000000000000000e+00,0.000000000000000000e+00,0.000000000000000000e+00,2.732897921053502321e-03,0.000000000000000000e+00,0.000000000000000000e+00,1.530114840524374187e-02,0.000000000000000000e+00,3.836247851456282831e-02,1.442623826235206463e-01,9.697759737231139441e-04,5.572738269848170889e-02,1.488786283335372454e-02,6.874838397895727260e-02,3.775156717494887459e-02,5.572738269848170889e-02,6.874838397895727260e-02,5.535752463664261880e-02,0.000000000000000000e+00,0.000000000000000000e+00,3.795156010226553855e-02,0.000000000000000000e+00,1.248783755877604235e-01,3.010099051418185789e-02,0.000000000000000000e+00,0.000000000000000000e+00,1.086109545983021500e-02,0.000000000000000000e+00,6.611608195448764880e-02
4.261839244949430089e-02,0.000000000000000000e+00,5.311599452848046743e-02,2.816859143542025518e-02,0.000000000000000000e+00,9.721343563553952460e-02,1.433703359645245590e-02,0.000000000000000000e+00,0.000000000000000000e+00,2.605728269612309078e-02,3.181164655122949159e-02,1.307609684245688020e-01,7.253504738487462356e-02,0.000000000000000000e+00,0.000000000000000000e+00,0.000000000000000000e+00,1.738324299981307275e-02,0.000000000000000000e+00,0.000000000000000000e+00,0.000000000000000000e+00,1.491991160267350843e-03,5.048146930623147871e-03,1.238313022998973056e-01,1.432145162558955687e-01,1.102532582278688000e-01,0.000000000000000000e+00,2.252767936632305568e-01,6.797859912791716364e-02,4.921524078930371304e-02,0.000000000000000000e+00,0.000000000000000000e+00,6.931238571287898220e-02,2.100806714716144108e-01,0.000000000000000000e+00,8.863940783066773590e-03,0.000000000000000000e+00,0.000000000000000000e+00,0.000000000000000000e+00,0.000000000000000000e+00,0.000000000000000000e+00,4.289020003146307158e-02,0.000000000000000000e+00,6.321757116635783047e-02,0.000000000000000000e+00,0.000000000000000000e+00,0.000000000000000000e+00,0.000000000000000000e+00,5.990811278309767646e-02,6.234872413077451048e-02,1.090857640962921149e-01,0.000000000000000000e+00,4.337936833741079523e-02,1.109366436495877323e-01,4.334238946305523504e-02,2.397496100312943718e-02,0.000000000000000000e+00,0.000000000000000000e+00,0.000000000000000000e+00,0.000000000000000000e+00,0.000000000000000000e+00,2.331693374559753659e-02,0.000000000000000000e+00,0.000000000000000000e+00,0.000000000000000000e+00,0.000000000000000000e+00,0.000000000000000000e+00,0.000000000000000000e+00,0.000000000000000000e+00,0.000000000000000000e+00,1.651001377835630557e-01,1.083426546891899656e-01,0.000000000000000000e+00,1.769146846167195530e-01,1.570729372450311301e-01,3.504515084021352089e-02,0.000000000000000000e+00,0.000000000000000000e+00,3.136724982188362348e-02,1.094930835667129732e-01,0.000000000000000000e+00,1.011947615106522924e-01,2.625337746658499422e-02,3.822301997998703293e-02,1.143495176886486220e-01,3.107900350651647894e-02,1.903860306892330920e-02,0.000000000000000000e+00,1.171130198314899729e-01,0.000000000000000000e+00,1.328961155947682160e-01,4.219451134133266057e-03,0.000000000000000000e+00,1.381926925055806943e-02,0.000000000000000000e+00,1.900134490967476941e-02,8.447450075676860015e-02,0.000000000000000000e+00,0.000000000000000000e+00,0.000000000000000000e+00,1.444291817262201016e-01,0.000000000000000000e+00,5.954162359015867205e-03,1.952254676024162139e-01,9.141596883748440150e-02,0.000000000000000000e+00,1.069733306097217784e-01,0.000000000000000000e+00,0.000000000000000000e+00,1.078639169732179548e-01,1.273299224373647953e-01,0.000000000000000000e+00,8.921066907607026059e-03,2.484485658731074714e-02,0.000000000000000000e+00,5.407291079074220963e-03,1.030663186891971062e-01,8.330353613620661291e-02,1.232384482444321971e-01,0.000000000000000000e+00,0.000000000000000000e+00,0.000000000000000000e+00,2.964323397210971017e-02,0.000000000000000000e+00,0.000000000000000000e+00,2.406401333610260276e-02,0.000000000000000000e+00,1.818077780506999197e-02,2.778318060218024077e-02,1.343924879482644684e-02,0.000000000000000000e+00,0.000000000000000000e+00,5.735498714832012318e-02,0.000000000000000000e+00,0.000000000000000000e+00,8.399722859106483960e-03,0.000000000000000000e+00,0.000000000000000000e+00,8.399722859106483960e-03,1.050586979968667622e-01,0.000000000000000000e+00,6.794368613710202731e-02,0.000000000000000000e+00,0.000000000000000000e+00,7.537140950115053806e-02,0.000000000000000000e+00,0.000000000000000000e+00,1.416536024077257039e-01,0.000000000000000000e+00,0.000000000000000000e+00,1.535939241966677860e-01
0.000000000000000000e+00,0.000000000000000000e+00,2.210327706622524369e-01,0.000000000000000000e+00,2.566446829870907761e-02,0.000000000000000000e+00,0.000000000000000000e+00,3.203192427023600353e-02,2.266979622796631011e-01,0.000000000000000000e+00,0.000000000000000000e+00,0.000000000000000000e+00,0.000000000000000000e+00,1.612915278519556073e-01,0.000000000000000000e+00,4.859537812291225833e-02,7.995458596217676350e-02,8.258600206273511435e-02,0.000000000000000000e+00,1.160127670621729223e-01,0.000000000000000000e+00,6.244522111612451666e-03,0.000000000000000000e+00,0.000000000000000000e+00,0.000000000000000000e+00,5.595106262221772805e-03,1.090316489493229346e-01,7.309662483384979370e-02,5.216002233521921383e-02,8.258600206273511435e-02,0.000000000000000000e+00,2.471088820471517740e-03,0.000000000000000000e+00,6.414997813417601391e-02,1.487310305608806615e-01,0.000000000000000000e+00,8.762622238562946253e-02,7.649483268610704489e-02,0.000000000000000000e+00,5.632539974471525296e-02,0.000000000000000000e+00,0.000000000000000000e+00,0.000000000000000000e+00,0.000000000000000000e+00,4.332468362963763642e-02,1.809515926808835662e-02,1.835075352404479665e-01,7.552839711198544581e-02,0.000000000000000000e+00,3.901543581249580089e-02,0.000000000000000000e+00,0.000000000000000000e+00,4.501005331295758471e-02,7.171664357055790306e-02,1.269615763155561294e-03,0.000000000000000000e+00,0.000000000000000000e+00,0.000000000000000000e+00,7.317300001385400321e-02,1.018349818710977545e-01,0.000000000000000000e+00,0.000000000000000000e+00,2.651648074657157739e-02,4.705765061341424943e-02,0.000000000000000000e+00,4.209231760738363359e-02,0.000000000000000000e+00,1.626721880275914800e-01,0.000000000000000000e+00,2.480039158852547290e-02,0.000000000000000000e+00,0.000000000000000000e+00,0.000000000000000000e+00,1.513616859110319957e-01,1.449760049955944874e-02,0.000000000000000000e+00,7.703283162080042101e-02,2.802824699758964949e-02,5.390351506871844667e-02,3.704477104305910207e-02,8.900248195499388393e-02,0.000000000000000000e+00,0.000000000000000000e+00,0.000000000000000000e+00,7.904564817762579909e-02,1.294957449078128209e-02,5.781459480372315440e-02,6.161488486722721536e-02,0.000000000000000000e+00,0.000000000000000000e+00,5.200046258846167252e-02,0.000000000000000000e+00,0.000000000000000000e+00,1.078202598789369665e-01,5.988952653862381417e-03,6.558297443553758044e-02,0.000000000000000000e+00,0.000000000000000000e+00,1.622713723331813823e-02,1.467133451676033151e-01,6.817813470356179351e-02,1.099010977169255915e-01,0.000000000000000000e+00,0.000000000000000000e+00,0.000000000000000000e+00,0.000000000000000000e+00,3.349414174462993742e-03,1.621259492647543488e-01,0.000000000000000000e+00,0.000000000000000000e+00,0.000000000000000000e+00,0.000000000000000000e+00,0.000000000000000000e+00,0.000000000000000000e+00,0.000000000000000000e+00,0.000000000000000000e+00,0.000000000000000000e+00,2.022923207675174084e-01,1.165629829580735050e-01,2.339396036026651360e-01,1.870760167285103193e-01,1.408069923624462594e-01,1.303821700514538051e-01,0.000000000000000000e+00,7.388220524267577471e-02,1.677321018369166278e-02,0.000000000000000000e+00,3.700660038709321920e-02,0.000000000000000000e+00,2.246881963278160588e-02,0.000000000000000000e+00,0.000000000000000000e+00,4.890688646788028671e-02,0.000000000000000000e+00,0.000000000000000000e+00,0.000000000000000000e+00,4.890688646788028671e-02,0.000000000000000000e+00,8.814379832535018666e-02,4.436326229098198903e-02,0.000000000000000000e+00,0.000000000000000000e+00,3.026541320792219478e-02,2.046192268240661777e-02,0.000000000000000000e+00,5.804443569024421434e-02,1.267607044035278657e-02,3.894796145326925862e-02,0.000000000000000000e+00,5.552635260714618853e-02
5.766711193887975179e-02,1.264130488533548591e-01,4.846866430692150368e-02,1.060549322133952643e-01,3.811232246653215028e-02,0.000000000000000000e+00,0.000000000000000000e+00,2.332002422438153588e-02,3.667128992552863218e-03,1.213976483007127294e-01,1.177600110277668977e-01,0.000000000000000000e+00,0.000000000000000000e+00,0.000000000000000000e+00,1.318141923149698455e-02,4.717949425286042248e-02,4.898433507666968834e-02,0.000000000000000000e+00,4.496694691717832704e-02,1.673142200328065973e-02,2.483842578665989426e-02,1.216699889355920272e-01,0.000000000000000000e+00,0.000000000000000000e+00,0.000000000000000000e+00,1.109010038569619855e-01,0.000000000000000000e+00,4.678285935173208399e-02,1.037048596567471254e-02,0.000000000000000000e+00,4.496694691717832704e-02,1.101933025152853074e-01,0.000000000000000000e+00,0.000000000000000000e+00,1.495969824626354194e-01,3.926127833426714536e-02,1.291323295502442292e-01,1.064248432873145592e-02,1.580436225473391340e-02,0.000000000000000000e+00,1.300143845813437130e-02,9.954136756656635499e-02,1.350414189252232416e-02,0.000000000000000000e+00,6.283598775667970007e-04,1.763805025647145475e-01,1.113953247190453133e-01,2.950482565525995582e-02,2.041635261717474753e-02,0.000000000000000000e+00,0.000000000000000000e+00,0.000000000000000000e+00,0.000000000000000000e+00,4.467220959561490901e-02,1.531331693419564211e-01,1.029053148575599375e-01,0.000000000000000000e+00,7.317300001385400321e-02,0.000000000000000000e+00,7.003416670063543348e-02,0.000000000000000000e+00,0.000000000000000000e+00,2.242922272433909292e-01,1.071442307892422618e-01,0.000000000000000000e+00,1.832228616309715744e-02,4.344245690630634329e-03,0.000000000000000000e+00,0.000000000000000000e+00,0.000000000000000000e+00,6.042142076507787951e-02,1.432216954604810175e-02,5.894818393272654479e-03,0.000000000000000000e+00,1.450411356811568964e-01,0.000000000000000000e+00,7.026661449553548051e-03,2.914220760996198978e-01,0.000000000000000000e+00,2.380321850192280153e-01,1.453280609844355142e-01,0.000000000000000000e+00,0.000000000000000000e+00,0.000000000000000000e+00,7.689478665640309130e-02,3.121787401771517617e-02,7.499868237332374399e-02,3.657153655347973598e-02,7.239385494289979350e-02,1.565537643994688657e-02,0.000000000000000000e+00,3.683940343932036454e-02,4.770978765617525652e-02,1.167727763158485504e-01,0.000000000000000000e+00,1.053145657173144567e-01,0.000000000000000000e+00,0.000000000000000000e+00,0.000000000000000000e+00,0.000000000000000000e+00,3.163927096732316313e-02,9.431256457712425961e-03,1.113885575753614798e-01,0.000000000000000000e+00,0.000000000000000000e+00,3.544485091653408471e-02,0.000000000000000000e+00,0.000000000000000000e+00,8.944340404461821950e-03,0.000000000000000000e+00,0.000000000000000000e+00,7.796487428965649669e-02,5.968909770014692306e-02,0.000000000000000000e+00,7.728137783144013728e-02,0.000000000000000000e+00,0.000000000000000000e+00,2.437683671979552769e-02,0.000000000000000000e+00,1.606643514270979928e-02,0.000000000000000000e+00,4.950978254776623386e-03,0.000000000000000000e+00,3.832843140625467188e-02,1.322391410955196522e-01,0.000000000000000000e+00,0.000000000000000000e+00,1.519016177918821597e-01,1.549935409347847140e-02,1.254177041768347878e-01,0.000000000000000000e+00,0.000000000000000000e+00,4.419955869846026175e-02,0.000000000000000000e+00,0.000000000000000000e+00,9.131798728719792146e-02,4.419955869846026175e-02,0.000000000000000000e+00,3.306310679911068917e-02,3.232749027110413953e-02,3.639138072020521586e-04,0.000000000000000000e+00,0.000000000000000000e+00,3.317749121212873464e-02,0.000000000000000000e+00,6.842470092529367998e-02,9.558862756517396905e-03,5.752103674909393727e-02,0.000000000000000000e+00,3.323258041251234141e-02
0.000000000000000000e+00,0.000000000000000000e+00,1.964338128285039176e-01,0.000000000000000000e+00,1.319968612532829155e-01,2.434898294988695200e-02,0.000000000000000000e+00,0.000000000000000000e+00,2.217813827585400355e-01,0.000000000000000000e+00,2.993311053082062939e-02,1.076226651196932893e-01,0.000000000000000000e+00,0.000000000000000000e+00,1.030590411955578239e-01,0.000000000000000000e+00,1.995007293880020627e-01,0.000000000000000000e+00,0.000000000000000000e+00,1.187877793348691979e-02,0.000000000000000000e+00,1.062910364795379980e-01,0.000000000000000000e+00,1.820986566046066124e-01,8.432178221747496649e-02,0.000000000000000000e+00,0.000000000000000000e+00,2.199693585578232219e-02,0.000000000000000000e+00,0.000000000000000000e+00,0.000000000000000000e+00,0.000000000000000000e+00,1.044154796989030520e-01,0.000000000000000000e+00,1.019695935959620686e-01,8.912250036002757059e-02,9.907213310072118806e-02,0.000000000000000000e+00,0.000000000000000000e+00,0.000000000000000000e+00,1.743282146300955890e-02,0.000000000000000000e+00,0.000000000000000000e+00,0.000000000000000000e+00,0.000000000000000000e+00,1.872672409601072729e-01,2.137782595228192029e-01,0.000000000000000000e+00,1.266577173196896944e-01,0.000000000000000000e+00,0.000000000000000000e+00,0.000000000000000000e+00,3.225453670451818022e-02,5.345218260754586864e-02,4.371213353761438380e-02,1.884106620287326339e-02,0.000000000000000000e+00,1.018349818710977545e-01,7.003416670063543348e-02,0.000000000000000000e+00,0.000000000000000000e+00,0.000000000000000000e+00,4.692659332715087839e-02,3.210191386850926865e-01,0.000000000000000000e+00,0.000000000000000000e+00,0.000000000000000000e+00,3.917653156718035184e-02,1.031426879625974291e-01,0.000000000000000000e+00,0.000000000000000000e+00,2.630100504314903942e-01,0.000000000000000000e+00,2.608302931863624302e-02,0.000000000000000000e+00,0.000000000000000000e+00,9.206340317433520104e-02,1.502275664003955846e-01,0.000000000000000000e+00,0.000000000000000000e+00,6.896708142401794528e-02,1.241084136540721167e-01,2.223478795013921275e-02,5.321995174058634370e-02,0.000000000000000000e+00,0.000000000000000000e+00,0.000000000000000000e+00,0.000000000000000000e+00,0.000000000000000000e+00,0.000000000000000000e+00,9.716783967091469944e-04,2.553002721247009388e-02,0.000000000000000000e+00,1.630945276777391942e-02,8.849734341463202925e-02,0.000000000000000000e+00,5.811160114861133041e-02,0.000000000000000000e+00,0.000000000000000000e+00,0.000000000000000000e+00,1.441104529477517035e-02,0.000000000000000000e+00,0.000000000000000000e+00,0.000000000000000000e+00,0.000000000000000000e+00,1.059589407666752248e-01,2.337621502580868038e-02,7.432457461666912291e-02,0.000000000000000000e+00,1.590197709223325259e-03,3.320039392201238476e-02,0.000000000000000000e+00,5.710710838439231156e-03,1.891530238550351989e-02,0.000000000000000000e+00,0.000000000000000000e+00,0.000000000000000000e+00,0.000000000000000000e+00,0.000000000000000000e+00,0.000000000000000000e+00,1.313796059561216367e-01,1.033735473839392516e-01,0.000000000000000000e+00,0.000000000000000000e+00,2.073576935148638833e-01,2.980614801323672181e-02,9.581212515820350384e-02,0.000000000000000000e+00,0.000000000000000000e+00,8.585994878165789657e-02,4.291648789873835079e-03,1.035948810024599764e-01,0.000000000000000000e+00,3.535685773185209824e-02,1.947567215091678544e-02,4.138347989443767749e-02,0.000000000000000000e+00,1.947567215091678544e-02,9.180738389990318604e-02,0.000000000000000000e+00,0.000000000000000000e+00,0.000000000000000000e+00,4.908217056555385510e-02,7.590583065982850486e-02,1.445682738046557003e-01,0.000000000000000000e+00,7.765852710457649480e-03,0.000000000000000000e+00,8.009861233364493072e-02,0.000000000000000000e+00
1.687699209487304036e-02,0.000000000000000000e+00,0.000000000000000000e+00,0.000000000000000000e+00,0.000000000000000000e+00,0.000000000000000000e+00,0.000000000000000000e+00,2.412226197269391470e-01,0.000000000000000000e+00,0.000000000000000000e+00,3.385972689893887444e-02,0.000000000000000000e+00,9.492046839799739288e-02,1.531428581214622220e-01,0.000000000000000000e+00,1.546952497562636974e-01,0.000000000000000000e+00,0.000000000000000000e+00,0.000000000000000000e+00,0.000000000000000000e+00,0.000000000000000000e+00,0.000000000000000000e+00,0.000000000000000000e+00,0.000000000000000000e+00,0.000000000000000000e+00,0.000000000000000000e+00,0.000000000000000000e+00,1.906995780062634149e-01,2.120764091882093236e-02,0.000000000000000000e+00,0.000000000000000000e+00,2.474784795842698004e-02,0.000000000000000000e+00,7.324571048339040269e-02,1.010326861610641447e-02,5.466544623598371122e-02,8.392057814140790883e-02,0.000000000000000000e+00,9.237476251589021858e-02,0.000000000000000000e+00,0.000000000000000000e+00,6.973376734612901640e-02,7.745179098974772081e-02,7.894376365930325101e-02,0.000000000000000000e+00,3.110868927939408612e-03,0.000000000000000000e+00,0.000000000000000000e+00,0.000000000000000000e+00,2.279120713911130247e-01,1.042989112943734364e-01,0.000000000000000000e+00,0.000000000000000000e+00,0.000000000000000000e+00,6.021998607609387738e-02,1.291909348262270107e-01,2.331693374559753659e-02,0.000000000000000000e+00,0.000000000000000000e+00,0.000000000000000000e+00,0.000000000000000000e+00,6.351288659221027144e-02,0.000000000000000000e+00,0.000000000000000000e+00,0.000000000000000000e+00,5.774737709546313297e-02,7.325803117208015691e-02,9.435978443594653098e-02,0.000000000000000000e+00,4.777240611995108716e-02,5.911421629258341998e-02,0.000000000000000000e+00,1.425496086876619842e-02,3.296532958642876820e-02,0.000000000000000000e+00,0.000000000000000000e+00,1.106798494680407419e-01,0.000000000000000000e+00,0.000000000000000000e+00,0.000000000000000000e+00,5.965474931004160174e-03,8.483254494786038324e-02,9.960176037117916825e-02,1.792930749760346942e-01,1.847634452482695422e-01,8.186557049364878713e-02,0.000000000000000000e+00,1.646519273789872617e-01,0.000000000000000000e+00,2.980984938356317018e-02,0.000000000000000000e+00,5.341973324391890987e-02,0.000000000000000000e+00,0.000000000000000000e+00,0.000000000000000000e+00,0.000000000000000000e+00,8.558269393251174972e-02,6.894897516337857024e-02,7.134397851485527187e-02,0.000000000000000000e+00,7.587223954996234754e-02,0.000000000000000000e+00,0.000000000000000000e+00,0.000000000000000000e+00,0.000000000000000000e+00,3.732864922701359389e-02,4.187941282410934107e-02,0.000000000000000000e+00,1.406478182464263316e-01,7.292143254594743440e-02,0.000000000000000000e+00,2.318022222885881417e-02,7.667637926790558944e-03,1.175210920738496978e-01,0.000000000000000000e+00,0.000000000000000000e+00,0.000000000000000000e+00,0.000000000000000000e+00,0.000000000000000000e+00,0.000000000000000000e+00,0.000000000000000000e+00,0.000000000000000000e+00,1.872455801208209453e-02,1.177319086386158509e-01,0.000000000000000000e+00,8.911422556924279703e-03,0.000000000000000000e+00,7.721466461606080189e-02,0.000000000000000000e+00,3.811077695086085432e-03,9.200257790309943062e-02,0.000000000000000000e+00,4.179034989738185379e-02,3.998530820150819620e-02,9.838228001598171846e-02,1.396204424484638260e-02,4.179034989738185379e-02,9.838228001598171846e-02,0.000000000000000000e+00,0.000000000000000000e+00,3.060777136127194598e-01,1.103298017502939848e-01,0.000000000000000000e+00,0.000000000000000000e+00,5.183208295752474506e-03,1.950282113522738142e-02,0.000000000000000000e+00,1.459728417105269349e-01,0.000000000000000000e+00,0.000000000000000000e+00
8.542415517797456725e-02,4.076901976779748193e-02,0.000000000000000000e+00,1.028805980551529276e-01,0.000000000000000000e+00,3.010079680547308664e-02,7.170398513137445085e-02,2.416294069301101466e-01,0.000000000000000000e+00,9.565601563128652007e-02,2.095453266270655424e-01,4.440950534318029164e-02,5.754853647101966507e-02,9.819394162256522840e-02,0.000000000000000000e+00,6.684693071383743246e-02,0.000000000000000000e+00,0.000000000000000000e+00,0.000000000000000000e+00,7.075148829859544131e-02,0.000000000000000000e+00,0.000000000000000000e+00,1.121594757805645937e-01,2.619173810700033134e-02,0.000000000000000000e+00,1.393037286405228170e-01,1.800555446069233151e-02,0.000000000000000000e+00,0.000000000000000000e+00,0.000000000000000000e+00,0.000000000000000000e+00,0.000000000000000000e+00,0.000000000000000000e+00,0.000000000000000000e+00,0.000000000000000000e+00,0.000000000000000000e+00,7.361976825090725020e-03,0.000000000000000000e+00,1.504262424754885530e-01,3.619198551308815126e-02,6.069497143658407479e-02,2.039445035423434749e-01,1.254439984914253736e-01,1.211014307581762262e-01,2.438746560415813031e-02,1.932428304721109033e-02,0.000000000000000000e+00,8.073769811267790530e-02,1.009951830447020915e-01,7.354620228396471782e-02,1.045599897177362271e-02,0.000000000000000000e+00,0.000000000000000000e+00,0.000000000000000000e+00,0.000000000000000000e+00,0.000000000000000000e+00,0.000000000000000000e+00,0.000000000000000000e+00,0.000000000000000000e+00,0.000000000000000000e+00,6.351288659221027144e-02,0.000000000000000000e+00,0.000000000000000000e+00,1.683458989480974000e-01,0.000000000000000000e+00,0.000000000000000000e+00,2.737141020727863749e-02,9.617839910132525150e-02,0.000000000000000000e+00,1.102334406923093785e-02,1.012582147144262257e-01,6.923196372848205993e-02,6.290322949015142440e-02,0.000000000000000000e+00,1.354415697893979545e-02,0.000000000000000000e+00,0.000000000000000000e+00,0.000000000000000000e+00,1.314354385743069509e-01,2.102285296400975556e-02,0.000000000000000000e+00,3.988600923110546467e-03,0.000000000000000000e+00,0.000000000000000000e+00,0.000000000000000000e+00,0.000000000000000000e+00,1.430178698348364696e-01,1.375686558414711616e-02,2.972409273519212997e-02,0.000000000000000000e+00,0.000000000000000000e+00,5.910416642485157024e-02,4.176013982198854141e-02,0.000000000000000000e+00,0.000000000000000000e+00,8.902779880503268461e-02,0.000000000000000000e+00,3.864267454911613636e-02,0.000000000000000000e+00,0.000000000000000000e+00,0.000000000000000000e+00,5.431658192053821776e-02,1.239669825317401830e-01,1.056712011413115382e-01,0.000000000000000000e+00,0.000000000000000000e+00,0.000000000000000000e+00,6.744066222864629478e-02,0.000000000000000000e+00,0.000000000000000000e+00,1.296992290612672058e-02,3.925752203964322923e-02,0.000000000000000000e+00,4.768161184439410893e-02,2.992020618557257594e-02,1.025431727657398762e-01,0.000000000000000000e+00,0.000000000000000000e+00,0.000000000000000000e+00,0.000000000000000000e+00,8.276668320120769695e-02,0.000000000000000000e+00,0.000000000000000000e+00,1.108255903067771331e-01,7.522288770892492094e-02,3.528569742658204961e-03,0.000000000000000000e+00,0.000000000000000000e+00,0.000000000000000000e+00,6.394489730524341442e-02,3.612903341582489325e-02,1.127829227396647122e-01,0.000000000000000000e+00,7.590260997656467223e-02,2.319048668034769112e-01,4.567850552318297730e-02,0.000000000000000000e+00,2.319048668034769112e-01,0.000000000000000000e+00,2.979105694502294770e-03,0.000000000000000000e+00,1.684715576952720145e-02,0.000000000000000000e+00,0.000000000000000000e+00,0.000000000000000000e+00,0.000000000000000000e+00,3.668597003536370853e-03,0.000000000000000000e+00,0.000000000000000000e+00,0.000000000000000000e+00
0.000000000000000000e+00,5.405310425029127147e-02,0.000000000000000000e+00,5.896773424739475133e-02,5.700972468578582517e-04,0.000000000000000000e+00,0.000000000000000000e+00,1.921042498694945644e-02,0.000000000000000000e+00,0.000000000000000000e+00,5.088637213978690343e-02,0.000000000000000000e+00,7.071046953160806114e-02,0.000000000000000000e+00,7.985302632300902981e-02,0.000000000000000000e+00,2.985179675208065112e-02,3.881665255511551615e-02,7.349724826440152958e-02,0.000000000000000000e+00,7.527931203197354981e-02,0.000000000000000000e+00,0.000000000000000000e+00,0.000000000000000000e+00,1.671440797019603242e-01,0.000000000000000000e+00,1.479813474612860780e-02,6.146982589615297005e-02,6.924080858028619501e-02,3.881665255511551615e-02,7.349724826440152958e-02,1.160214341943475169e-01,0.000000000000000000e+00,0.000000000000000000e+00,0.000000000000000000e+00,0.000000000000000000e+00,0.000000000000000000e+00,6.960993432658260649e-02,4.432299466307837443e-02,0.000000000000000000e+00,0.000000000000000000e+00,0.000000000000000000e+00,6.120213888068317884e-03,0.000000000000000000e+00,0.000000000000000000e+00,1.170323515819375881e-01,3.123700239827327529e-02,8.721478764081636026e-02,3.727140191228638100e-02,0.000000000000000000e+00,0.000000000000000000e+00,1.141831572465357852e-01,5.280192599748686350e-02,2.087912563900139878e-02,3.237298967925775206e-02,0.000000000000000000e+00,0.000000000000000000e+00,2.651648074657157739e-02,2.242922272433909292e-01,4.692659332715087839e-02,0.000000000000000000e+00,0.000000000000000000e+00,0.000000000000000000e+00,0.000000000000000000e+00,0.000000000000000000e+00,6.815735549905913016e-02,4.721046977094319613e-02,0.000000000000000000e+00,0.000000000000000000e+00,4.764551486896026478e-02,0.000000000000000000e+00,0.000000000000000000e+00,0.000000000000000000e+00,3.581300654039927533e-02,1.810865783693336659e-02,2.095282114962495057e-01,9.914384737361434108e-02,8.022423422321450781e-02,0.000000000000000000e+00,1.881016310170789962e-01,0.000000000000000000e+00,1.369441525353205236e-01,0.000000000000000000e+00,2.959705200103406736e-02,0.000000000000000000e+00,1.079885866586639681e-01,2.058634518790549220e-02,6.378599243752731962e-02,2.927396542018295134e-01,0.000000000000000000e+00,1.823012889378789261e-02,2.543537736287582174e-02,9.815357859546876632e-03,4.074343363949504970e-02,0.000000000000000000e+00,1.016814182499550800e-02,0.000000000000000000e+00,1.376249906352681740e-01,1.455388172845063777e-01,0.000000000000000000e+00,5.388574086755908155e-02,0.000000000000000000e+00,0.000000000000000000e+00,0.000000000000000000e+00,0.000000000000000000e+00,0.000000000000000000e+00,0.000000000000000000e+00,0.000000000000000000e+00,2.178619550692744919e-02,1.326855818439242607e-01,7.900333964390324204e-02,9.142961764615178955e-02,1.751109143417832748e-01,0.000000000000000000e+00,2.067566969206759836e-02,9.008838383921015380e-02,0.000000000000000000e+00,0.000000000000000000e+00,0.000000000000000000e+00,1.515229903691552860e-01,0.000000000000000000e+00,8.104736357763978050e-02,0.000000000000000000e+00,9.353581492987689261e-02,0.000000000000000000e+00,3.719856590742524893e-02,9.438470129946813225e-02,3.087763893155153622e-02,0.000000000000000000e+00,0.000000000000000000e+00,0.000000000000000000e+00,7.702325461002490492e-02,0.000000000000000000e+00,0.000000000000000000e+00,0.000000000000000000e+00,0.000000000000000000e+00,0.000000000000000000e+00,0.000000000000000000e+00,0.000000000000000000e+00,8.258282706626238895e-03,0.000000000000000000e+00,8.938452258987886201e-02,0.000000000000000000e+00,0.000000000000000000e+00,0.000000000000000000e+00,1.100904344119416414e-02,9.342817686859278270e-02,1.627127889905459202e-01,0.000000000000000000e+00,3.381520777502285136e-02
0.000000000000000000e+00,6.976585972378210321e-02,3.212268114079466774e-02,1.547023813079076264e-02,2.458491716315610448e-02,0.000000000000000000e+00,0.000000000000000000e+00,1.243613825238873080e-02,4.798879024371960345e-02,0.000000000000000000e+00,1.296464187751074637e-01,0.000000000000000000e+00,0.000000000000000000e+00,0.000000000000000000e+00,1.394580030035105778e-01,0.000000000000000000e+00,1.546440625122998298e-02,0.000000000000000000e+00,7.712788841038360765e-02,0.000000000000000000e+00,3.083425830078415780e-02,0.000000000000000000e+00,6.833286899682480819e-02,0.000000000000000000e+00,5.487358658713924198e-02,0.000000000000000000e+00,0.000000000000000000e+00,0.000000000000000000e+00,0.000000000000000000e+00,0.000000000000000000e+00,7.712788841038360765e-02,1.627869319492873668e-02,0.000000000000000000e+00,0.000000000000000000e+00,4.346900095361494465e-02,9.666892696298881593e-02,1.800730947303875173e-01,0.000000000000000000e+00,8.272483362014443342e-02,0.000000000000000000e+00,0.000000000000000000e+00,1.038734351108663578e-01,1.004703952094207903e-01,0.000000000000000000e+00,5.699422687292745454e-02,6.522989590306399466e-02,6.141784602716214569e-02,0.000000000000000000e+00,9.376524719916827511e-02,0.000000000000000000e+00,8.932910635474863859e-02,0.000000000000000000e+00,0.000000000000000000e+00,0.000000000000000000e+00,0.000000000000000000e+00,3.296275283411712054e-02,0.000000000000000000e+00,4.705765061341424943e-02,1.071442307892422618e-01,3.210191386850926865e-01,0.000000000000000000e+00,1.683458989480974000e-01,0.000000000000000000e+00,0.000000000000000000e+00,8.428775953220546402e-02,6.687006613237028718e-02,9.968861787154217891e-02,1.267710530036264549e-01,0.000000000000000000e+00,0.000000000000000000e+00,1.914524697476027021e-02,1.199805455545392696e-01,4.643239805662162378e-02,0.000000000000000000e+00,0.000000000000000000e+00,2.024116368331443580e-02,1.243227859169188099e-01,1.596580323810202762e-01,3.039906932336378792e-02,8.858854116145806201e-02,2.329349226216553131e-02,0.000000000000000000e+00,1.034709614532078326e-01,2.016333147489536570e-02,1.027352042773661267e-01,0.000000000000000000e+00,0.000000000000000000e+00,0.000000000000000000e+00,0.000000000000000000e+00,0.000000000000000000e+00,3.049503768860856862e-02,6.870739658088920176e-02,0.000000000000000000e+00,0.000000000000000000e+00,4.202621230533232222e-02,9.958348577564712922e-02,1.106444902472402958e-01,3.307571414350424233e-02,0.000000000000000000e+00,0.000000000000000000e+00,3.590975869931018610e-02,0.000000000000000000e+00,2.152927276001870630e-02,0.000000000000000000e+00,0.000000000000000000e+00,4.704986467157015739e-02,1.154457697540898498e-01,0.000000000000000000e+00,1.320655778260883262e-02,0.000000000000000000e+00,9.964270232966461471e-02,7.863723448554509055e-03,2.288598023435915035e-02,1.097269152494678157e-01,0.000000000000000000e+00,0.000000000000000000e+00,3.340385105450460745e-02,0.000000000000000000e+00,3.967921324011172701e-02,0.000000000000000000e+00,1.847375943164196758e-03,7.379203901325415149e-02,0.000000000000000000e+00,5.970502657465498464e-02,6.774972628940209574e-02,2.707883268269901944e-02,5.039416261095652771e-02,0.000000000000000000e+00,0.000000000000000000e+00,0.000000000000000000e+00,0.000000000000000000e+00,0.000000000000000000e+00,0.000000000000000000e+00,0.000000000000000000e+00,3.369244877331512011e-02,0.000000000000000000e+00,0.000000000000000000e+00,3.369244877331512011e-02,0.000000000000000000e+00,6.596851560093250355e-03,0.000000000000000000e+00,7.018315307150738147e-02,1.518686057789031540e-01,0.000000000000000000e+00,4.721070102277404729e-02,1.954650573352857690e-02,0.000000000000000000e+00,0.000000000000000000e+00,8.412255194440332318e-02,0.000000000000000000e+00
5.674355032533696941e-02,0.000000000000000000e+00,0.000000000000000000e+00,0.000000000000000000e+00,6.207064403264000996e-02,0.000000000000000000e+00,0.000000000000000000e+00,0.000000000000000000e+00,0.000000000000000000e+00,0.000000000000000000e+00,0.000000000000000000e+00,0.000000000000000000e+00,4.902525748200851560e-03,0.000000000000000000e+00,0.000000000000000000e+00,0.000000000000000000e+00,0.000000000000000000e+00,1.859257997484599634e-01,1.038196378191601765e-01,0.000000000000000000e+00,1.553028458398063583e-01,5.615879960533505522e-02,7.353680872394383061e-02,4.483314144342295804e-02,0.000000000000000000e+00,0.000000000000000000e+00,0.000000000000000000e+00,0.000000000000000000e+00,1.712001557224471227e-02,1.859257997484599634e-01,1.038196378191601765e-01,5.300658870222310637e-03,0.000000000000000000e+00,2.206773796210741989e-01,7.883050508431591052e-02,6.325620938685088540e-03,5.115057661107180742e-02,1.321769568284680563e-01,0.000000000000000000e+00,0.000000000000000000e+00,0.000000000000000000e+00,0.000000000000000000e+00,3.403736225628723605e-02,0.000000000000000000e+00,0.000000000000000000e+00,0.000000000000000000e+00,0.000000000000000000e+00,0.000000000000000000e+00,0.000000000000000000e+00,2.879023460673467705e-01,1.590090151962635923e-01,0.000000000000000000e+00,0.000000000000000000e+00,5.392193810464869508e-02,0.000000000000000000e+00,0.000000000000000000e+00,0.000000000000000000e+00,0.000000000000000000e+00,0.000000000000000000e+00,0.000000000000000000e+00,0.000000000000000000e+00,0.000000000000000000e+00,0.000000000000000000e+00,8.428775953220546402e-02,0.000000000000000000e+00,8.102594050804387549e-02,8.625987292143322271e-02,1.259516312587779033e-02,0.000000000000000000e+00,1.016811531954197323e-01,0.000000000000000000e+00,0.000000000000000000e+00,7.555250063146390360e-02,0.000000000000000000e+00,0.000000000000000000e+00,0.000000000000000000e+00,0.000000000000000000e+00,0.000000000000000000e+00,4.836467886491302784e-03,0.000000000000000000e+00,0.000000000000000000e+00,2.844181012819119864e-02,1.493748906068764204e-01,0.000000000000000000e+00,2.078087619638097766e-02,6.588315651496641501e-02,5.465210492687581564e-03,0.000000000000000000e+00,0.000000000000000000e+00,0.000000000000000000e+00,1.079387793262674422e-01,0.000000000000000000e+00,1.008609460965931848e-01,6.206641307127544471e-02,5.772862103212188234e-02,0.000000000000000000e+00,1.172142813880143325e-01,2.184570254523508781e-02,0.000000000000000000e+00,0.000000000000000000e+00,0.000000000000000000e+00,6.724493308058827890e-02,0.000000000000000000e+00,1.159400910022796161e-01,6.600496469917339903e-02,3.729370986477699434e-02,1.549529008564178856e-01,0.000000000000000000e+00,1.252251460251841975e-01,0.000000000000000000e+00,0.000000000000000000e+00,5.022552501908229827e-03,0.000000000000000000e+00,6.859382107042570793e-03,0.000000000000000000e+00,0.000000000000000000e+00,3.012987156764913854e-02,4.800087418053864720e-03,2.024721481616361118e-01,0.000000000000000000e+00,0.000000000000000000e+00,3.426247578082521755e-02,7.519292152867967927e-02,2.103278924012104978e-01,5.775821796659154350e-02,6.416740741524071256e-02,3.067194708229583483e-02,0.000000000000000000e+00,0.000000000000000000e+00,1.604740578607043999e-01,0.000000000000000000e+00,0.000000000000000000e+00,5.155752456491975028e-02,0.000000000000000000e+00,0.000000000000000000e+00,1.308248513746379516e-01,5.155752456491975028e-02,0.000000000000000000e+00,6.373996210853899447e-02,0.000000000000000000e+00,1.056801571791140260e-01,5.340506169788518387e-02,8.124804135629509760e-02,1.175531893297148689e-01,0.000000000000000000e+00,0.000000000000000000e+00,0.000000000000000000e+00,1.530248836124150150e-02,0.000000000000000000e+00,0.000000000000000000e+00
0.000000000000000000e+00,1.579150504393849741e-01,1.258551995690892489e-01,8.543717644856727196e-04,8.505066980912492913e-02,0.000000000000000000e+00,0.000000000000000000e+00,1.347743785284918061e-01,1.087323822810171668e-02,0.000000000000000000e+00,1.529892677957652991e-01,0.000000000000000000e+00,0.000000000000000000e+00,0.000000000000000000e+00,1.283858452372817482e-01,0.000000000000000000e+00,2.585115226955584516e-02,7.657676904821289487e-03,1.036429049000656133e-02,0.000000000000000000e+00,0.000000000000000000e+00,1.094152048327031446e-01,0.000000000000000000e+00,0.000000000000000000e+00,1.960878560855981168e-01,0.000000000000000000e+00,0.000000000000000000e+00,1.606296696913441790e-01,3.214706297573375476e-02,7.657676904821289487e-03,1.036429049000656133e-02,5.672911941647391931e-02,0.000000000000000000e+00,1.577525138401322108e-02,3.107523306442526792e-02,2.733961722318024867e-03,0.000000000000000000e+00,0.000000000000000000e+00,0.000000000000000000e+00,0.000000000000000000e+00,8.342740116722116572e-02,5.181506743199488368e-02,0.000000000000000000e+00,1.092586469238209235e-01,1.241846375883241538e-01,9.483733380187275852e-02,1.533022954418514772e-01,0.000000000000000000e+00,1.175115316771929014e-02,1.014479667832530602e-01,6.600657672590942715e-02,9.773584266043164326e-02,0.000000000000000000e+00,3.912706543928336916e-02,0.000000000000000000e+00,0.000000000000000000e+00,0.000000000000000000e+00,4.209231760738363359e-02,1.832228616309715744e-02,0.000000000000000000e+00,5.774737709546313297e-02,0.000000000000000000e+00,6.815735549905913016e-02,6.687006613237028718e-02,8.102594050804387549e-02,0.000000000000000000e+00,0.000000000000000000e+00,0.000000000000000000e+00,0.000000000000000000e+00,0.000000000000000000e+00,0.000000000000000000e+00,1.333044539329332132e-02,0.000000000000000000e+00,0.000000000000000000e+00,0.000000000000000000e+00,2.800273224130276351e-01,6.616535963574796120e-02,0.000000000000000000e+00,0.000000000000000000e+00,0.000000000000000000e+00,0.000000000000000000e+00,2.899335470292073447e-02,2.052946059902198070e-02,7.743713901304460911e-02,1.077204764524047342e-01,6.750389088379213365e-02,7.101948263079289891e-02,4.711414545215680122e-02,9.901192782966550254e-02,4.012107072024631571e-02,6.618922337165825120e-02,0.000000000000000000e+00,1.056987813460559533e-01,6.191442457215000361e-02,0.000000000000000000e+00,5.817514780949675085e-02,1.234024340753218929e-01,2.751094077963781373e-02,2.266564414052930909e-02,0.000000000000000000e+00,5.477091660570933794e-03,0.000000000000000000e+00,0.000000000000000000e+00,1.383517642921573004e-02,6.280048268263437039e-02,0.000000000000000000e+00,0.000000000000000000e+00,0.000000000000000000e+00,0.000000000000000000e+00,0.000000000000000000e+00,5.392102694155721798e-02,5.587621618892060077e-02,0.000000000000000000e+00,0.000000000000000000e+00,0.000000000000000000e+00,0.000000000000000000e+00,1.450455097675089171e-04,3.238904356513663124e-03,1.087003486052987578e-01,6.026076156094671565e-02,0.000000000000000000e+00,0.000000000000000000e+00,9.346839442902435402e-02,4.650913912391066440e-02,0.000000000000000000e+00,0.000000000000000000e+00,0.000000000000000000e+00,7.475232516883138778e-02,5.475796782647666949e-02,0.000000000000000000e+00,0.000000000000000000e+00,0.000000000000000000e+00,6.926773765082598622e-02,0.000000000000000000e+00,0.000000000000000000e+00,0.000000000000000000e+00,6.926773765082598622e-02,0.000000000000000000e+00,0.000000000000000000e+00,1.321466179970388066e-01,3.355703187161369547e-03,2.414151985769451628e-02,5.050324610088029187e-02,0.000000000000000000e+00,0.000000000000000000e+00,1.271403788920445477e-01,2.740109928334070327e-02,1.269173343186817404e-01,0.000000000000000000e+00,1.497969431080499736e-01
1.530806654112636389e-01,1.238451960271597964e-02,0.000000000000000000e+00,1.823698145838524021e-01,2.901944765823982059e-02,1.716006258007526930e-02,0.000000000000000000e+00,0.000000000000000000e+00,0.000000000000000000e+00,1.074902287181850845e-02,1.171858865489889059e-02,1.542750689434368647e-02,0.000000000000000000e+00,6.867863672375644837e-03,8.383421725618558917e-02,1.523870597397966598e-01,1.417417293883020679e-01,0.000000000000000000e+00,9.132195397503961587e-02,1.860389708170267359e-02,2.982026226824909809e-01,8.881461416409839119e-03,0.000000000000000000e+00,0.000000000000000000e+00,0.000000000000000000e+00,7.970820949251625209e-02,0.000000000000000000e+00,6.192807737408645430e-02,4.232870341580333151e-03,0.000000000000000000e+00,9.132195397503961587e-02,0.000000000000000000e+00,0.000000000000000000e+00,0.000000000000000000e+00,0.000000000000000000e+00,9.598306420995844981e-03,1.744327222550922513e-02,4.770929921780406313e-02,2.021502280376089866e-01,0.000000000000000000e+00,2.286766526563455831e-02,0.000000000000000000e+00,0.000000000000000000e+00,0.000000000000000000e+00,0.000000000000000000e+00,3.538581044918989726e-02,0.000000000000000000e+00,5.823460859390038047e-02,2.151427269313590379e-02,0.000000000000000000e+00,7.558831524443337946e-02,5.041524299419483657e-02,5.455619729720485520e-03,7.813707706461755012e-03,0.000000000000000000e+00,1.552071019202280744e-01,0.000000000000000000e+00,0.000000000000000000e+00,4.344245690630634329e-03,0.000000000000000000e+00,7.325803117208015691e-02,2.737141020727863749e-02,4.721046977094319613e-02,9.968861787154217891e-02,8.625987292143322271e-02,0.000000000000000000e+00,0.000000000000000000e+00,1.316155687351878711e-01,7.658950346955409327e-02,2.122269750813203792e-01,1.436964237003564293e-01,0.000000000000000000e+00,3.933970338932833016e-02,1.037729974043223313e-01,1.491796051784409320e-02,4.930089392126120462e-02,4.969827708580960846e-02,1.543333321336755604e-01,1.505693169903608297e-01,0.000000000000000000e+00,0.000000000000000000e+00,6.098311054100638562e-02,0.000000000000000000e+00,1.080429207520022666e-01,3.197246634017904265e-02,0.000000000000000000e+00,8.652700906658723767e-02,0.000000000000000000e+00,4.265560377115737781e-03,2.540699429139493815e-02,6.929583665739547094e-02,0.000000000000000000e+00,0.000000000000000000e+00,0.000000000000000000e+00,0.000000000000000000e+00,0.000000000000000000e+00,0.000000000000000000e+00,0.000000000000000000e+00,1.189562670836433050e-01,0.000000000000000000e+00,5.450078898935144245e-02,3.278655468582930554e-02,8.527148015407555459e-02,0.000000000000000000e+00,0.000000000000000000e+00,0.000000000000000000e+00,0.000000000000000000e+00,8.163216612960647045e-02,1.853320884938537971e-01,4.440802568934384964e-02,0.000000000000000000e+00,8.954543958459659780e-02,0.000000000000000000e+00,0.000000000000000000e+00,6.050754611388071275e-02,4.493794855689406398e-02,2.595922089824160423e-02,0.000000000000000000e+00,0.000000000000000000e+00,0.000000000000000000e+00,1.224618455474722582e-02,5.120164421295353430e-02,0.000000000000000000e+00,1.710992469082669443e-01,0.000000000000000000e+00,1.250005551800500991e-01,4.142701028748089348e-02,0.000000000000000000e+00,1.917178618014675311e-04,7.302253120193877289e-02,1.320418931527657103e-01,0.000000000000000000e+00,2.242314307295771580e-02,9.366780504305727284e-02,5.325001922008776312e-02,0.000000000000000000e+00,2.242314307295771580e-02,5.325001922008776312e-02,0.000000000000000000e+00,4.062668523059280445e-02,0.000000000000000000e+00,0.000000000000000000e+00,1.282177535020065096e-01,1.193566789118130980e-02,4.697722376133674910e-02,1.562428300412747537e-02,2.739723153460579819e-01,1.300533655567993052e-01,0.000000000000000000e+00,0.000000000000000000e+00
0.000000000000000000e+00,0.000000000000000000e+00,1.183487461253282524e-01,6.523136859907857632e-02,7.996992131446746532e-02,1.626000326606670890e-02,0.000000000000000000e+00,1.518445174959221280e-02,1.265651873950150996e-01,0.000000000000000000e+00,2.925738070868844076e-02,8.482570856371043910e-02,0.000000000000000000e+00,1.769034422281801078e-01,0.000000000000000000e+00,1.539594073039504685e-01,1.548943298730828810e-01,0.000000000000000000e+00,0.000000000000000000e+00,5.041669486691044422e-02,9.389883608648752489e-02,0.000000000000000000e+00,8.845954902043598467e-02,0.000000000000000000e+00,8.775607847491148639e-02,1.391481924177122576e-01,0.000000000000000000e+00,2.571007092717889422e-02,0.000000000000000000e+00,0.000000000000000000e+00,0.000000000000000000e+00,0.000000000000000000e+00,1.090970267334460606e-02,3.985927210495672501e-02,1.040925863268570006e-02,0.000000000000000000e+00,1.217788360241655876e-01,1.154809170447603506e-01,1.397313637438716283e-01,0.000000000000000000e+00,0.000000000000000000e+00,3.800063823089116360e-02,0.000000000000000000e+00,1.229714020756381143e-02,0.000000000000000000e+00,0.000000000000000000e+00,1.208148809659770860e-02,0.000000000000000000e+00,2.578869087062669874e-02,1.558165532046535545e-03,0.000000000000000000e+00,0.000000000000000000e+00,0.000000000000000000e+00,7.616865114534647485e-02,0.000000000000000000e+00,1.068785629251047843e-02,0.000000000000000000e+00,1.626721880275914800e-01,0.000000000000000000e+00,3.917653156718035184e-02,9.435978443594653098e-02,9.617839910132525150e-02,0.000000000000000000e+00,1.267710530036264549e-01,1.259516312587779033e-02,0.000000000000000000e+00,1.316155687351878711e-01,0.000000000000000000e+00,1.362790966444237806e-01,6.820438205528930875e-02,1.517710054801410802e-01,0.000000000000000000e+00,0.000000000000000000e+00,1.142473760993971410e-01,0.000000000000000000e+00,1.326362592719295685e-01,1.972766650089390061e-01,0.000000000000000000e+00,7.933744201495897264e-02,0.000000000000000000e+00,7.324918392594093053e-02,5.195934586170777858e-02,4.907169732018162867e-02,4.908763693640530446e-02,0.000000000000000000e+00,0.000000000000000000e+00,8.859146155336999895e-02,0.000000000000000000e+00,1.239095006985127013e-02,0.000000000000000000e+00,8.436637289858095468e-02,0.000000000000000000e+00,0.000000000000000000e+00,6.026611861302426376e-02,8.464419475496162693e-02,1.066883081799534505e-01,0.000000000000000000e+00,0.000000000000000000e+00,1.472127082277790988e-02,9.237749440874462592e-02,6.436181210919726670e-02,1.293962244035474010e-02,0.000000000000000000e+00,0.000000000000000000e+00,0.000000000000000000e+00,1.884757953650436496e-02,0.000000000000000000e+00,2.068700867157665380e-01,0.000000000000000000e+00,0.000000000000000000e+00,0.000000000000000000e+00,0.000000000000000000e+00,0.000000000000000000e+00,0.000000000000000000e+00,0.000000000000000000e+00,0.000000000000000000e+00,2.615366147514978923e-02,0.000000000000000000e+00,0.000000000000000000e+00,0.000000000000000000e+00,8.720295140903518150e-02,3.549502087625355795e-02,0.000000000000000000e+00,3.514333962406150126e-03,2.601408954028741963e-02,0.000000000000000000e+00,0.000000000000000000e+00,0.000000000000000000e+00,0.000000000000000000e+00,2.554362838293132432e-02,1.150110166250625371e-01,0.000000000000000000e+00,0.000000000000000000e+00,6.957936081764794223e-02,0.000000000000000000e+00,0.000000000000000000e+00,0.000000000000000000e+00,0.000000000000000000e+00,0.000000000000000000e+00,0.000000000000000000e+00,1.421777465712638078e-01,0.000000000000000000e+00,6.936258089038577213e-02,0.000000000000000000e+00,0.000000000000000000e+00,0.000000000000000000e+00,9.262954066381483970e-03,0.000000000000000000e+00,1.227810116163288723e-01,1.197207137147910695e-02
6.449181147880705955e-03,0.000000000000000000e+00,4.572259059146337179e-02,0.000000000000000000e+00,1.221930089312779633e-01,0.000000000000000000e+00,0.000000000000000000e+00,0.000000000000000000e+00,1.102762159980266582e-01,0.000000000000000000e+00,0.000000000000000000e+00,0.000000000000000000e+00,5.783969606827490950e-03,0.000000000000000000e+00,1.491643778017508540e-02,0.000000000000000000e+00,2.006012009348972225e-01,4.188901330366440190e-02,0.000000000000000000e+00,0.000000000000000000e+00,1.225780756018041012e-01,1.554817103791361899e-01,0.000000000000000000e+00,1.005972856776646968e-02,1.520077504083175435e-01,0.000000000000000000e+00,1.347600519627158676e-02,9.705799372603757247e-02,0.000000000000000000e+00,4.188901330366440190e-02,0.000000000000000000e+00,2.261023162127179936e-02,4.418283589376632847e-02,0.000000000000000000e+00,8.403400776403936734e-02,7.025891201375207562e-02,5.605090968088873027e-03,0.000000000000000000e+00,0.000000000000000000e+00,0.000000000000000000e+00,4.436580567115771395e-02,0.000000000000000000e+00,0.000000000000000000e+00,0.000000000000000000e+00,0.000000000000000000e+00,1.352247018447645943e-01,1.556763275230788057e-01,1.263294705135035167e-01,0.000000000000000000e+00,0.000000000000000000e+00,5.459224182399756431e-02,4.489694573633414704e-02,9.656663421328248731e-02,0.000000000000000000e+00,0.000000000000000000e+00,0.000000000000000000e+00,0.000000000000000000e+00,0.000000000000000000e+00,0.000000000000000000e+00,1.031426879625974291e-01,0.000000000000000000e+00,0.000000000000000000e+00,0.000000000000000000e+00,0.000000000000000000e+00,0.000000000000000000e+00,0.000000000000000000e+00,7.658950346955409327e-02,1.362790966444237806e-01,0.000000000000000000e+00,5.189688154703344519e-02,2.749949814613122413e-03,6.192582235384118394e-02,0.000000000000000000e+00,0.000000000000000000e+00,2.274789522380695622e-02,4.345297200238572299e-02,1.012272214825020444e-03,3.738758861641619524e-02,0.000000000000000000e+00,0.000000000000000000e+00,5.285081070210150000e-02,0.000000000000000000e+00,8.281014126780646134e-02,3.350945630032962572e-03,0.000000000000000000e+00,0.000000000000000000e+00,0.000000000000000000e+00,4.704014685815484376e-02,0.000000000000000000e+00,0.000000000000000000e+00,2.599045892640140798e-02,4.419469908040504769e-02,0.000000000000000000e+00,1.872637120587802850e-02,1.426081196858399180e-01,0.000000000000000000e+00,0.000000000000000000e+00,0.000000000000000000e+00,3.719017763270707211e-02,0.000000000000000000e+00,1.605773117581858755e-02,1.297077010653881479e-01,4.057758464094847473e-02,0.000000000000000000e+00,0.000000000000000000e+00,0.000000000000000000e+00,2.035601702913134720e-02,0.000000000000000000e+00,3.267089506930936915e-02,0.000000000000000000e+00,1.246013665552033606e-02,1.100744670936714964e-01,0.000000000000000000e+00,0.000000000000000000e+00,4.108474938812520932e-02,6.076756162098059799e-02,0.000000000000000000e+00,5.535593592392080292e-02,1.570807001014945248e-01,0.000000000000000000e+00,3.703750727126514652e-02,0.000000000000000000e+00,0.000000000000000000e+00,2.258143089735182088e-02,4.912498552611358101e-03,9.342657605393923925e-02,4.689889808845548042e-02,0.000000000000000000e+00,0.000000000000000000e+00,3.548196462868352663e-02,0.000000000000000000e+00,0.000000000000000000e+00,0.000000000000000000e+00,1.761297046776225672e-01,0.000000000000000000e+00,0.000000000000000000e+00,0.000000000000000000e+00,0.000000000000000000e+00,0.000000000000000000e+00,0.000000000000000000e+00,0.000000000000000000e+00,0.000000000000000000e+00,5.494677088471532078e-03,0.000000000000000000e+00,0.000000000000000000e+00,0.000000000000000000e+00,0.000000000000000000e+00,8.835557734703267108e-02,6.168179237357042377e-02,0.000000000000000000e+00
1.246605072038725268e-02,0.000000000000000000e+00,2.450240158752063635e-02,0.000000000000000000e+00,0.000000000000000000e+00,0.000000000000000000e+00,0.000000000000000000e+00,7.917035462197206941e-02,0.000000000000000000e+00,0.000000000000000000e+00,0.000000000000000000e+00,0.000000000000000000e+00,4.619127284130743194e-02,2.909985630127693429e-02,1.779534093047415166e-01,0.000000000000000000e+00,1.932199245428840029e-01,0.000000000000000000e+00,0.000000000000000000e+00,0.000000000000000000e+00,2.760489688803895864e-02,0.000000000000000000e+00,0.000000000000000000e+00,0.000000000000000000e+00,0.000000000000000000e+00,8.339594336424675097e-03,8.435497956126569719e-02,1.288492077425849591e-01,0.000000000000000000e+00,0.000000000000000000e+00,0.000000000000000000e+00,2.645906132591380189e-02,5.656536333407763406e-03,0.000000000000000000e+00,0.000000000000000000e+00,1.616811199148726619e-02,0.000000000000000000e+00,0.000000000000000000e+00,7.824139608273179836e-02,0.000000000000000000e+00,0.000000000000000000e+00,0.000000000000000000e+00,0.000000000000000000e+00,3.003481687927101601e-02,2.570135473624356529e-02,2.004797100385400377e-01,8.718197608460387382e-02,1.657362959796086777e-02,0.000000000000000000e+00,0.000000000000000000e+00,0.000000000000000000e+00,6.526878578151526500e-02,1.022665728466846807e-01,0.000000000000000000e+00,0.000000000000000000e+00,1.058466408114660667e-01,1.651001377835630557e-01,2.480039158852547290e-02,0.000000000000000000e+00,0.000000000000000000e+00,4.777240611995108716e-02,1.102334406923093785e-02,4.764551486896026478e-02,0.000000000000000000e+00,1.016811531954197323e-01,0.000000000000000000e+00,2.122269750813203792e-01,6.820438205528930875e-02,5.189688154703344519e-02,0.000000000000000000e+00,1.182620596692345594e-01,7.905048984178486560e-02,9.068893297217467397e-03,2.481794232228543284e-01,0.000000000000000000e+00,0.000000000000000000e+00,0.000000000000000000e+00,0.000000000000000000e+00,7.252073083541804577e-02,0.000000000000000000e+00,0.000000000000000000e+00,0.000000000000000000e+00,1.105525588401421594e-01,9.243790481100352951e-02,0.000000000000000000e+00,0.000000000000000000e+00,0.000000000000000000e+00,1.079186588958848808e-01,0.000000000000000000e+00,1.758700017220570233e-01,4.893591319193704714e-02,0.000000000000000000e+00,7.565619818862245882e-02,0.000000000000000000e+00,0.000000000000000000e+00,0.000000000000000000e+00,0.000000000000000000e+00,0.000000000000000000e+00,0.000000000000000000e+00,2.970977432228821824e-03,0.000000000000000000e+00,1.502990043695263400e-01,6.215354430714509909e-02,2.360934139757175747e-03,0.000000000000000000e+00,7.818604158402196747e-02,0.000000000000000000e+00,1.312699667410287541e-01,2.958624348281057442e-02,1.510337938374916589e-01,4.655670942581124905e-03,9.407910751070283628e-02,0.000000000000000000e+00,0.000000000000000000e+00,0.000000000000000000e+00,0.000000000000000000e+00,0.000000000000000000e+00,0.000000000000000000e+00,0.000000000000000000e+00,0.000000000000000000e+00,1.673442534565054707e-02,1.506571225263122760e-01,0.000000000000000000e+00,1.638416973602605520e-01,0.000000000000000000e+00,5.340886108076325911e-02,0.000000000000000000e+00,3.655114057511912179e-02,0.000000000000000000e+00,3.265329249206391088e-02,1.374406971882383699e-01,0.000000000000000000e+00,0.000000000000000000e+00,8.457987560757540546e-02,1.283317798884846955e-02,0.000000000000000000e+00,0.000000000000000000e+00,1.283317798884846955e-02,5.516918115468710804e-02,0.000000000000000000e+00,8.169380382356247750e-02,9.017066110650579641e-03,6.656651868368826386e-02,5.048518686052778925e-02,4.490509919882479384e-03,0.000000000000000000e+00,0.000000000000000000e+00,7.673219045798619631e-02,0.000000000000000000e+00,0.000000000000000000e+00
2.038372772093567653e-01,0.000000000000000000e+00,0.000000000000000000e+00,1.455645478038461449e-01,5.066490036835904348e-02,2.707782105885371271e-01,0.000000000000000000e+00,4.608101038237724656e-02,0.000000000000000000e+00,7.649928153231219663e-02,2.449261477049780034e-01,3.037213273655692269e-01,0.000000000000000000e+00,0.000000000000000000e+00,0.000000000000000000e+00,3.284608529973440105e-02,0.000000000000000000e+00,0.000000000000000000e+00,8.630586940301335913e-03,1.170070135016113844e-01,2.669265005312149511e-02,0.000000000000000000e+00,1.418087307633859040e-01,6.204018208865496459e-02,0.000000000000000000e+00,1.156874946608143495e-01,0.000000000000000000e+00,2.410070841923823634e-02,0.000000000000000000e+00,0.000000000000000000e+00,8.630586940301335913e-03,0.000000000000000000e+00,0.000000000000000000e+00,0.000000000000000000e+00,0.000000000000000000e+00,1.269380641704344892e-01,0.000000000000000000e+00,0.000000000000000000e+00,8.147051734784246935e-02,0.000000000000000000e+00,5.424267040293806463e-02,1.538717835220384522e-01,8.929721870477497214e-02,6.638216195084686855e-02,0.000000000000000000e+00,0.000000000000000000e+00,0.000000000000000000e+00,1.207514914201319178e-01,2.263828405714116421e-01,0.000000000000000000e+00,0.000000000000000000e+00,3.305943520854701112e-02,0.000000000000000000e+00,3.568351611110569949e-02,3.973851653657863719e-02,1.866614727426672005e-01,1.083426546891899656e-01,0.000000000000000000e+00,6.042142076507787951e-02,0.000000000000000000e+00,5.911421629258341998e-02,1.012582147144262257e-01,0.000000000000000000e+00,1.914524697476027021e-02,0.000000000000000000e+00,0.000000000000000000e+00,1.436964237003564293e-01,1.517710054801410802e-01,2.749949814613122413e-03,1.182620596692345594e-01,0.000000000000000000e+00,8.463687271296002623e-02,1.059659866220826266e-02,0.000000000000000000e+00,0.000000000000000000e+00,1.012164389752692739e-01,3.026892569482853707e-02,2.194141715072096543e-01,1.317433032930310499e-01,0.000000000000000000e+00,0.000000000000000000e+00,8.554553970223988113e-02,5.952563317536566784e-02,1.441929556391572387e-01,8.569793716584246657e-02,0.000000000000000000e+00,4.205933062105751685e-02,0.000000000000000000e+00,0.000000000000000000e+00,1.743980906940403586e-01,0.000000000000000000e+00,0.000000000000000000e+00,9.038761911766216017e-02,0.000000000000000000e+00,1.682617328868502016e-02,1.051357697984794809e-01,7.168805655807014565e-02,0.000000000000000000e+00,1.213181571963022620e-01,6.254563019994897888e-02,0.000000000000000000e+00,0.000000000000000000e+00,1.288443009846902410e-01,8.438742433087384476e-02,7.888536424687261905e-02,1.008200656906363402e-01,0.000000000000000000e+00,0.000000000000000000e+00,0.000000000000000000e+00,7.690053422070577960e-02,0.000000000000000000e+00,8.756810841958417857e-02,1.072031870943587206e-01,0.000000000000000000e+00,1.664597243163339346e-01,0.000000000000000000e+00,6.089665810043949634e-02,0.000000000000000000e+00,0.000000000000000000e+00,0.000000000000000000e+00,4.717671264033988787e-02,0.000000000000000000e+00,0.000000000000000000e+00,3.587159182216948482e-03,0.000000000000000000e+00,0.000000000000000000e+00,0.000000000000000000e+00,5.182981959185022081e-02,0.000000000000000000e+00,0.000000000000000000e+00,1.526460576991412466e-01,0.000000000000000000e+00,0.000000000000000000e+00,1.696695378710670610e-02,4.744502148035351086e-02,0.000000000000000000e+00,0.000000000000000000e+00,4.744502148035351086e-02,0.000000000000000000e+00,0.000000000000000000e+00,1.176670836003686303e-03,8.522891633023969502e-03,1.404339954140487179e-01,0.000000000000000000e+00,0.000000000000000000e+00,0.000000000000000000e+00,0.000000000000000000e+00,0.000000000000000000e+00,6.623104107596258783e-02,0.000000000000000000e+00
0.000000000000000000e+00,1.536341411642352106e-01,1.331523187247896436e-02,0.000000000000000000e+00,0.000000000000000000e+00,2.020596987818118750e-01,0.000000000000000000e+00,5.132158776299501624e-02,0.000000000000000000e+00,0.000000000000000000e+00,1.831184524490740428e-01,2.099592378333117182e-01,0.000000000000000000e+00,0.000000000000000000e+00,1.401199111865740754e-01,0.000000000000000000e+00,8.486371693364308522e-02,0.000000000000000000e+00,0.000000000000000000e+00,0.000000000000000000e+00,4.503361959540205101e-02,0.000000000000000000e+00,0.000000000000000000e+00,1.210962116087845597e-01,2.867695323645450337e-02,0.000000000000000000e+00,0.000000000000000000e+00,0.000000000000000000e+00,0.000000000000000000e+00,0.000000000000000000e+00,0.000000000000000000e+00,3.047089178301874007e-02,6.353054826861216642e-02,0.000000000000000000e+00,0.000000000000000000e+00,7.116700129693558086e-02,1.307959415650546686e-01,0.000000000000000000e+00,1.853185805329996272e-01,0.000000000000000000e+00,1.152959457926205633e-01,1.279779025694353090e-01,9.723862894070130214e-02,9.617959410995483016e-02,5.808707593531740876e-02,9.284628451849502584e-02,0.000000000000000000e+00,0.000000000000000000e+00,2.247931532741376248e-01,0.000000000000000000e+00,0.000000000000000000e+00,0.000000000000000000e+00,0.000000000000000000e+00,0.000000000000000000e+00,7.227362181753518855e-02,1.998648611400670738e-01,0.000000000000000000e+00,0.000000000000000000e+00,1.432216954604810175e-02,2.630100504314903942e-01,0.000000000000000000e+00,6.923196372848205993e-02,0.000000000000000000e+00,1.199805455545392696e-01,0.000000000000000000e+00,1.333044539329332132e-02,0.000000000000000000e+00,0.000000000000000000e+00,6.192582235384118394e-02,7.905048984178486560e-02,8.463687271296002623e-02,0.000000000000000000e+00,1.717969248403246330e-02,0.000000000000000000e+00,0.000000000000000000e+00,7.985589717112444308e-02,0.000000000000000000e+00,7.695529530428693588e-02,0.000000000000000000e+00,5.622771289001197992e-02,2.102078684387318278e-02,0.000000000000000000e+00,8.877422748288063548e-02,3.102290929468161720e-02,5.714821042494881015e-02,8.098459705667787611e-02,9.560024236905011186e-02,0.000000000000000000e+00,0.000000000000000000e+00,3.094904762531791587e-02,0.000000000000000000e+00,6.953988825210427605e-02,1.425325250233604457e-01,6.721914861529695862e-02,0.000000000000000000e+00,2.740575355530350254e-02,4.530720648703705222e-02,0.000000000000000000e+00,0.000000000000000000e+00,3.007123717574476662e-02,0.000000000000000000e+00,6.257075454605466602e-02,0.000000000000000000e+00,3.407521587690362508e-02,0.000000000000000000e+00,7.875384447071998029e-02,1.089544505695690807e-02,0.000000000000000000e+00,0.000000000000000000e+00,8.605017305604134581e-02,0.000000000000000000e+00,1.178788467268699902e-01,1.870090656691346734e-02,5.718307072485737108e-02,0.000000000000000000e+00,7.002931564472231196e-02,0.000000000000000000e+00,0.000000000000000000e+00,0.000000000000000000e+00,0.000000000000000000e+00,1.176667254120854766e-01,0.000000000000000000e+00,0.000000000000000000e+00,1.902923870465032807e-02,1.322893238852476672e-01,0.000000000000000000e+00,5.052224912476414864e-02,0.000000000000000000e+00,0.000000000000000000e+00,0.000000000000000000e+00,1.775405002057410253e-01,1.655874381454448541e-01,1.433240676035162781e-02,4.827788815271318035e-02,8.111995722218809379e-02,0.000000000000000000e+00,1.433240676035162781e-02,8.111995722218809379e-02,3.247142278936568371e-02,0.000000000000000000e+00,3.749561200180194509e-02,0.000000000000000000e+00,0.000000000000000000e+00,2.929251423034068269e-02,1.851457942834693754e-02,0.000000000000000000e+00,0.000000000000000000e+00,0.000000000000000000e+00,2.154073724979429713e-02,3.410379543910213584e-02
0.000000000000000000e+00,2.897588751446589228e-02,0.000000000000000000e+00,5.414458810858055471e-02,6.200662715335999997e-02,1.163009975105606941e-01,4.363791727391669317e-02,1.301345936733908082e-01,0.000000000000000000e+00,5.904381664082857667e-02,5.055533527770872393e-02,2.714615737039793864e-02,0.000000000000000000e+00,0.000000000000000000e+00,0.000000000000000000e+00,1.980313302526356400e-01,0.000000000000000000e+00,3.929096139144423391e-03,2.132090828619759293e-02,3.116843148862979279e-02,9.989642174977464428e-02,0.000000000000000000e+00,4.489750316806223607e-02,0.000000000000000000e+00,4.630039278364085631e-02,0.000000000000000000e+00,0.000000000000000000e+00,1.813160425875738613e-02,6.810640281464423133e-04,3.929096139144423391e-03,2.132090828619759293e-02,8.131175406553141360e-02,0.000000000000000000e+00,5.496605421675833381e-02,7.252475800781474358e-02,0.000000000000000000e+00,2.997170595662874276e-02,7.233926578624239045e-02,6.573160353526905086e-02,3.661966602507069068e-02,0.000000000000000000e+00,5.594842983782449819e-02,1.106114680853477472e-01,1.279726899021611242e-01,9.153928129347363440e-02,3.286471685794584152e-02,0.000000000000000000e+00,0.000000000000000000e+00,3.965189188546631299e-02,8.678312186505952874e-02,8.407309388197081734e-02,6.714650789476304948e-02,2.619662237172989266e-02,0.000000000000000000e+00,0.000000000000000000e+00,7.460865537890550361e-03,1.769146846167195530e-01,0.000000000000000000e+00,5.894818393272654479e-03,0.000000000000000000e+00,1.425496086876619842e-02,6.290322949015142440e-02,0.000000000000000000e+00,4.643239805662162378e-02,7.555250063146390360e-02,0.000000000000000000e+00,3.933970338932833016e-02,0.000000000000000000e+00,0.000000000000000000e+00,9.068893297217467397e-03,1.059659866220826266e-02,1.717969248403246330e-02,0.000000000000000000e+00,0.000000000000000000e+00,2.503412188245662112e-02,0.000000000000000000e+00,0.000000000000000000e+00,0.000000000000000000e+00,1.571590742040063216e-01,0.000000000000000000e+00,0.000000000000000000e+00,6.537298961940284092e-02,0.000000000000000000e+00,3.044147939617482951e-02,5.440219022229823842e-02,2.809125431058714581e-02,1.611214378097706734e-01,0.000000000000000000e+00,0.000000000000000000e+00,0.000000000000000000e+00,0.000000000000000000e+00,5.008670026321634244e-02,0.000000000000000000e+00,0.000000000000000000e+00,6.648283097543824204e-03,0.000000000000000000e+00,7.579005465921358556e-03,0.000000000000000000e+00,0.000000000000000000e+00,4.339602907147468297e-02,1.609455115773460350e-04,0.000000000000000000e+00,8.010790095151951173e-02,1.491412524356547642e-01,0.000000000000000000e+00,1.181581612441928303e-01,0.000000000000000000e+00,0.000000000000000000e+00,9.647506931640124905e-02,8.110007433629083662e-02,8.307158212698699182e-03,1.203792280323623398e-01,9.615004477556844675e-02,1.078982791085046911e-01,0.000000000000000000e+00,0.000000000000000000e+00,8.197691597333890690e-02,0.000000000000000000e+00,0.000000000000000000e+00,0.000000000000000000e+00,0.000000000000000000e+00,0.000000000000000000e+00,0.000000000000000000e+00,2.711686201463988505e-02,0.000000000000000000e+00,8.914331852934004319e-02,2.668644702661315815e-02,1.169384029772500971e-01,0.000000000000000000e+00,0.000000000000000000e+00,0.000000000000000000e+00,1.154250777829182589e-01,0.000000000000000000e+00,1.380289496429374929e-01,1.205480894271721559e-01,0.000000000000000000e+00,0.000000000000000000e+00,1.205480894271721559e-01,0.000000000000000000e+00,0.000000000000000000e+00,2.077340024966002792e-03,1.085878250366931752e-01,0.000000000000000000e+00,0.000000000000000000e+00,0.000000000000000000e+00,0.000000000000000000e+00,1.400101598851902912e-03,4.504316699416594655e-02,0.000000000000000000e+00,3.871058423224034428e-02
4.102239652393345481e-02,2.370815762090745099e-02,0.000000000000000000e+00,1.310427814975286681e-02,0.000000000000000000e+00,0.000000000000000000e+00,4.835456433782216873e-02,0.000000000000000000e+00,0.000000000000000000e+00,1.938775286617096597e-02,0.000000000000000000e+00,0.000000000000000000e+00,5.029143965610398392e-02,1.059611085366147371e-01,0.000000000000000000e+00,7.565264966003454328e-02,0.000000000000000000e+00,0.000000000000000000e+00,0.000000000000000000e+00,1.612862395189717732e-02,4.556799576226250315e-02,2.303310320601060016e-02,5.014583289847053538e-02,0.000000000000000000e+00,0.000000000000000000e+00,4.286564220726790664e-02,7.169764019732928310e-03,4.685720817347482914e-02,1.209169123224474590e-02,0.000000000000000000e+00,0.000000000000000000e+00,0.000000000000000000e+00,1.080236686009362346e-01,4.361761336751419915e-02,0.000000000000000000e+00,2.605298127441298475e-02,0.000000000000000000e+00,0.000000000000000000e+00,1.252170379903768879e-02,1.068274632852181938e-01,0.000000000000000000e+00,6.258304082194911244e-02,6.852925891760235089e-02,0.000000000000000000e+00,0.000000000000000000e+00,0.000000000000000000e+00,0.000000000000000000e+00,2.692629705922180983e-02,0.000000000000000000e+00,5.819775105901723276e-03,0.000000000000000000e+00,0.000000000000000000e+00,7.080012422283632478e-02,1.516712449425726139e-01,4.633415703227877769e-02,0.000000000000000000e+00,1.570729372450311301e-01,1.513616859110319957e-01,0.000000000000000000e+00,2.608302931863624302e-02,3.296532958642876820e-02,0.000000000000000000e+00,3.581300654039927533e-02,0.000000000000000000e+00,0.000000000000000000e+00,0.000000000000000000e+00,1.037729974043223313e-01,1.142473760993971410e-01,0.000000000000000000e+00,2.481794232228543284e-01,0.000000000000000000e+00,0.000000000000000000e+00,0.000000000000000000e+00,0.000000000000000000e+00,0.000000000000000000e+00,0.000000000000000000e+00,6.233135072749881878e-02,1.273427786094475933e-01,0.000000000000000000e+00,0.000000000000000000e+00,1.879485922866920219e-02,0.000000000000000000e+00,0.000000000000000000e+00,1.807702825951802983e-01,0.000000000000000000e+00,0.000000000000000000e+00,0.000000000000000000e+00,4.465346942269719788e-02,1.561815131772074754e-02,1.184576326010004094e-02,1.239316408477950660e-01,2.405203935921303160e-02,0.000000000000000000e+00,3.368662576068930103e-02,3.569191638340867001e-02,0.000000000000000000e+00,8.898091291685139570e-02,0.000000000000000000e+00,1.595287802283977194e-02,0.000000000000000000e+00,0.000000000000000000e+00,7.093727253712289738e-02,5.470948981890129403e-02,0.000000000000000000e+00,0.000000000000000000e+00,6.779519048727462860e-02,0.000000000000000000e+00,1.485220240550643167e-01,7.369342733403991264e-02,1.101533680984274899e-01,0.000000000000000000e+00,0.000000000000000000e+00,6.650602671542282796e-02,6.978901567972516096e-02,9.631146229938142289e-02,0.000000000000000000e+00,0.000000000000000000e+00,0.000000000000000000e+00,0.000000000000000000e+00,0.000000000000000000e+00,0.000000000000000000e+00,7.865887939487414826e-02,3.714259314580262150e-02,1.276790675406697384e-01,1.098522258493017933e-01,1.561772690234799477e-01,0.000000000000000000e+00,1.470234309350055835e-01,6.906447868391164119e-03,3.856395012124948923e-02,0.000000000000000000e+00,0.000000000000000000e+00,9.511535219021177712e-02,0.000000000000000000e+00,3.472254209817620535e-02,1.761688694683440082e-02,9.511535219021177712e-02,3.472254209817620535e-02,1.281440084345882580e-01,3.023699422798831193e-02,1.440278375761153487e-02,3.605323985329983438e-02,1.319469651308055880e-01,1.183746335543334194e-01,0.000000000000000000e+00,1.286351873128878734e-02,2.546581729329078225e-01,0.000000000000000000e+00,0.000000000000000000e+00,0.000000000000000000e+00
1.351980405370240557e-01,4.076596571503229849e-02,1.338002950526101797e-01,9.440562973344998610e-02,0.000000000000000000e+00,0.000000000000000000e+00,2.311324286150761437e-02,9.130432845972154265e-02,1.105826695660017123e-01,1.460354928238626615e-01,0.000000000000000000e+00,7.384719877089125271e-05,0.000000000000000000e+00,0.000000000000000000e+00,5.886922738894966728e-02,9.444588207520206169e-02,7.401734228065770527e-02,0.000000000000000000e+00,0.000000000000000000e+00,5.920108200306984508e-02,1.459851449469485307e-01,0.000000000000000000e+00,6.377231320924761637e-02,0.000000000000000000e+00,0.000000000000000000e+00,8.604175744426693917e-02,2.277538336064034996e-01,0.000000000000000000e+00,0.000000000000000000e+00,0.000000000000000000e+00,0.000000000000000000e+00,3.802831222032371228e-02,0.000000000000000000e+00,0.000000000000000000e+00,1.244969634865085717e-01,0.000000000000000000e+00,9.063810199376859389e-02,5.846177320478224831e-02,2.167295831215207847e-03,5.700137905811633598e-02,0.000000000000000000e+00,1.468240253610515050e-02,2.647303410658295025e-02,1.134835408926031242e-01,4.301349678933936993e-02,9.483668908169616552e-02,8.028027676561366732e-02,0.000000000000000000e+00,0.000000000000000000e+00,0.000000000000000000e+00,0.000000000000000000e+00,1.737003654100102712e-01,8.128056953655535266e-02,0.000000000000000000e+00,1.237789183878945237e-01,0.000000000000000000e+00,3.504515084021352089e-02,1.449760049955944874e-02,1.450411356811568964e-01,0.000000000000000000e+00,0.000000000000000000e+00,1.354415697893979545e-02,1.810865783693336659e-02,0.000000000000000000e+00,0.000000000000000000e+00,0.000000000000000000e+00,1.491796051784409320e-02,0.000000000000000000e+00,2.274789522380695622e-02,0.000000000000000000e+00,0.000000000000000000e+00,0.000000000000000000e+00,2.503412188245662112e-02,0.000000000000000000e+00,0.000000000000000000e+00,4.335049866323524570e-02,0.000000000000000000e+00,1.141301363555529969e-01,0.000000000000000000e+00,1.494507063737645150e-02,0.000000000000000000e+00,7.954630571503230885e-03,1.524519463084328050e-02,0.000000000000000000e+00,3.197189795997910228e-02,0.000000000000000000e+00,0.000000000000000000e+00,1.379365728032243832e-01,0.000000000000000000e+00,1.165981986566661834e-02,0.000000000000000000e+00,5.455011635980371032e-02,8.665377467592179361e-02,9.175040120256303111e-02,9.543785621199307734e-02,0.000000000000000000e+00,0.000000000000000000e+00,7.534531479168754542e-02,0.000000000000000000e+00,0.000000000000000000e+00,5.712446889508507146e-03,4.500853156441152192e-02,8.098499914471080086e-02,0.000000000000000000e+00,0.000000000000000000e+00,0.000000000000000000e+00,7.143938154997310844e-03,0.000000000000000000e+00,1.278415439162043921e-01,7.171658955288319481e-02,0.000000000000000000e+00,2.937511151757228600e-02,9.932652669519714816e-02,0.000000000000000000e+00,8.769413102259089599e-02,0.000000000000000000e+00,0.000000000000000000e+00,1.942575062212464065e-01,0.000000000000000000e+00,1.636477100768443105e-01,2.210471985604126055e-02,0.000000000000000000e+00,1.364098914406901009e-01,0.000000000000000000e+00,1.404281098922102178e-01,0.000000000000000000e+00,5.745599394087261280e-02,1.777619737565942493e-01,8.757803766359203990e-02,2.467445265159399770e-01,0.000000000000000000e+00,2.130080036226618054e-02,2.472894692428354024e-03,0.000000000000000000e+00,2.077244548437168215e-02,1.934885746992377753e-01,2.472894692428354024e-03,2.077244548437168215e-02,1.639415037334368275e-01,4.386614883801884246e-02,0.000000000000000000e+00,0.000000000000000000e+00,0.000000000000000000e+00,1.632952361060299173e-01,0.000000000000000000e+00,5.904944011312024399e-02,1.340946583618443932e-01,6.522750659154070638e-03,1.313689925384257766e-02,1.584719626138065759e-02
0.000000000000000000e+00,9.527524784095964261e-02,9.427273841398640941e-02,6.602525706306594522e-02,1.931511863675419716e-01,9.041041151214064542e-02,0.000000000000000000e+00,0.000000000000000000e+00,1.451760461899719301e-01,1.364866262304453327e-02,1.520428094972889332e-01,7.013859802615084182e-02,0.000000000000000000e+00,0.000000000000000000e+00,1.573879486010942297e-01,0.000000000000000000e+00,2.009015539456141530e-01,3.890631891202196713e-02,1.311092218513159324e-01,0.000000000000000000e+00,5.961950085691465617e-02,0.000000000000000000e+00,0.000000000000000000e+00,0.000000000000000000e+00,1.976224335455575853e-01,0.000000000000000000e+00,1.107697704087490104e-01,3.391494082133075100e-02,0.000000000000000000e+00,3.890631891202196713e-02,1.311092218513159324e-01,0.000000000000000000e+00,9.099280533119155634e-02,0.000000000000000000e+00,0.000000000000000000e+00,0.000000000000000000e+00,0.000000000000000000e+00,1.239980211448667158e-01,0.000000000000000000e+00,0.000000000000000000e+00,6.169356933088355338e-02,5.171128103331661466e-03,0.000000000000000000e+00,1.930039928668808025e-01,9.758776099891137285e-03,1.768137151056766165e-01,8.644457802939314872e-02,0.000000000000000000e+00,9.760270129424929164e-02,0.000000000000000000e+00,0.000000000000000000e+00,4.089777806647799940e-02,1.606374097379801441e-02,1.327737419847050404e-01,0.000000000000000000e+00,0.000000000000000000e+00,0.000000000000000000e+00,0.000000000000000000e+00,0.000000000000000000e+00,0.000000000000000000e+00,0.000000000000000000e+00,0.000000000000000000e+00,2.095282114962495057e-01,2.024116368331443580e-02,0.000000000000000000e+00,2.800273224130276351e-01,4.930089392126120462e-02,1.326362592719295685e-01,4.345297200238572299e-02,0.000000000000000000e+00,1.012164389752692739e-01,7.985589717112444308e-02,0.000000000000000000e+00,0.000000000000000000e+00,4.335049866323524570e-02,0.000000000000000000e+00,1.530475993458304540e-01,0.000000000000000000e+00,7.599257795488528755e-02,2.569508426633067971e-02,3.916919309608977995e-02,1.468255831616614160e-01,9.422356333154710550e-02,4.919593967763108422e-02,7.673233649823409108e-02,7.481496945574585278e-02,0.000000000000000000e+00,0.000000000000000000e+00,1.656028435957596634e-01,3.432804432347854456e-02,0.000000000000000000e+00,0.000000000000000000e+00,4.476940393551254171e-02,3.514208465992240543e-02,0.000000000000000000e+00,0.000000000000000000e+00,7.387376317542790338e-02,7.729769936501346139e-03,1.729939470900656584e-01,9.181303594909273613e-02,2.832288933962636562e-02,0.000000000000000000e+00,0.000000000000000000e+00,0.000000000000000000e+00,3.520389951129056227e-02,0.000000000000000000e+00,0.000000000000000000e+00,0.000000000000000000e+00,5.333730772684888710e-02,1.069953741660562285e-01,0.000000000000000000e+00,0.000000000000000000e+00,3.975070240177942110e-02,0.000000000000000000e+00,0.000000000000000000e+00,0.000000000000000000e+00,3.013581108125189343e-03,0.000000000000000000e+00,0.000000000000000000e+00,4.885717719619124197e-03,0.000000000000000000e+00,0.000000000000000000e+00,3.617296701073467735e-02,0.000000000000000000e+00,3.475362646642125852e-02,0.000000000000000000e+00,1.283500436153595103e-01,8.977875135618743063e-02,0.000000000000000000e+00,0.000000000000000000e+00,0.000000000000000000e+00,0.000000000000000000e+00,0.000000000000000000e+00,0.000000000000000000e+00,0.000000000000000000e+00,0.000000000000000000e+00,0.000000000000000000e+00,0.000000000000000000e+00,0.000000000000000000e+00,0.000000000000000000e+00,0.000000000000000000e+00,0.000000000000000000e+00,1.341871144368843860e-01,0.000000000000000000e+00,5.007538654678433954e-02,0.000000000000000000e+00,4.246232347162537391e-02,2.080555801310910932e-02,0.000000000000000000e+00,7.951647746759507585e-02
0.000000000000000000e+00,1.040732252061113416e-02,0.000000000000000000e+00,5.501196400794050589e-02,0.000000000000000000e+00,0.000000000000000000e+00,8.999191390578403782e-02,3.819605143757873189e-02,0.000000000000000000e+00,0.000000000000000000e+00,0.000000000000000000e+00,0.000000000000000000e+00,1.265145969103629864e-01,4.194819961220135063e-02,0.000000000000000000e+00,4.656785998235407620e-02,2.431794137462800487e-02,8.168297499068129242e-02,0.000000000000000000e+00,0.000000000000000000e+00,0.000000000000000000e+00,5.236568735851704348e-02,0.000000000000000000e+00,1.176966913863429845e-02,5.111449843341518001e-02,0.000000000000000000e+00,1.014174197926694249e-01,1.526412862761707401e-01,4.476788366364935212e-02,8.168297499068129242e-02,0.000000000000000000e+00,1.153322427321187560e-01,0.000000000000000000e+00,4.579089164115460187e-02,8.760865259792806337e-02,0.000000000000000000e+00,5.355032673443566038e-02,8.260392014777299258e-03,1.709873019042038728e-02,0.000000000000000000e+00,0.000000000000000000e+00,4.255010328982942319e-02,0.000000000000000000e+00,0.000000000000000000e+00,0.000000000000000000e+00,1.810502302718839523e-02,2.336520693567392323e-02,3.579035432724184118e-02,0.000000000000000000e+00,1.530218397325819601e-01,0.000000000000000000e+00,2.627385592911808676e-02,0.000000000000000000e+00,1.486038241612470390e-01,0.000000000000000000e+00,7.581460219315011573e-02,0.000000000000000000e+00,7.703283162080042101e-02,7.026661449553548051e-03,9.206340317433520104e-02,1.106798494680407419e-01,0.000000000000000000e+00,9.914384737361434108e-02,1.243227859169188099e-01,0.000000000000000000e+00,6.616535963574796120e-02,4.969827708580960846e-02,1.972766650089390061e-01,1.012272214825020444e-03,0.000000000000000000e+00,3.026892569482853707e-02,0.000000000000000000e+00,0.000000000000000000e+00,6.233135072749881878e-02,0.000000000000000000e+00,1.530475993458304540e-01,0.000000000000000000e+00,0.000000000000000000e+00,2.079734865459561405e-02,0.000000000000000000e+00,1.061304251886365790e-01,1.581419924433975222e-01,0.000000000000000000e+00,9.836023458880865933e-02,1.909304775680634864e-02,3.774203730239151372e-02,0.000000000000000000e+00,1.205347920671784173e-01,8.172739466921676021e-02,1.914777742153429829e-02,7.148581263993608603e-02,0.000000000000000000e+00,7.524619729134887636e-02,8.420808250332662004e-02,0.000000000000000000e+00,0.000000000000000000e+00,1.711186556160657624e-01,8.779237285506125144e-02,0.000000000000000000e+00,0.000000000000000000e+00,0.000000000000000000e+00,5.208298297042971911e-03,0.000000000000000000e+00,6.614708780250963538e-02,0.000000000000000000e+00,3.992115781668624519e-02,2.004904997459954971e-02,0.000000000000000000e+00,4.614643915944940944e-02,0.000000000000000000e+00,0.000000000000000000e+00,6.615236977562413689e-02,0.000000000000000000e+00,0.000000000000000000e+00,0.000000000000000000e+00,8.218812659834320855e-02,1.776215021206093564e-02,5.757835018000272143e-02,1.370581054930693383e-02,0.000000000000000000e+00,0.000000000000000000e+00,7.634321118345718804e-02,0.000000000000000000e+00,2.421292780267148698e-02,0.000000000000000000e+00,1.521538520341444711e-01,3.702707225253106492e-03,1.174106003705044365e-02,0.000000000000000000e+00,0.000000000000000000e+00,0.000000000000000000e+00,0.000000000000000000e+00,0.000000000000000000e+00,0.000000000000000000e+00,3.110422169087025124e-02,0.000000000000000000e+00,0.000000000000000000e+00,3.110422169087025124e-02,0.000000000000000000e+00,0.000000000000000000e+00,4.954896429873516944e-02,8.376758522782511499e-03,1.403500680472743317e-02,0.000000000000000000e+00,0.000000000000000000e+00,0.000000000000000000e+00,0.000000000000000000e+00,1.624015814431148952e-01,0.000000000000000000e+00,1.087210038312799026e-02
1.012547117382331940e-01,3.038849678636566104e-02,0.000000000000000000e+00,1.559254910460845245e-01,1.865669161651638264e-01,0.000000000000000000e+00,0.000000000000000000e+00,0.000000000000000000e+00,0.000000000000000000e+00,3.350532371159346823e-02,4.370793295481920082e-02,2.657948524186691530e-02,6.161242176091973055e-02,0.000000000000000000e+00,0.000000000000000000e+00,0.000000000000000000e+00,3.423911259735779034e-02,0.000000000000000000e+00,7.305818206392417427e-03,4.075181252278231581e-02,1.275318156176935835e-01,6.591348168638588856e-02,0.000000000000000000e+00,3.405947875188123503e-02,0.000000000000000000e+00,9.125236061598061832e-03,0.000000000000000000e+00,0.000000000000000000e+00,0.000000000000000000e+00,0.000000000000000000e+00,7.305818206392417427e-03,2.551065790207905914e-01,0.000000000000000000e+00,5.126288049421770174e-03,8.731317209762459730e-02,1.024628077240435642e-01,0.000000000000000000e+00,0.000000000000000000e+00,0.000000000000000000e+00,0.000000000000000000e+00,4.745522570715052235e-02,0.000000000000000000e+00,1.262710201226311946e-01,0.000000000000000000e+00,0.000000000000000000e+00,1.767786456742385659e-01,7.693543954668555229e-02,7.937849097139285104e-02,0.000000000000000000e+00,0.000000000000000000e+00,0.000000000000000000e+00,0.000000000000000000e+00,0.000000000000000000e+00,1.419625836671976893e-01,8.463410241306452975e-02,3.141663178540697599e-02,3.136724982188362348e-02,2.802824699758964949e-02,2.914220760996198978e-01,1.502275664003955846e-01,0.000000000000000000e+00,0.000000000000000000e+00,8.022423422321450781e-02,1.596580323810202762e-01,0.000000000000000000e+00,0.000000000000000000e+00,1.543333321336755604e-01,0.000000000000000000e+00,3.738758861641619524e-02,0.000000000000000000e+00,2.194141715072096543e-01,7.695529530428693588e-02,0.000000000000000000e+00,1.273427786094475933e-01,1.141301363555529969e-01,0.000000000000000000e+00,0.000000000000000000e+00,0.000000000000000000e+00,0.000000000000000000e+00,2.538241045757383962e-01,6.870345118166513998e-02,0.000000000000000000e+00,4.977730853403875000e-02,0.000000000000000000e+00,1.678159714218149245e-01,0.000000000000000000e+00,0.000000000000000000e+00,0.000000000000000000e+00,0.000000000000000000e+00,4.359238483610498177e-02,0.000000000000000000e+00,1.076855119666134258e-01,1.558562411571812745e-01,9.525121096230354523e-02,1.302684215838544740e-02,0.000000000000000000e+00,0.000000000000000000e+00,0.000000000000000000e+00,1.573008239003284570e-02,2.221460501652972389e-02,1.575799752699472145e-01,0.000000000000000000e+00,1.151016496240521297e-01,0.000000000000000000e+00,3.706168841362363076e-02,0.000000000000000000e+00,0.000000000000000000e+00,4.054618488911417712e-02,0.000000000000000000e+00,1.381934233425382019e-01,2.880445224441677624e-03,2.982320222885304767e-02,9.881600742814081184e-02,0.000000000000000000e+00,3.923205336164514029e-02,0.000000000000000000e+00,0.000000000000000000e+00,0.000000000000000000e+00,0.000000000000000000e+00,0.000000000000000000e+00,3.356227240396664202e-02,2.047230581088529608e-02,9.123912154315325096e-02,2.917969085239634913e-02,2.171395865232363803e-02,0.000000000000000000e+00,1.772696278573058226e-01,2.800671674102709341e-01,0.000000000000000000e+00,0.000000000000000000e+00,0.000000000000000000e+00,3.372839552693809861e-02,2.444826514568275433e-02,0.000000000000000000e+00,0.000000000000000000e+00,0.000000000000000000e+00,2.444826514568275433e-02,0.000000000000000000e+00,0.000000000000000000e+00,2.875489947103693905e-02,0.000000000000000000e+00,0.000000000000000000e+00,0.000000000000000000e+00,0.000000000000000000e+00,0.000000000000000000e+00,3.061442917613845655e-02,3.408400758742011205e-02,0.000000000000000000e+00,5.573931470195355592e-02,0.000000000000000000e+00
7.375770833658390480e-02,0.000000000000000000e+00,0.000000000000000000e+00,6.667533984378493095e-02,3.479322454752722255e-02,0.000000000000000000e+00,1.161921363328661805e-01,0.000000000000000000e+00,0.000000000000000000e+00,0.000000000000000000e+00,6.833545973056335057e-03,0.000000000000000000e+00,1.070053681441699711e-01,0.000000000000000000e+00,0.000000000000000000e+00,2.251073026843339875e-01,0.000000000000000000e+00,0.000000000000000000e+00,1.872218085443381466e-03,1.718260529900670908e-01,3.448383321361807308e-02,1.101595658232673580e-01,1.341905389346149668e-01,0.000000000000000000e+00,1.729400962381530404e-02,0.000000000000000000e+00,0.000000000000000000e+00,0.000000000000000000e+00,1.381970555115860644e-01,0.000000000000000000e+00,1.872218085443381466e-03,4.872964417604544463e-02,2.440038618413191418e-02,2.014543417665599079e-01,4.596361757709145623e-05,0.000000000000000000e+00,2.550963782169661867e-02,3.873632066536407403e-02,7.564995909408919750e-02,1.078960133535739052e-01,0.000000000000000000e+00,0.000000000000000000e+00,7.902015909213666589e-02,0.000000000000000000e+00,3.692409532992190629e-02,0.000000000000000000e+00,0.000000000000000000e+00,4.284080445587797048e-02,0.000000000000000000e+00,1.796494107728334733e-01,1.424544764941250083e-02,5.239277250755544624e-02,4.110437059027492041e-02,1.494726961278707023e-01,0.000000000000000000e+00,0.000000000000000000e+00,1.094930835667129732e-01,5.390351506871844667e-02,0.000000000000000000e+00,0.000000000000000000e+00,0.000000000000000000e+00,1.314354385743069509e-01,0.000000000000000000e+00,3.039906932336378792e-02,4.836467886491302784e-03,0.000000000000000000e+00,1.505693169903608297e-01,7.933744201495897264e-02,0.000000000000000000e+00,7.252073083541804577e-02,1.317433032930310499e-01,0.000000000000000000e+00,1.571590742040063216e-01,0.000000000000000000e+00,0.000000000000000000e+00,7.599257795488528755e-02,2.079734865459561405e-02,0.000000000000000000e+00,0.000000000000000000e+00,0.000000000000000000e+00,1.177162626282611674e-01,4.186311023875383119e-02,4.765493731548783342e-03,3.748049524392099013e-02,0.000000000000000000e+00,0.000000000000000000e+00,0.000000000000000000e+00,5.690180111068960517e-02,0.000000000000000000e+00,6.900513879752867563e-02,0.000000000000000000e+00,0.000000000000000000e+00,0.000000000000000000e+00,0.000000000000000000e+00,0.000000000000000000e+00,5.636257595854374247e-02,0.000000000000000000e+00,0.000000000000000000e+00,0.000000000000000000e+00,2.229184393817008197e-02,0.000000000000000000e+00,0.000000000000000000e+00,1.036387369987959994e-01,0.000000000000000000e+00,0.000000000000000000e+00,1.126793767858303708e-01,0.000000000000000000e+00,2.778323706839109716e-02,0.000000000000000000e+00,0.000000000000000000e+00,0.000000000000000000e+00,6.863258511904425652e-04,0.000000000000000000e+00,1.309595585646097238e-01,0.000000000000000000e+00,5.675215104677137218e-02,1.654592090124195475e-02,9.839036989515291542e-03,0.000000000000000000e+00,0.000000000000000000e+00,0.000000000000000000e+00,0.000000000000000000e+00,0.000000000000000000e+00,5.768072899336399578e-03,0.000000000000000000e+00,0.000000000000000000e+00,1.310449021243619179e-02,0.000000000000000000e+00,4.171592506616272206e-02,0.000000000000000000e+00,0.000000000000000000e+00,1.663464982440620021e-01,0.000000000000000000e+00,1.814736956757807135e-02,6.018849913330368527e-03,0.000000000000000000e+00,0.000000000000000000e+00,6.018849913330368527e-03,0.000000000000000000e+00,0.000000000000000000e+00,4.078641969332943984e-02,0.000000000000000000e+00,6.902862047055052797e-02,0.000000000000000000e+00,0.000000000000000000e+00,0.000000000000000000e+00,1.054617721396254593e-01,1.474192595965478567e-02,4.759901943674448022e-02,8.195183598818898962e-03
0.000000000000000000e+00,8.099373937715942384e-02,2.949801445876532383e-02,0.000000000000000000e+00,8.495612226561209679e-02,0.000000000000000000e+00,0.000000000000000000e+00,0.000000000000000000e+00,0.000000000000000000e+00,0.000000000000000000e+00,0.000000000000000000e+00,0.000000000000000000e+00,3.780688110069176100e-02,0.000000000000000000e+00,0.000000000000000000e+00,0.000000000000000000e+00,4.970093914337350705e-02,1.102459361927501658e-01,1.125232466051795943e-01,0.000000000000000000e+00,6.138464896227212308e-02,2.842355346905126035e-02,0.000000000000000000e+00,0.000000000000000000e+00,0.000000000000000000e+00,2.290045404431648862e-02,0.000000000000000000e+00,7.853170172905753199e-02,0.000000000000000000e+00,1.102459361927501658e-01,1.125232466051795943e-01,1.850283495409570100e-01,0.000000000000000000e+00,6.278954345706405996e-03,7.665888073395715763e-02,1.969813458944111861e-01,0.000000000000000000e+00,0.000000000000000000e+00,0.000000000000000000e+00,0.000000000000000000e+00,5.654740957245373012e-02,0.000000000000000000e+00,7.459861371661624663e-02,1.910767337465880955e-02,0.000000000000000000e+00,1.478050980806253079e-01,1.015996104736523881e-01,0.000000000000000000e+00,0.000000000000000000e+00,0.000000000000000000e+00,0.000000000000000000e+00,0.000000000000000000e+00,2.116552142151479493e-02,0.000000000000000000e+00,8.735168504038018367e-02,0.000000000000000000e+00,0.000000000000000000e+00,3.704477104305910207e-02,2.380321850192280153e-01,0.000000000000000000e+00,0.000000000000000000e+00,2.102285296400975556e-02,1.881016310170789962e-01,8.858854116145806201e-02,0.000000000000000000e+00,0.000000000000000000e+00,0.000000000000000000e+00,0.000000000000000000e+00,0.000000000000000000e+00,0.000000000000000000e+00,0.000000000000000000e+00,5.622771289001197992e-02,0.000000000000000000e+00,0.000000000000000000e+00,1.494507063737645150e-02,2.569508426633067971e-02,0.000000000000000000e+00,2.538241045757383962e-01,0.000000000000000000e+00,0.000000000000000000e+00,0.000000000000000000e+00,1.366412500848362688e-01,1.132702920108932115e-02,0.000000000000000000e+00,1.304157136927105165e-01,5.160538200835297629e-02,0.000000000000000000e+00,0.000000000000000000e+00,0.000000000000000000e+00,6.903254865160374232e-02,8.118014513717083935e-02,0.000000000000000000e+00,1.867860424943679210e-01,7.486319319623765955e-02,0.000000000000000000e+00,0.000000000000000000e+00,0.000000000000000000e+00,3.674356196657649343e-02,0.000000000000000000e+00,0.000000000000000000e+00,6.936522925080292404e-03,6.329979091473715569e-02,7.301395493693672856e-02,0.000000000000000000e+00,4.121192826379629220e-02,0.000000000000000000e+00,0.000000000000000000e+00,0.000000000000000000e+00,0.000000000000000000e+00,0.000000000000000000e+00,4.333008716963828583e-02,1.210709679073751210e-01,1.789599750637857478e-02,0.000000000000000000e+00,0.000000000000000000e+00,4.840176464572205212e-03,1.003204376137142029e-01,6.465833799751519173e-03,1.590630317836504437e-01,0.000000000000000000e+00,1.582276915327841538e-01,0.000000000000000000e+00,1.202039281241764762e-01,2.317464770612939484e-01,0.000000000000000000e+00,0.000000000000000000e+00,1.364796643224915340e-01,2.778336651025225396e-02,4.449345912169346690e-02,0.000000000000000000e+00,0.000000000000000000e+00,1.655066742867450647e-01,1.145288371600104160e-01,0.000000000000000000e+00,0.000000000000000000e+00,0.000000000000000000e+00,1.145288371600104160e-01,0.000000000000000000e+00,0.000000000000000000e+00,1.371186880865536140e-01,5.002725711380318074e-02,0.000000000000000000e+00,0.000000000000000000e+00,0.000000000000000000e+00,0.000000000000000000e+00,1.707750980203137092e-01,0.000000000000000000e+00,4.804585417539292136e-02,0.000000000000000000e+00,3.539240629613248090e-02
0.000000000000000000e+00,0.000000000000000000e+00,0.000000000000000000e+00,1.092892581487942254e-03,1.937767122167807776e-02,1.035236957390272550e-01,1.269084146842046623e-01,0.000000000000000000e+00,0.000000000000000000e+00,0.000000000000000000e+00,1.432178349002986018e-01,4.808372317171731580e-02,8.909568708746282151e-02,1.343436477459738210e-01,0.000000000000000000e+00,0.000000000000000000e+00,0.000000000000000000e+00,0.000000000000000000e+00,4.734318699409802156e-02,0.000000000000000000e+00,0.000000000000000000e+00,6.617542560394071294e-02,8.761957271185824569e-02,1.087923976830111467e-01,7.569716791145562895e-02,1.747947144789169238e-01,2.364399247058182173e-03,0.000000000000000000e+00,1.367198856288756870e-01,0.000000000000000000e+00,4.734318699409802156e-02,9.105171910571832616e-02,7.337805805169420048e-02,0.000000000000000000e+00,7.454038541228200088e-02,0.000000000000000000e+00,2.021184970579289336e-02,4.093532155729332628e-02,0.000000000000000000e+00,3.842975656086465575e-02,2.587244077488573546e-02,0.000000000000000000e+00,0.000000000000000000e+00,0.000000000000000000e+00,0.000000000000000000e+00,1.997214641149321762e-02,3.059992141467880039e-02,1.050303931156592874e-01,2.118355948649834619e-02,2.423738365089124838e-02,1.333718171469694055e-02,0.000000000000000000e+00,6.621958222405699424e-02,9.201905211860467171e-02,8.422123220308758151e-02,0.000000000000000000e+00,1.011947615106522924e-01,8.900248195499388393e-02,1.453280609844355142e-01,6.896708142401794528e-02,5.965474931004160174e-03,0.000000000000000000e+00,0.000000000000000000e+00,2.329349226216553131e-02,0.000000000000000000e+00,0.000000000000000000e+00,0.000000000000000000e+00,7.324918392594093053e-02,5.285081070210150000e-02,0.000000000000000000e+00,0.000000000000000000e+00,2.102078684387318278e-02,0.000000000000000000e+00,1.879485922866920219e-02,0.000000000000000000e+00,3.916919309608977995e-02,1.061304251886365790e-01,6.870345118166513998e-02,1.177162626282611674e-01,0.000000000000000000e+00,0.000000000000000000e+00,0.000000000000000000e+00,0.000000000000000000e+00,0.000000000000000000e+00,7.380059513697485168e-03,0.000000000000000000e+00,1.990372528466225963e-02,0.000000000000000000e+00,3.229592576279281813e-02,0.000000000000000000e+00,0.000000000000000000e+00,0.000000000000000000e+00,0.000000000000000000e+00,0.000000000000000000e+00,3.612808618832859253e-02,0.000000000000000000e+00,0.000000000000000000e+00,0.000000000000000000e+00,5.613192709570105632e-02,0.000000000000000000e+00,1.564102917935594403e-02,0.000000000000000000e+00,1.287912303193620434e-01,0.000000000000000000e+00,4.597781816468304167e-02,1.422641875617774720e-01,0.000000000000000000e+00,0.000000000000000000e+00,0.000000000000000000e+00,0.000000000000000000e+00,5.984030560203278809e-02,0.000000000000000000e+00,0.000000000000000000e+00,0.000000000000000000e+00,0.000000000000000000e+00,0.000000000000000000e+00,1.313429341921028559e-01,0.000000000000000000e+00,0.000000000000000000e+00,0.000000000000000000e+00,0.000000000000000000e+00,3.271549768372006284e-02,4.884988172126919492e-02,0.000000000000000000e+00,1.030155230899564844e-01,0.000000000000000000e+00,0.000000000000000000e+00,0.000000000000000000e+00,9.102702452075554784e-02,0.000000000000000000e+00,7.561541215531164539e-02,1.261958590795417279e-02,1.027555680151149425e-02,0.000000000000000000e+00,0.000000000000000000e+00,1.303543207157882855e-01,1.027555680151149425e-02,0.000000000000000000e+00,3.021855989406617427e-02,1.008680985017550713e-01,0.000000000000000000e+00,0.000000000000000000e+00,9.769337184427313164e-03,7.803077434888489039e-02,8.046400511888275250e-03,7.348509432340015468e-02,1.337290386270721665e-01,0.000000000000000000e+00,0.000000000000000000e+00,0.000000000000000000e+00
0.000000000000000000e+00,2.586699813734305575e-02,6.165106914549017131e-02,9.188118510266757993e-03,2.068427512944253643e-01,8.062647583016192832e-02,0.000000000000000000e+00,0.000000000000000000e+00,6.880744066273761228e-02,0.000000000000000000e+00,7.741953205517579373e-02,5.301625164493432851e-02,7.592077762313548250e-04,0.000000000000000000e+00,1.067280601558436848e-01,1.816082451883053658e-02,1.326971263275000257e-01,1.049620481204576877e-01,8.387295035023431544e-02,6.420372940089158487e-02,0.000000000000000000e+00,3.757290888130419837e-03,0.000000000000000000e+00,5.767604535741827770e-02,7.863437646577603468e-02,0.000000000000000000e+00,1.766203124493172542e-03,5.969262729042157378e-02,1.024929308055699123e-01,1.049620481204576877e-01,8.387295035023431544e-02,0.000000000000000000e+00,2.097282457078970125e-02,7.029869757614330000e-03,1.864390315834163481e-02,1.039434510911801668e-01,0.000000000000000000e+00,0.000000000000000000e+00,0.000000000000000000e+00,0.000000000000000000e+00,5.331599700594195218e-02,0.000000000000000000e+00,0.000000000000000000e+00,5.154726126415244691e-02,0.000000000000000000e+00,1.436034253927589988e-01,8.888384783780980958e-02,0.000000000000000000e+00,4.464084289977959807e-02,0.000000000000000000e+00,0.000000000000000000e+00,0.000000000000000000e+00,4.125061284209555201e-02,4.389478838108699932e-02,0.000000000000000000e+00,0.000000000000000000e+00,2.625337746658499422e-02,0.000000000000000000e+00,0.000000000000000000e+00,1.241084136540721167e-01,8.483254494786038324e-02,3.988600923110546467e-03,1.369441525353205236e-01,0.000000000000000000e+00,2.844181012819119864e-02,2.899335470292073447e-02,6.098311054100638562e-02,5.195934586170777858e-02,0.000000000000000000e+00,0.000000000000000000e+00,8.554553970223988113e-02,0.000000000000000000e+00,6.537298961940284092e-02,0.000000000000000000e+00,7.954630571503230885e-03,1.468255831616614160e-01,1.581419924433975222e-01,0.000000000000000000e+00,4.186311023875383119e-02,1.366412500848362688e-01,0.000000000000000000e+00,0.000000000000000000e+00,1.746698707369187878e-02,7.913606691716518204e-02,0.000000000000000000e+00,0.000000000000000000e+00,0.000000000000000000e+00,0.000000000000000000e+00,1.685063684091280267e-01,0.000000000000000000e+00,0.000000000000000000e+00,0.000000000000000000e+00,0.000000000000000000e+00,3.934797838589615404e-02,4.270993544753685922e-02,0.000000000000000000e+00,2.699174360423177085e-02,1.247712024612479820e-01,3.257183622697761710e-02,4.912934247498501605e-02,0.000000000000000000e+00,0.000000000000000000e+00,8.008850813990819884e-02,6.832863368812368450e-04,0.000000000000000000e+00,0.000000000000000000e+00,0.000000000000000000e+00,0.000000000000000000e+00,0.000000000000000000e+00,8.463365057730085073e-02,0.000000000000000000e+00,6.628560775115878087e-03,0.000000000000000000e+00,0.000000000000000000e+00,0.000000000000000000e+00,5.794777671683709608e-02,1.134359352740348936e-01,0.000000000000000000e+00,0.000000000000000000e+00,1.330138091596426153e-01,1.113742360197393366e-01,4.910491335928914014e-02,0.000000000000000000e+00,7.229650190992098491e-02,5.127565978072973901e-02,8.832149374622064175e-02,1.241378571381214491e-01,0.000000000000000000e+00,0.000000000000000000e+00,0.000000000000000000e+00,0.000000000000000000e+00,6.464907758393220738e-02,0.000000000000000000e+00,1.454327751410174757e-02,3.502750220303810919e-02,0.000000000000000000e+00,0.000000000000000000e+00,3.502750220303810919e-02,4.031272537168564818e-02,0.000000000000000000e+00,7.117002520706418311e-02,2.818722535623391021e-02,0.000000000000000000e+00,1.538481888551379920e-02,0.000000000000000000e+00,0.000000000000000000e+00,4.277092996661679969e-02,1.043210618769079695e-01,2.566557116812803047e-02,0.000000000000000000e+00
0.000000000000000000e+00,1.077532550421339899e-02,0.000000000000000000e+00,0.000000000000000000e+00,1.305801441251905892e-01,1.345446642231331869e-01,8.320277050557673554e-03,0.000000000000000000e+00,0.000000000000000000e+00,0.000000000000000000e+00,1.822600703263949351e-01,1.282668171681772273e-01,0.000000000000000000e+00,0.000000000000000000e+00,7.445243775529095109e-02,0.000000000000000000e+00,4.338301334513286131e-03,2.568313696844077426e-02,1.029943422737118752e-01,0.000000000000000000e+00,0.000000000000000000e+00,0.000000000000000000e+00,3.201047079932740208e-02,0.000000000000000000e+00,8.621980673823020913e-02,0.000000000000000000e+00,0.000000000000000000e+00,3.620654351091523449e-02,0.000000000000000000e+00,2.568313696844077426e-02,1.029943422737118752e-01,2.373328248430896584e-02,1.876670068089466778e-02,1.598456007168894827e-02,0.000000000000000000e+00,0.000000000000000000e+00,2.050097317608857300e-02,0.000000000000000000e+00,0.000000000000000000e+00,0.000000000000000000e+00,4.500293404374702821e-02,1.910527977891935542e-02,0.000000000000000000e+00,6.622640466831994366e-02,1.430857449865856612e-01,0.000000000000000000e+00,0.000000000000000000e+00,0.000000000000000000e+00,1.500482189811269962e-01,5.333892723652633450e-02,1.423657772946574085e-01,4.387738855639705671e-02,0.000000000000000000e+00,0.000000000000000000e+00,3.939200511593624054e-02,4.706036564980128900e-02,3.822301997998703293e-02,0.000000000000000000e+00,0.000000000000000000e+00,2.223478795013921275e-02,9.960176037117916825e-02,0.000000000000000000e+00,0.000000000000000000e+00,1.034709614532078326e-01,1.493748906068764204e-01,2.052946059902198070e-02,0.000000000000000000e+00,4.907169732018162867e-02,8.281014126780646134e-02,1.105525588401421594e-01,5.952563317536566784e-02,8.877422748288063548e-02,0.000000000000000000e+00,0.000000000000000000e+00,1.524519463084328050e-02,9.422356333154710550e-02,0.000000000000000000e+00,4.977730853403875000e-02,4.765493731548783342e-03,1.132702920108932115e-02,0.000000000000000000e+00,1.746698707369187878e-02,0.000000000000000000e+00,1.968579095455146727e-02,8.417074447567661488e-02,1.108326088878490712e-01,0.000000000000000000e+00,0.000000000000000000e+00,0.000000000000000000e+00,3.414537345166961807e-02,0.000000000000000000e+00,4.456246295275240882e-02,9.751383586859535546e-03,5.193027784564568927e-02,0.000000000000000000e+00,1.350065406466878157e-02,0.000000000000000000e+00,6.079020075081741775e-02,0.000000000000000000e+00,0.000000000000000000e+00,1.316730786139314602e-01,3.522134486381578444e-02,0.000000000000000000e+00,0.000000000000000000e+00,4.186860207379793780e-02,7.881945616069824245e-02,1.104356674503063629e-01,0.000000000000000000e+00,0.000000000000000000e+00,5.204211499309090855e-03,3.556097163594625077e-02,0.000000000000000000e+00,0.000000000000000000e+00,1.462290230155449122e-01,2.494344800944517208e-03,0.000000000000000000e+00,0.000000000000000000e+00,0.000000000000000000e+00,1.364733348202031016e-01,0.000000000000000000e+00,0.000000000000000000e+00,0.000000000000000000e+00,0.000000000000000000e+00,0.000000000000000000e+00,0.000000000000000000e+00,0.000000000000000000e+00,1.226184735831430950e-01,0.000000000000000000e+00,1.069832692941045937e-02,4.204452142950403093e-02,0.000000000000000000e+00,0.000000000000000000e+00,0.000000000000000000e+00,3.809398405013508099e-02,0.000000000000000000e+00,5.336075657426397889e-02,0.000000000000000000e+00,0.000000000000000000e+00,5.458519380258745717e-03,0.000000000000000000e+00,0.000000000000000000e+00,0.000000000000000000e+00,0.000000000000000000e+00,0.000000000000000000e+00,8.767001546182214000e-02,0.000000000000000000e+00,0.000000000000000000e+00,0.000000000000000000e+00,1.867405046327961227e-01,0.000000000000000000e+00
0.000000000000000000e+00,0.000000000000000000e+00,0.000000000000000000e+00,0.000000000000000000e+00,7.709451812415246685e-02,0.000000000000000000e+00,0.000000000000000000e+00,1.261012916218353860e-02,0.000000000000000000e+00,0.000000000000000000e+00,0.000000000000000000e+00,5.523676094698605488e-02,0.000000000000000000e+00,5.952797570414589123e-02,0.000000000000000000e+00,6.599497695158729194e-02,1.960795027144454639e-02,0.000000000000000000e+00,9.947948669523696760e-03,0.000000000000000000e+00,0.000000000000000000e+00,1.852228880666519431e-02,0.000000000000000000e+00,0.000000000000000000e+00,5.133926703040257028e-02,0.000000000000000000e+00,0.000000000000000000e+00,2.591218736840509296e-01,0.000000000000000000e+00,0.000000000000000000e+00,9.947948669523696760e-03,0.000000000000000000e+00,5.011716986800084095e-02,1.983915307062491910e-03,0.000000000000000000e+00,2.689188583805584010e-01,0.000000000000000000e+00,1.944406387836630778e-02,0.000000000000000000e+00,1.219769036016973146e-02,1.912039099321274638e-01,0.000000000000000000e+00,0.000000000000000000e+00,7.207009520113744072e-02,0.000000000000000000e+00,0.000000000000000000e+00,0.000000000000000000e+00,0.000000000000000000e+00,3.246148213286752932e-02,1.500763120145080093e-02,1.985941571725329813e-01,8.721589093965458062e-02,0.000000000000000000e+00,1.244644959073735457e-01,0.000000000000000000e+00,5.032829612365206928e-02,1.143495176886486220e-01,0.000000000000000000e+00,0.000000000000000000e+00,5.321995174058634370e-02,1.792930749760346942e-01,0.000000000000000000e+00,2.959705200103406736e-02,2.016333147489536570e-02,0.000000000000000000e+00,7.743713901304460911e-02,1.080429207520022666e-01,4.908763693640530446e-02,3.350945630032962572e-03,9.243790481100352951e-02,1.441929556391572387e-01,3.102290929468161720e-02,3.044147939617482951e-02,1.807702825951802983e-01,0.000000000000000000e+00,4.919593967763108422e-02,9.836023458880865933e-02,0.000000000000000000e+00,3.748049524392099013e-02,0.000000000000000000e+00,0.000000000000000000e+00,7.913606691716518204e-02,1.968579095455146727e-02,0.000000000000000000e+00,1.643727969859327398e-01,1.127097853852218057e-01,1.649162867428502488e-02,4.847912805784442003e-02,0.000000000000000000e+00,1.087211720045454244e-01,5.106006061247596317e-02,0.000000000000000000e+00,0.000000000000000000e+00,0.000000000000000000e+00,0.000000000000000000e+00,0.000000000000000000e+00,1.381009371800086816e-01,0.000000000000000000e+00,7.724488872051218924e-02,0.000000000000000000e+00,1.123297068597915727e-01,0.000000000000000000e+00,0.000000000000000000e+00,2.012262789455534703e-03,0.000000000000000000e+00,3.580132721099840709e-02,1.121284615577242405e-01,0.000000000000000000e+00,0.000000000000000000e+00,2.126577735390986768e-01,1.796290844655157315e-02,1.635945482531390160e-01,5.185512817165432303e-03,2.265135125590943543e-01,1.295216265930395350e-01,0.000000000000000000e+00,0.000000000000000000e+00,0.000000000000000000e+00,0.000000000000000000e+00,0.000000000000000000e+00,0.000000000000000000e+00,0.000000000000000000e+00,2.072393792488352871e-02,0.000000000000000000e+00,0.000000000000000000e+00,0.000000000000000000e+00,3.448286394486705514e-02,0.000000000000000000e+00,0.000000000000000000e+00,1.614969410694453225e-02,0.000000000000000000e+00,4.907998437455723256e-02,1.534255672767270151e-01,1.089198566796544115e-01,0.000000000000000000e+00,0.000000000000000000e+00,1.534255672767270151e-01,0.000000000000000000e+00,3.120168880064774948e-03,0.000000000000000000e+00,1.810911478106819739e-01,0.000000000000000000e+00,3.315443142691573142e-01,0.000000000000000000e+00,9.034426715794754981e-02,2.696175781405965588e-02,5.905275912985152170e-02,2.207210682760380599e-02,0.000000000000000000e+00,4.008293954653600194e-02
0.000000000000000000e+00,1.230826083133254867e-01,4.260915107936365243e-02,0.000000000000000000e+00,3.424075399238193235e-02,8.218429824172492071e-02,0.000000000000000000e+00,1.386625160798164724e-01,0.000000000000000000e+00,7.124745822099151638e-02,2.103174499857234925e-01,7.905990075102672932e-02,1.974432174127389947e-03,2.883303821897667540e-02,1.315152957530921762e-01,0.000000000000000000e+00,4.822717139854243440e-02,0.000000000000000000e+00,1.256004381240136136e-01,0.000000000000000000e+00,0.000000000000000000e+00,0.000000000000000000e+00,0.000000000000000000e+00,0.000000000000000000e+00,0.000000000000000000e+00,1.410941930015938671e-02,2.462200148682880570e-03,2.591783048764193520e-01,0.000000000000000000e+00,0.000000000000000000e+00,1.256004381240136136e-01,1.403406897346846649e-01,0.000000000000000000e+00,0.000000000000000000e+00,0.000000000000000000e+00,1.330662545946946218e-01,1.493843751866592018e-01,0.000000000000000000e+00,1.089159345321110833e-01,0.000000000000000000e+00,8.799825093237138851e-02,1.158641039333584699e-01,4.392385765836095968e-02,9.683150953247240955e-02,7.315269745112176758e-02,1.002231808467903967e-01,2.605911168361624286e-02,9.111141995434567792e-03,0.000000000000000000e+00,1.514021022276218140e-03,9.599503725646589547e-02,0.000000000000000000e+00,0.000000000000000000e+00,0.000000000000000000e+00,9.837024863359786209e-02,4.468091506135020430e-02,3.107900350651647894e-02,7.904564817762579909e-02,7.689478665640309130e-02,0.000000000000000000e+00,1.847634452482695422e-01,0.000000000000000000e+00,0.000000000000000000e+00,1.027352042773661267e-01,2.078087619638097766e-02,1.077204764524047342e-01,3.197246634017904265e-02,0.000000000000000000e+00,0.000000000000000000e+00,0.000000000000000000e+00,8.569793716584246657e-02,5.714821042494881015e-02,5.440219022229823842e-02,0.000000000000000000e+00,3.197189795997910228e-02,7.673233649823409108e-02,1.909304775680634864e-02,1.678159714218149245e-01,0.000000000000000000e+00,1.304157136927105165e-01,7.380059513697485168e-03,0.000000000000000000e+00,8.417074447567661488e-02,1.643727969859327398e-01,0.000000000000000000e+00,6.777056330074679447e-02,0.000000000000000000e+00,0.000000000000000000e+00,0.000000000000000000e+00,6.340566497513830391e-02,0.000000000000000000e+00,1.046358320894532831e-02,6.205663790763427112e-02,1.180557356352156667e-01,0.000000000000000000e+00,0.000000000000000000e+00,9.545318189942723908e-02,6.183673440952733302e-02,0.000000000000000000e+00,0.000000000000000000e+00,5.070893470385089141e-02,7.588145871633850126e-02,9.049811404191445557e-03,3.656842677954953713e-02,0.000000000000000000e+00,1.092533947820424345e-01,0.000000000000000000e+00,0.000000000000000000e+00,0.000000000000000000e+00,0.000000000000000000e+00,0.000000000000000000e+00,0.000000000000000000e+00,0.000000000000000000e+00,0.000000000000000000e+00,0.000000000000000000e+00,0.000000000000000000e+00,4.054539976091434128e-02,0.000000000000000000e+00,0.000000000000000000e+00,0.000000000000000000e+00,1.635417391589148034e-02,0.000000000000000000e+00,1.517611468427557120e-01,3.528165681133434151e-02,2.142858513984364222e-01,0.000000000000000000e+00,0.000000000000000000e+00,2.074915310219033748e-01,1.865121004150582795e-02,0.000000000000000000e+00,0.000000000000000000e+00,0.000000000000000000e+00,1.210204951990516836e-01,0.000000000000000000e+00,2.155318508194588312e-02,0.000000000000000000e+00,1.210204951990516836e-01,2.155318508194588312e-02,0.000000000000000000e+00,6.387875153861947986e-02,2.309383986137720710e-02,9.167434055023310213e-02,1.023021790059741448e-01,0.000000000000000000e+00,0.000000000000000000e+00,1.117739484151661633e-01,8.991899116954782389e-02,3.217048198997154301e-02,1.410129169415082553e-02,0.000000000000000000e+00
0.000000000000000000e+00,1.097594243472438946e-01,0.000000000000000000e+00,0.000000000000000000e+00,0.000000000000000000e+00,0.000000000000000000e+00,6.400212100795994730e-02,2.240193665248574884e-01,0.000000000000000000e+00,0.000000000000000000e+00,0.000000000000000000e+00,0.000000000000000000e+00,7.246088862928182217e-02,1.022608074996287919e-01,2.679431711617295819e-02,0.000000000000000000e+00,0.000000000000000000e+00,0.000000000000000000e+00,9.755933200929597926e-02,0.000000000000000000e+00,0.000000000000000000e+00,0.000000000000000000e+00,0.000000000000000000e+00,0.000000000000000000e+00,1.084780919707465860e-02,0.000000000000000000e+00,0.000000000000000000e+00,2.118685762865720190e-01,0.000000000000000000e+00,0.000000000000000000e+00,9.755933200929597926e-02,3.538630078844308413e-02,1.627181580134827443e-01,2.957704525305997895e-02,2.591718399852038779e-02,0.000000000000000000e+00,1.015625960940932937e-01,0.000000000000000000e+00,0.000000000000000000e+00,6.528135095280546141e-02,0.000000000000000000e+00,4.022151506318307618e-02,0.000000000000000000e+00,8.419925598562587321e-02,0.000000000000000000e+00,0.000000000000000000e+00,0.000000000000000000e+00,0.000000000000000000e+00,0.000000000000000000e+00,1.341107734879287139e-01,0.000000000000000000e+00,0.000000000000000000e+00,1.324463381173569820e-01,3.604342731519531544e-03,0.000000000000000000e+00,4.824155147643278269e-02,1.903860306892330920e-02,1.294957449078128209e-02,3.121787401771517617e-02,0.000000000000000000e+00,8.186557049364878713e-02,0.000000000000000000e+00,1.079885866586639681e-01,0.000000000000000000e+00,6.588315651496641501e-02,6.750389088379213365e-02,0.000000000000000000e+00,0.000000000000000000e+00,0.000000000000000000e+00,0.000000000000000000e+00,0.000000000000000000e+00,8.098459705667787611e-02,2.809125431058714581e-02,0.000000000000000000e+00,0.000000000000000000e+00,7.481496945574585278e-02,3.774203730239151372e-02,0.000000000000000000e+00,0.000000000000000000e+00,5.160538200835297629e-02,0.000000000000000000e+00,0.000000000000000000e+00,1.108326088878490712e-01,1.127097853852218057e-01,6.777056330074679447e-02,0.000000000000000000e+00,1.027384904855216385e-01,9.206182629460980121e-03,0.000000000000000000e+00,0.000000000000000000e+00,0.000000000000000000e+00,0.000000000000000000e+00,0.000000000000000000e+00,0.000000000000000000e+00,0.000000000000000000e+00,0.000000000000000000e+00,0.000000000000000000e+00,0.000000000000000000e+00,0.000000000000000000e+00,0.000000000000000000e+00,1.195017893744362292e-01,0.000000000000000000e+00,0.000000000000000000e+00,8.766351617833637033e-02,3.924322266759724953e-02,0.000000000000000000e+00,6.425173390092422943e-02,0.000000000000000000e+00,0.000000000000000000e+00,0.000000000000000000e+00,1.092058158322629230e-01,0.000000000000000000e+00,4.421660113703879125e-02,0.000000000000000000e+00,0.000000000000000000e+00,2.225264180326496852e-02,7.093682663301498215e-02,1.327411053299068673e-02,1.302968674358418733e-01,3.780209440551156319e-02,0.000000000000000000e+00,0.000000000000000000e+00,0.000000000000000000e+00,1.489240356809121146e-01,0.000000000000000000e+00,0.000000000000000000e+00,1.385804165822552281e-01,0.000000000000000000e+00,0.000000000000000000e+00,0.000000000000000000e+00,0.000000000000000000e+00,1.257223669295684521e-02,9.361434728476292211e-02,4.953420390023460795e-02,0.000000000000000000e+00,0.000000000000000000e+00,9.361434728476292211e-02,0.000000000000000000e+00,5.176443043643300101e-03,0.000000000000000000e+00,1.797318154965629189e-01,0.000000000000000000e+00,0.000000000000000000e+00,0.000000000000000000e+00,0.000000000000000000e+00,2.597476794385707860e-02,0.000000000000000000e+00,6.606589396467671405e-02,5.028411862640114194e-02,2.686826326496238870e-01
0.000000000000000000e+00,1.759104444700538838e-01,1.132749226514619817e-02,3.938047441293805739e-02,0.000000000000000000e+00,1.240595941348867914e-01,1.008453524170072058e-01,2.171901525089494911e-01,0.000000000000000000e+00,2.902468140816827358e-02,1.702617417923197873e-01,1.194703738240930624e-01,0.000000000000000000e+00,4.439377795138428617e-02,0.000000000000000000e+00,0.000000000000000000e+00,3.436251117054235638e-02,6.542617426686320181e-02,1.356861897879600987e-01,0.000000000000000000e+00,2.728567695597377413e-02,0.000000000000000000e+00,0.000000000000000000e+00,0.000000000000000000e+00,1.660739194640019067e-01,2.375252552682906304e-02,0.000000000000000000e+00,1.153713881543982911e-01,0.000000000000000000e+00,6.542617426686320181e-02,1.356861897879600987e-01,0.000000000000000000e+00,0.000000000000000000e+00,7.754150225478590244e-03,0.000000000000000000e+00,0.000000000000000000e+00,0.000000000000000000e+00,1.739078456929229466e-01,1.823859277745667196e-01,0.000000000000000000e+00,7.702449161842922498e-02,1.723720103258933878e-01,0.000000000000000000e+00,1.160883891952678160e-01,1.715618051181219128e-01,0.000000000000000000e+00,0.000000000000000000e+00,4.304094263689275945e-02,1.483518387470211253e-01,2.306970756719452578e-02,2.169318836551215740e-02,4.276227636291060619e-02,0.000000000000000000e+00,0.000000000000000000e+00,0.000000000000000000e+00,2.304431959843046898e-02,0.000000000000000000e+00,5.781459480372315440e-02,7.499868237332374399e-02,0.000000000000000000e+00,0.000000000000000000e+00,1.430178698348364696e-01,2.058634518790549220e-02,0.000000000000000000e+00,5.465210492687581564e-03,7.101948263079289891e-02,8.652700906658723767e-02,8.859146155336999895e-02,0.000000000000000000e+00,0.000000000000000000e+00,4.205933062105751685e-02,9.560024236905011186e-02,1.611214378097706734e-01,0.000000000000000000e+00,0.000000000000000000e+00,0.000000000000000000e+00,0.000000000000000000e+00,0.000000000000000000e+00,0.000000000000000000e+00,0.000000000000000000e+00,1.990372528466225963e-02,0.000000000000000000e+00,0.000000000000000000e+00,1.649162867428502488e-02,0.000000000000000000e+00,1.027384904855216385e-01,0.000000000000000000e+00,2.506850603305878222e-02,1.079058348246708090e-03,0.000000000000000000e+00,0.000000000000000000e+00,0.000000000000000000e+00,0.000000000000000000e+00,0.000000000000000000e+00,0.000000000000000000e+00,1.946110019717395279e-02,1.129137392167838538e-01,0.000000000000000000e+00,9.726497949032485157e-02,2.049059419820405126e-01,2.087463709130814582e-01,1.096045800263784620e-01,0.000000000000000000e+00,0.000000000000000000e+00,5.831975988098660191e-02,1.322976367009608481e-02,0.000000000000000000e+00,8.398914703674962429e-03,6.935015455831844422e-02,5.496442322186854967e-02,0.000000000000000000e+00,6.235793797274513661e-02,9.501769998796070343e-03,0.000000000000000000e+00,1.172115853810755046e-02,1.008670330575488633e-01,1.438767429570982949e-02,0.000000000000000000e+00,0.000000000000000000e+00,1.477350067552061219e-01,8.019262641799126956e-02,4.163292523498825226e-02,0.000000000000000000e+00,2.676416528327744959e-02,1.737833034548538769e-03,0.000000000000000000e+00,7.396535674460660847e-02,0.000000000000000000e+00,0.000000000000000000e+00,0.000000000000000000e+00,0.000000000000000000e+00,4.111773307284385254e-02,0.000000000000000000e+00,1.375433270614273215e-02,0.000000000000000000e+00,0.000000000000000000e+00,0.000000000000000000e+00,0.000000000000000000e+00,0.000000000000000000e+00,0.000000000000000000e+00,4.358186011811292226e-02,0.000000000000000000e+00,0.000000000000000000e+00,0.000000000000000000e+00,0.000000000000000000e+00,0.000000000000000000e+00,7.399443460241153514e-02,8.461930126899225302e-02,0.000000000000000000e+00,0.000000000000000000e+00
1.464942920631671641e-01,0.000000000000000000e+00,0.000000000000000000e+00,0.000000000000000000e+00,0.000000000000000000e+00,0.000000000000000000e+00,2.666511810080327560e-01,4.342277987343580448e-02,0.000000000000000000e+00,3.993386199421640470e-02,0.000000000000000000e+00,0.000000000000000000e+00,2.262274775338393717e-01,0.000000000000000000e+00,0.000000000000000000e+00,7.995213875836629236e-02,0.000000000000000000e+00,1.628701602411528407e-02,0.000000000000000000e+00,0.000000000000000000e+00,7.501051133043050434e-02,9.379051878794356090e-02,8.694774259241946912e-02,5.682063189621335345e-03,0.000000000000000000e+00,0.000000000000000000e+00,1.403913492784145123e-01,5.575212630625166893e-02,6.690637001959173769e-02,1.628701602411528407e-02,0.000000000000000000e+00,1.016262916521434301e-01,0.000000000000000000e+00,8.973954631355282596e-02,4.758745557835926399e-02,0.000000000000000000e+00,2.479188825860242570e-02,0.000000000000000000e+00,5.099507212792507224e-03,1.055244121146005215e-01,0.000000000000000000e+00,0.000000000000000000e+00,4.144027246169784684e-02,0.000000000000000000e+00,0.000000000000000000e+00,0.000000000000000000e+00,0.000000000000000000e+00,0.000000000000000000e+00,0.000000000000000000e+00,1.607533215145706962e-01,0.000000000000000000e+00,1.710565731818925184e-01,1.679465685332735131e-02,0.000000000000000000e+00,7.840922392332011492e-02,2.733553448164409774e-02,1.171130198314899729e-01,6.161488486722721536e-02,3.657153655347973598e-02,0.000000000000000000e+00,1.646519273789872617e-01,1.375686558414711616e-02,6.378599243752731962e-02,0.000000000000000000e+00,0.000000000000000000e+00,4.711414545215680122e-02,0.000000000000000000e+00,0.000000000000000000e+00,4.704014685815484376e-02,1.079186588958848808e-01,0.000000000000000000e+00,0.000000000000000000e+00,0.000000000000000000e+00,4.465346942269719788e-02,1.379365728032243832e-01,0.000000000000000000e+00,1.205347920671784173e-01,0.000000000000000000e+00,5.690180111068960517e-02,0.000000000000000000e+00,0.000000000000000000e+00,0.000000000000000000e+00,0.000000000000000000e+00,4.847912805784442003e-02,0.000000000000000000e+00,9.206182629460980121e-03,2.506850603305878222e-02,0.000000000000000000e+00,0.000000000000000000e+00,0.000000000000000000e+00,4.434330046036311784e-02,0.000000000000000000e+00,5.609427792062297163e-02,0.000000000000000000e+00,0.000000000000000000e+00,0.000000000000000000e+00,1.400275118659607965e-01,7.026827015600069660e-04,7.060621832770064277e-02,0.000000000000000000e+00,1.406668407532239429e-01,0.000000000000000000e+00,0.000000000000000000e+00,4.815175667255115061e-02,0.000000000000000000e+00,3.342526808548657025e-02,1.280540270065580466e-01,5.481984716371416516e-02,1.175022023854736947e-01,5.582593905929388034e-02,0.000000000000000000e+00,0.000000000000000000e+00,7.673818889607759985e-02,0.000000000000000000e+00,4.224394854827546661e-03,2.123984652643287063e-01,0.000000000000000000e+00,2.423236917132009505e-01,0.000000000000000000e+00,2.750799644865118548e-02,0.000000000000000000e+00,0.000000000000000000e+00,2.634809659016843376e-03,0.000000000000000000e+00,0.000000000000000000e+00,3.618267441149625868e-02,0.000000000000000000e+00,5.565828809431867807e-02,1.203597194122686120e-01,0.000000000000000000e+00,0.000000000000000000e+00,0.000000000000000000e+00,4.155394084113231412e-02,0.000000000000000000e+00,1.769137268364494309e-03,0.000000000000000000e+00,4.155394084113231412e-02,1.769137268364494309e-03,0.000000000000000000e+00,0.000000000000000000e+00,3.470253150819185145e-02,8.341251432343993466e-02,0.000000000000000000e+00,0.000000000000000000e+00,0.000000000000000000e+00,0.000000000000000000e+00,1.631213765181189958e-03,7.150214555566014596e-02,0.000000000000000000e+00,1.819734829672529919e-01
0.000000000000000000e+00,1.776506839710017549e-01,0.000000000000000000e+00,1.103420552703469615e-01,0.000000000000000000e+00,1.124705215007143905e-01,4.656113452035193223e-02,3.173163179184745886e-02,0.000000000000000000e+00,8.190431493305372346e-02,5.874339478991743441e-02,1.078251741722866409e-03,9.427605695922811058e-02,7.311917568030003312e-02,1.107304448306679068e-01,0.000000000000000000e+00,8.175836747220613376e-02,0.000000000000000000e+00,0.000000000000000000e+00,0.000000000000000000e+00,0.000000000000000000e+00,0.000000000000000000e+00,0.000000000000000000e+00,1.391149885048552359e-01,3.055188878839904323e-02,6.100246956298860379e-02,1.095865732737250076e-01,0.000000000000000000e+00,1.662016353984565598e-01,0.000000000000000000e+00,0.000000000000000000e+00,0.000000000000000000e+00,7.200952705333740766e-02,0.000000000000000000e+00,0.000000000000000000e+00,0.000000000000000000e+00,0.000000000000000000e+00,0.000000000000000000e+00,1.031035185532616638e-01,0.000000000000000000e+00,0.000000000000000000e+00,1.652186067560845462e-01,0.000000000000000000e+00,7.228718261090666397e-02,0.000000000000000000e+00,3.600996964615648527e-02,0.000000000000000000e+00,1.447995719067249887e-01,1.295182151838756845e-01,0.000000000000000000e+00,0.000000000000000000e+00,0.000000000000000000e+00,1.701917528747681763e-02,7.194876976782789424e-02,5.030528853783927667e-02,4.316656594149406723e-02,0.000000000000000000e+00,0.000000000000000000e+00,7.239385494289979350e-02,0.000000000000000000e+00,0.000000000000000000e+00,2.972409273519212997e-02,2.927396542018295134e-01,0.000000000000000000e+00,0.000000000000000000e+00,9.901192782966550254e-02,4.265560377115737781e-03,1.239095006985127013e-02,0.000000000000000000e+00,0.000000000000000000e+00,0.000000000000000000e+00,0.000000000000000000e+00,0.000000000000000000e+00,1.561815131772074754e-02,0.000000000000000000e+00,1.656028435957596634e-01,8.172739466921676021e-02,0.000000000000000000e+00,0.000000000000000000e+00,0.000000000000000000e+00,3.229592576279281813e-02,1.685063684091280267e-01,0.000000000000000000e+00,0.000000000000000000e+00,0.000000000000000000e+00,0.000000000000000000e+00,1.079058348246708090e-03,0.000000000000000000e+00,0.000000000000000000e+00,0.000000000000000000e+00,0.000000000000000000e+00,3.873160499203667090e-02,0.000000000000000000e+00,0.000000000000000000e+00,0.000000000000000000e+00,1.154101554218109199e-01,0.000000000000000000e+00,6.675204773806528435e-02,1.596063396298907366e-01,0.000000000000000000e+00,0.000000000000000000e+00,0.000000000000000000e+00,3.326051457952229617e-02,9.091418791014084511e-03,1.057833964287494544e-01,1.209864233908364561e-01,0.000000000000000000e+00,8.765843541645204628e-02,0.000000000000000000e+00,1.140841609191568101e-02,0.000000000000000000e+00,0.000000000000000000e+00,8.257188746571066107e-02,9.436451556563651977e-02,1.901390449455396189e-02,6.465510751427255842e-02,0.000000000000000000e+00,0.000000000000000000e+00,0.000000000000000000e+00,2.159332194119243098e-01,0.000000000000000000e+00,0.000000000000000000e+00,2.006884139147444707e-02,0.000000000000000000e+00,4.932325329696232719e-02,1.148928286619845668e-02,0.000000000000000000e+00,0.000000000000000000e+00,5.117531780818420500e-02,6.148957256749977562e-02,3.201680544936791328e-02,6.535914246912058814e-03,1.660529367480740454e-02,0.000000000000000000e+00,0.000000000000000000e+00,1.442793923042061943e-01,1.660529367480740454e-02,0.000000000000000000e+00,2.163131350530243455e-02,7.386507384815861610e-02,0.000000000000000000e+00,0.000000000000000000e+00,0.000000000000000000e+00,3.830236768675388676e-02,0.000000000000000000e+00,6.141708492913797862e-02,6.530557141722696801e-02,1.431211394616081489e-01,0.000000000000000000e+00,2.608927038167676085e-02
0.000000000000000000e+00,1.691367318257011587e-02,1.295887036056077302e-01,1.061239615780733975e-02,4.283963975693344528e-02,1.497713566336828506e-01,0.000000000000000000e+00,0.000000000000000000e+00,2.444780625900368209e-02,2.363805929760709468e-02,2.016412761046317004e-01,1.641791083516208061e-01,0.000000000000000000e+00,0.000000000000000000e+00,2.397421389334934427e-01,0.000000000000000000e+00,5.612300574470198422e-02,0.000000000000000000e+00,0.000000000000000000e+00,8.320696982903019734e-02,0.000000000000000000e+00,0.000000000000000000e+00,0.000000000000000000e+00,0.000000000000000000e+00,1.380064400659528588e-02,3.593863189479745007e-02,5.327313359562527162e-02,0.000000000000000000e+00,9.834839049424906610e-02,0.000000000000000000e+00,0.000000000000000000e+00,1.618918586372280338e-02,1.406840786470550664e-02,0.000000000000000000e+00,0.000000000000000000e+00,1.263272963599519627e-01,0.000000000000000000e+00,0.000000000000000000e+00,0.000000000000000000e+00,0.000000000000000000e+00,5.034551100648916588e-02,6.436609950264787772e-02,2.338836792553617566e-02,5.797504222084698400e-02,6.421114473331859807e-02,8.433662229962562984e-02,1.405629205091575573e-01,6.488175371158177995e-02,1.188222295829071962e-01,0.000000000000000000e+00,0.000000000000000000e+00,1.170441187262812460e-01,1.452097974976727934e-02,0.000000000000000000e+00,0.000000000000000000e+00,2.423626088657120370e-01,1.328961155947682160e-01,0.000000000000000000e+00,1.565537643994688657e-02,0.000000000000000000e+00,2.980984938356317018e-02,0.000000000000000000e+00,0.000000000000000000e+00,0.000000000000000000e+00,0.000000000000000000e+00,4.012107072024631571e-02,2.540699429139493815e-02,0.000000000000000000e+00,0.000000000000000000e+00,1.758700017220570233e-01,1.743980906940403586e-01,3.094904762531791587e-02,0.000000000000000000e+00,1.184576326010004094e-02,1.165981986566661834e-02,3.432804432347854456e-02,1.914777742153429829e-02,4.359238483610498177e-02,6.900513879752867563e-02,6.903254865160374232e-02,0.000000000000000000e+00,0.000000000000000000e+00,3.414537345166961807e-02,1.087211720045454244e-01,6.340566497513830391e-02,0.000000000000000000e+00,0.000000000000000000e+00,0.000000000000000000e+00,0.000000000000000000e+00,0.000000000000000000e+00,0.000000000000000000e+00,3.457183535750393832e-02,1.615875574090186451e-01,0.000000000000000000e+00,0.000000000000000000e+00,8.462347364422753704e-02,1.098670318491924980e-01,2.132320625704359207e-02,1.104806948146871623e-03,0.000000000000000000e+00,0.000000000000000000e+00,8.944926028336766533e-02,1.195963209503792257e-01,0.000000000000000000e+00,0.000000000000000000e+00,1.394646835984997835e-01,0.000000000000000000e+00,0.000000000000000000e+00,0.000000000000000000e+00,0.000000000000000000e+00,0.000000000000000000e+00,8.488011647934021187e-02,0.000000000000000000e+00,0.000000000000000000e+00,1.366750704741432620e-01,0.000000000000000000e+00,5.965849895929746516e-02,4.113439346219162351e-02,0.000000000000000000e+00,0.000000000000000000e+00,1.877239195755417769e-02,0.000000000000000000e+00,4.111380249865884129e-02,3.202644845126892403e-02,0.000000000000000000e+00,0.000000000000000000e+00,0.000000000000000000e+00,9.757667524690184779e-02,2.995897064849576547e-02,0.000000000000000000e+00,3.140173100504954629e-02,0.000000000000000000e+00,2.186696519520345272e-02,6.203056001093089356e-02,6.145230638902034193e-02,0.000000000000000000e+00,2.186696519520345272e-02,6.145230638902034193e-02,2.205329161519063719e-02,8.152060377724756890e-02,2.192723531399527401e-02,1.166883779970735724e-01,2.036641674080521755e-02,0.000000000000000000e+00,7.874408124856523139e-02,8.280118676404590872e-02,0.000000000000000000e+00,0.000000000000000000e+00,1.809458820664819612e-01,4.779334135034169276e-03
2.661722937922218063e-02,4.421146397060275735e-02,1.098412106275253597e-01,0.000000000000000000e+00,0.000000000000000000e+00,0.000000000000000000e+00,0.000000000000000000e+00,0.000000000000000000e+00,3.752588998057972830e-02,0.000000000000000000e+00,0.000000000000000000e+00,0.000000000000000000e+00,0.000000000000000000e+00,0.000000000000000000e+00,6.117333217161605163e-02,1.953816829475683858e-02,4.064140407017749305e-03,1.292298937073755316e-01,1.192855950701537243e-02,2.630158477914687487e-02,8.958148595562817618e-02,1.547412489508058764e-01,3.141283709693720727e-02,0.000000000000000000e+00,7.040145967533151250e-02,0.000000000000000000e+00,5.019707200181081769e-02,0.000000000000000000e+00,7.876551642310886114e-02,1.292298937073755316e-01,1.192855950701537243e-02,6.480357061205185842e-02,0.000000000000000000e+00,2.080169963131666688e-01,0.000000000000000000e+00,1.174942262288862782e-01,3.214366360783019183e-02,7.226631357086588103e-02,0.000000000000000000e+00,0.000000000000000000e+00,0.000000000000000000e+00,0.000000000000000000e+00,0.000000000000000000e+00,0.000000000000000000e+00,0.000000000000000000e+00,4.320240293126553777e-02,2.871390841602599470e-02,0.000000000000000000e+00,0.000000000000000000e+00,4.753886259193662589e-02,0.000000000000000000e+00,0.000000000000000000e+00,1.827055247784701297e-01,8.252970921058558340e-02,6.753405279481118628e-02,0.000000000000000000e+00,4.219451134133266057e-03,5.200046258846167252e-02,0.000000000000000000e+00,9.716783967091469944e-04,0.000000000000000000e+00,0.000000000000000000e+00,1.823012889378789261e-02,3.049503768860856862e-02,1.079387793262674422e-01,6.618922337165825120e-02,6.929583665739547094e-02,8.436637289858095468e-02,2.599045892640140798e-02,4.893591319193704714e-02,0.000000000000000000e+00,0.000000000000000000e+00,0.000000000000000000e+00,1.239316408477950660e-01,0.000000000000000000e+00,0.000000000000000000e+00,7.148581263993608603e-02,0.000000000000000000e+00,0.000000000000000000e+00,8.118014513717083935e-02,0.000000000000000000e+00,0.000000000000000000e+00,0.000000000000000000e+00,5.106006061247596317e-02,0.000000000000000000e+00,0.000000000000000000e+00,0.000000000000000000e+00,4.434330046036311784e-02,0.000000000000000000e+00,0.000000000000000000e+00,0.000000000000000000e+00,0.000000000000000000e+00,0.000000000000000000e+00,5.559226691041667390e-02,8.825150446072813071e-02,0.000000000000000000e+00,5.244910327701813452e-02,0.000000000000000000e+00,8.322232634672679930e-02,8.850044109978874585e-02,1.410385525334814996e-02,0.000000000000000000e+00,9.556747513517017956e-02,0.000000000000000000e+00,8.059945517774755319e-02,0.000000000000000000e+00,0.000000000000000000e+00,0.000000000000000000e+00,0.000000000000000000e+00,0.000000000000000000e+00,0.000000000000000000e+00,3.403428091075779306e-03,1.377507844033442619e-01,1.201227063197134182e-01,0.000000000000000000e+00,1.240746693672741957e-01,0.000000000000000000e+00,1.296853129268398519e-01,6.486347677900178299e-02,0.000000000000000000e+00,0.000000000000000000e+00,1.149523545724837614e-01,5.361646751859670129e-02,0.000000000000000000e+00,0.000000000000000000e+00,6.802809146824129183e-02,7.701677267893466960e-02,0.000000000000000000e+00,1.293122899548316274e-01,0.000000000000000000e+00,0.000000000000000000e+00,1.526319027916860950e-02,7.241769480041115870e-02,3.021570563386448069e-03,0.000000000000000000e+00,0.000000000000000000e+00,7.241769480041115870e-02,0.000000000000000000e+00,0.000000000000000000e+00,1.823443071521608626e-03,3.262332193540809500e-02,0.000000000000000000e+00,0.000000000000000000e+00,0.000000000000000000e+00,0.000000000000000000e+00,1.334808990792320932e-02,0.000000000000000000e+00,8.246297826216657245e-03,3.633868556456593124e-02,4.757354054166386403e-02
0.000000000000000000e+00,2.099944754348041231e-01,0.000000000000000000e+00,1.222861443629942452e-01,0.000000000000000000e+00,1.050742063675253607e-01,1.104893791629302791e-01,0.000000000000000000e+00,0.000000000000000000e+00,2.179233997504205142e-03,8.511132333802029493e-02,4.293990071253824675e-02,9.516606570776621477e-02,4.606495443644499990e-03,0.000000000000000000e+00,4.631412356020142562e-02,0.000000000000000000e+00,0.000000000000000000e+00,1.489179624401345547e-01,2.009926523388286257e-01,3.636621652220538292e-02,6.851470428674627522e-02,3.328517934005478796e-02,2.093365532823354136e-01,0.000000000000000000e+00,0.000000000000000000e+00,0.000000000000000000e+00,0.000000000000000000e+00,0.000000000000000000e+00,0.000000000000000000e+00,1.489179624401345547e-01,1.166346511864755353e-01,0.000000000000000000e+00,1.505347834489522904e-02,0.000000000000000000e+00,0.000000000000000000e+00,9.993455622048305620e-02,0.000000000000000000e+00,9.725430391749743941e-02,1.165811969283271216e-01,0.000000000000000000e+00,2.249366501016097364e-01,1.113263804148175856e-01,5.264928980061755331e-02,2.236046783976802232e-01,0.000000000000000000e+00,0.000000000000000000e+00,7.398427608967469982e-02,6.189661093959190896e-02,0.000000000000000000e+00,1.627499245518009841e-01,7.001346501759794783e-02,8.390910553783215153e-02,0.000000000000000000e+00,7.202443874553005054e-02,2.450275054682317377e-02,0.000000000000000000e+00,0.000000000000000000e+00,3.683940343932036454e-02,2.553002721247009388e-02,5.341973324391890987e-02,5.910416642485157024e-02,2.543537736287582174e-02,6.870739658088920176e-02,0.000000000000000000e+00,0.000000000000000000e+00,0.000000000000000000e+00,0.000000000000000000e+00,4.419469908040504769e-02,0.000000000000000000e+00,0.000000000000000000e+00,6.953988825210427605e-02,5.008670026321634244e-02,2.405203935921303160e-02,5.455011635980371032e-02,0.000000000000000000e+00,0.000000000000000000e+00,1.076855119666134258e-01,0.000000000000000000e+00,0.000000000000000000e+00,0.000000000000000000e+00,0.000000000000000000e+00,4.456246295275240882e-02,0.000000000000000000e+00,1.046358320894532831e-02,0.000000000000000000e+00,0.000000000000000000e+00,0.000000000000000000e+00,3.873160499203667090e-02,3.457183535750393832e-02,0.000000000000000000e+00,0.000000000000000000e+00,1.433646436080447395e-01,1.163732488915905638e-02,8.796567385501516401e-02,0.000000000000000000e+00,0.000000000000000000e+00,6.064959996530769337e-02,0.000000000000000000e+00,0.000000000000000000e+00,2.917101341959017075e-02,7.529846466866821353e-02,8.322534321880245556e-02,0.000000000000000000e+00,0.000000000000000000e+00,2.948674884192742374e-02,1.567275045935820690e-02,8.895915153799580088e-02,2.991888326671667334e-02,1.013119427075748480e-01,2.183577690327031806e-01,0.000000000000000000e+00,3.622842506580784688e-02,1.943002121593697118e-01,7.683277382545115886e-02,0.000000000000000000e+00,0.000000000000000000e+00,0.000000000000000000e+00,0.000000000000000000e+00,8.036502514425702959e-02,0.000000000000000000e+00,2.343524525738160946e-02,6.102074459186126315e-02,0.000000000000000000e+00,6.488274522798778698e-02,1.050705836905851120e-01,0.000000000000000000e+00,5.183810180419012870e-02,8.245679710550302133e-02,7.273470643032953209e-02,0.000000000000000000e+00,0.000000000000000000e+00,8.429875485708338001e-02,1.230654595928159234e-01,0.000000000000000000e+00,1.252584810167783058e-01,8.429875485708338001e-02,0.000000000000000000e+00,8.037155570007989414e-02,1.725683164686617199e-02,0.000000000000000000e+00,6.443940988925397906e-02,1.519100283828557149e-02,1.226419825541120723e-01,0.000000000000000000e+00,1.626329412165536392e-02,0.000000000000000000e+00,1.108201363534246781e-02,0.000000000000000000e+00,3.360951370604817190e-02
1.472730373911535634e-02,6.396633486639438648e-02,0.000000000000000000e+00,0.000000000000000000e+00,0.000000000000000000e+00,9.060234557824313473e-02,0.000000000000000000e+00,1.623175173720469711e-01,0.000000000000000000e+00,6.349591400277870834e-02,5.121802438047105832e-02,0.000000000000000000e+00,8.740800542289112185e-02,1.441893926024121475e-01,6.408816697671668172e-02,0.000000000000000000e+00,0.000000000000000000e+00,3.083352655880620616e-02,0.000000000000000000e+00,0.000000000000000000e+00,1.281164269160755750e-02,0.000000000000000000e+00,0.000000000000000000e+00,3.963903065469619180e-02,0.000000000000000000e+00,0.000000000000000000e+00,0.000000000000000000e+00,0.000000000000000000e+00,4.203990524115358562e-02,3.083352655880620616e-02,0.000000000000000000e+00,1.139057558785922797e-01,0.000000000000000000e+00,0.000000000000000000e+00,0.000000000000000000e+00,1.988855024041465136e-02,0.000000000000000000e+00,0.000000000000000000e+00,1.219417494680908199e-03,0.000000000000000000e+00,0.000000000000000000e+00,1.728242874212833069e-01,1.127358342782605882e-01,1.114732451069471164e-01,5.407510630430575893e-02,4.948248406026580642e-02,3.306365069057585343e-02,1.403417975494747338e-01,0.000000000000000000e+00,1.896564887663577600e-02,0.000000000000000000e+00,7.339768048288423941e-02,4.574607018780015716e-02,0.000000000000000000e+00,4.452222487936769585e-03,8.825616430017396707e-02,1.381926925055806943e-02,0.000000000000000000e+00,4.770978765617525652e-02,0.000000000000000000e+00,0.000000000000000000e+00,4.176013982198854141e-02,9.815357859546876632e-03,0.000000000000000000e+00,1.008609460965931848e-01,1.056987813460559533e-01,0.000000000000000000e+00,0.000000000000000000e+00,0.000000000000000000e+00,7.565619818862245882e-02,9.038761911766216017e-02,1.425325250233604457e-01,0.000000000000000000e+00,0.000000000000000000e+00,8.665377467592179361e-02,4.476940393551254171e-02,7.524619729134887636e-02,1.558562411571812745e-01,0.000000000000000000e+00,1.867860424943679210e-01,0.000000000000000000e+00,0.000000000000000000e+00,9.751383586859535546e-03,0.000000000000000000e+00,6.205663790763427112e-02,0.000000000000000000e+00,0.000000000000000000e+00,5.609427792062297163e-02,0.000000000000000000e+00,1.615875574090186451e-01,0.000000000000000000e+00,1.433646436080447395e-01,0.000000000000000000e+00,0.000000000000000000e+00,0.000000000000000000e+00,3.406050337294420222e-02,8.030413519477724860e-02,7.925303875044215074e-02,0.000000000000000000e+00,0.000000000000000000e+00,0.000000000000000000e+00,5.116356115626721768e-02,1.983244530602222278e-01,3.942078716404920358e-02,3.458193966727868968e-02,0.000000000000000000e+00,0.000000000000000000e+00,0.000000000000000000e+00,8.954082517074254954e-02,4.883338521735379467e-02,2.739989904055708039e-02,9.469033840318233364e-02,0.000000000000000000e+00,0.000000000000000000e+00,0.000000000000000000e+00,0.000000000000000000e+00,8.021568867223419219e-02,0.000000000000000000e+00,2.978866696527323471e-02,0.000000000000000000e+00,4.999190177016044762e-02,1.088725458068730972e-02,1.519177097713688696e-01,0.000000000000000000e+00,2.596232604242283692e-02,1.155093957505475971e-01,0.000000000000000000e+00,1.524536425665303230e-01,6.015133269033598115e-03,1.477203602848112252e-01,0.000000000000000000e+00,9.409213974542342263e-02,1.037534128230325481e-01,0.000000000000000000e+00,9.506246938299259784e-04,1.130016467583750128e-01,1.037534128230325481e-01,9.506246938299259784e-04,1.963126451099395930e-01,1.909095737242742785e-02,0.000000000000000000e+00,2.559658848466135617e-02,0.000000000000000000e+00,2.123093888792692008e-01,0.000000000000000000e+00,0.000000000000000000e+00,0.000000000000000000e+00,5.288542147707357699e-02,0.000000000000000000e+00,1.743096941878801917e-02
0.000000000000000000e+00,8.204251920475874593e-02,1.354785157466199264e-01,7.082541239276446410e-02,9.430672423265784587e-02,0.000000000000000000e+00,0.000000000000000000e+00,0.000000000000000000e+00,1.132848456126204773e-01,9.533365293191845002e-02,0.000000000000000000e+00,2.456395846662384752e-02,1.138399259654617746e-01,0.000000000000000000e+00,0.000000000000000000e+00,2.348875490144998468e-02,6.643267364315268153e-02,6.068044907973477176e-02,4.619903030635567898e-02,6.864486068651513839e-02,0.000000000000000000e+00,1.083624275986354302e-01,0.000000000000000000e+00,0.000000000000000000e+00,8.726481679797393198e-02,1.057035952142350993e-01,0.000000000000000000e+00,1.987524017591984493e-01,8.281025401339903169e-02,6.068044907973477176e-02,4.619903030635567898e-02,7.002429337634066830e-02,0.000000000000000000e+00,9.405895996678220738e-02,5.248144549696701772e-02,1.549579084460398493e-01,4.636973166332400420e-02,0.000000000000000000e+00,0.000000000000000000e+00,5.640928777027636593e-02,5.901019377038926525e-03,0.000000000000000000e+00,7.905268842267815232e-02,0.000000000000000000e+00,0.000000000000000000e+00,8.838381131083333786e-02,8.680586647805405009e-02,0.000000000000000000e+00,2.091104610618907400e-02,0.000000000000000000e+00,1.828416334097973314e-02,0.000000000000000000e+00,0.000000000000000000e+00,0.000000000000000000e+00,1.301891751249402707e-01,0.000000000000000000e+00,0.000000000000000000e+00,1.078202598789369665e-01,1.167727763158485504e-01,1.630945276777391942e-02,0.000000000000000000e+00,0.000000000000000000e+00,4.074343363949504970e-02,0.000000000000000000e+00,6.206641307127544471e-02,6.191442457215000361e-02,0.000000000000000000e+00,6.026611861302426376e-02,1.872637120587802850e-02,0.000000000000000000e+00,0.000000000000000000e+00,6.721914861529695862e-02,0.000000000000000000e+00,3.368662576068930103e-02,9.175040120256303111e-02,3.514208465992240543e-02,8.420808250332662004e-02,9.525121096230354523e-02,0.000000000000000000e+00,7.486319319623765955e-02,0.000000000000000000e+00,3.934797838589615404e-02,5.193027784564568927e-02,0.000000000000000000e+00,1.180557356352156667e-01,0.000000000000000000e+00,0.000000000000000000e+00,0.000000000000000000e+00,0.000000000000000000e+00,0.000000000000000000e+00,5.559226691041667390e-02,1.163732488915905638e-02,0.000000000000000000e+00,0.000000000000000000e+00,2.219182780162970089e-02,0.000000000000000000e+00,6.560618766516107536e-02,0.000000000000000000e+00,0.000000000000000000e+00,0.000000000000000000e+00,0.000000000000000000e+00,5.673637325635341733e-02,0.000000000000000000e+00,3.065290592185832691e-02,6.607214288642138111e-02,0.000000000000000000e+00,0.000000000000000000e+00,0.000000000000000000e+00,0.000000000000000000e+00,1.553286594802892346e-03,0.000000000000000000e+00,1.648887943208989654e-02,3.879191120651896002e-02,0.000000000000000000e+00,0.000000000000000000e+00,0.000000000000000000e+00,0.000000000000000000e+00,9.545048181387504049e-02,1.519058733533605321e-01,3.141643669668154476e-02,8.477035014554806791e-02,6.977079196287699903e-02,2.095075885671321934e-03,4.328666600797397013e-02,0.000000000000000000e+00,0.000000000000000000e+00,0.000000000000000000e+00,1.926372969367341481e-01,0.000000000000000000e+00,5.417883833915015934e-02,0.000000000000000000e+00,0.000000000000000000e+00,0.000000000000000000e+00,0.000000000000000000e+00,0.000000000000000000e+00,3.511267583315502705e-02,0.000000000000000000e+00,0.000000000000000000e+00,0.000000000000000000e+00,0.000000000000000000e+00,1.155223841342461616e-01,5.639097072021613533e-02,2.895475435897160860e-02,0.000000000000000000e+00,0.000000000000000000e+00,2.032962208680162697e-02,0.000000000000000000e+00,0.000000000000000000e+00,5.480079130947657778e-03,0.000000000000000000e+00
2.728998691416508748e-01,1.300690009625675783e-02,1.212919148715764506e-01,6.397098903100917333e-02,2.805039065274579982e-02,3.025234749392542721e-02,4.725580955118983961e-02,0.000000000000000000e+00,1.120739291518345476e-01,1.212433051903443609e-01,0.000000000000000000e+00,6.668685439128768655e-02,0.000000000000000000e+00,9.376087088268673583e-03,0.000000000000000000e+00,1.406227544795612960e-01,0.000000000000000000e+00,7.667946533719360858e-02,0.000000000000000000e+00,1.643455171684110594e-01,1.060710594021923303e-01,2.448353278936057364e-01,1.952785676385393743e-01,2.536519549292461928e-01,0.000000000000000000e+00,7.866252158083503199e-02,0.000000000000000000e+00,0.000000000000000000e+00,0.000000000000000000e+00,7.667946533719360858e-02,0.000000000000000000e+00,0.000000000000000000e+00,9.564803422292883495e-02,1.722165003022849139e-01,8.079813373810580679e-02,1.151520735810788454e-01,1.246386667616380950e-01,1.502120753315629442e-01,1.410918754055110955e-02,2.044326724380734171e-03,4.187614350430948762e-02,0.000000000000000000e+00,0.000000000000000000e+00,0.000000000000000000e+00,0.000000000000000000e+00,0.000000000000000000e+00,0.000000000000000000e+00,0.000000000000000000e+00,0.000000000000000000e+00,0.000000000000000000e+00,1.086274212583597243e-01,0.000000000000000000e+00,0.000000000000000000e+00,1.385371097059295842e-01,6.205906033665460793e-03,0.000000000000000000e+00,1.900134490967476941e-02,5.988952653862381417e-03,0.000000000000000000e+00,8.849734341463202925e-02,0.000000000000000000e+00,0.000000000000000000e+00,0.000000000000000000e+00,4.202621230533232222e-02,5.772862103212188234e-02,0.000000000000000000e+00,0.000000000000000000e+00,8.464419475496162693e-02,1.426081196858399180e-01,0.000000000000000000e+00,1.682617328868502016e-02,0.000000000000000000e+00,6.648283097543824204e-03,3.569191638340867001e-02,9.543785621199307734e-02,0.000000000000000000e+00,0.000000000000000000e+00,1.302684215838544740e-02,0.000000000000000000e+00,0.000000000000000000e+00,3.612808618832859253e-02,4.270993544753685922e-02,0.000000000000000000e+00,0.000000000000000000e+00,0.000000000000000000e+00,0.000000000000000000e+00,0.000000000000000000e+00,0.000000000000000000e+00,0.000000000000000000e+00,0.000000000000000000e+00,8.825150446072813071e-02,8.796567385501516401e-02,0.000000000000000000e+00,2.219182780162970089e-02,0.000000000000000000e+00,0.000000000000000000e+00,7.206580197420778267e-02,0.000000000000000000e+00,2.196996047240742239e-02,1.535757017778535682e-01,0.000000000000000000e+00,0.000000000000000000e+00,1.269623329361561359e-01,0.000000000000000000e+00,1.037085070053346374e-02,2.761735483353796195e-03,7.799814480988763454e-02,0.000000000000000000e+00,0.000000000000000000e+00,1.357000540547912380e-02,0.000000000000000000e+00,0.000000000000000000e+00,0.000000000000000000e+00,0.000000000000000000e+00,1.171852760134981103e-01,1.332662239214945643e-01,1.175512043624806768e-01,1.537527511240572298e-01,8.134569256686778604e-02,0.000000000000000000e+00,0.000000000000000000e+00,0.000000000000000000e+00,0.000000000000000000e+00,0.000000000000000000e+00,1.474371407117801847e-01,1.285924550482339945e-01,0.000000000000000000e+00,0.000000000000000000e+00,7.961116056489060677e-02,9.007428450350082882e-02,0.000000000000000000e+00,4.994396307526678680e-02,0.000000000000000000e+00,1.017689269756790887e-01,1.424405554708285671e-01,1.431690194254130466e-01,0.000000000000000000e+00,1.424405554708285671e-01,8.147166761259835854e-02,0.000000000000000000e+00,0.000000000000000000e+00,8.920969882073377655e-02,4.446443767315551993e-02,1.362863265763874510e-01,0.000000000000000000e+00,0.000000000000000000e+00,0.000000000000000000e+00,0.000000000000000000e+00,0.000000000000000000e+00,1.246414545869807267e-01
4.935638672492147216e-02,0.000000000000000000e+00,9.318809150590820489e-02,9.400916822217239566e-02,0.000000000000000000e+00,1.388303203218382506e-02,0.000000000000000000e+00,5.214612286003736732e-03,1.355258756115368390e-02,7.742490647154604000e-02,2.829211333052444183e-02,6.110868035092413553e-03,0.000000000000000000e+00,0.000000000000000000e+00,1.456139738245696216e-02,0.000000000000000000e+00,0.000000000000000000e+00,0.000000000000000000e+00,0.000000000000000000e+00,1.559069442943054537e-02,1.049425383584025595e-01,6.001573395895382773e-02,1.431222497640016189e-01,1.894480933217028429e-02,0.000000000000000000e+00,2.258171803543210232e-01,0.000000000000000000e+00,0.000000000000000000e+00,6.789407046464482343e-02,0.000000000000000000e+00,0.000000000000000000e+00,0.000000000000000000e+00,1.177985763054965884e-01,0.000000000000000000e+00,6.483019668346415298e-02,1.634325683376310068e-02,1.316124487373357965e-01,0.000000000000000000e+00,2.030414618363589052e-01,2.526100408621913262e-02,1.639718449685641927e-02,1.053319830721521078e-01,5.273005061228228096e-02,0.000000000000000000e+00,0.000000000000000000e+00,0.000000000000000000e+00,6.394273296424084208e-02,0.000000000000000000e+00,1.108816365456572056e-01,0.000000000000000000e+00,0.000000000000000000e+00,0.000000000000000000e+00,0.000000000000000000e+00,0.000000000000000000e+00,0.000000000000000000e+00,2.511001147899742658e-02,8.447450075676860015e-02,6.558297443553758044e-02,1.053145657173144567e-01,0.000000000000000000e+00,0.000000000000000000e+00,8.902779880503268461e-02,1.016814182499550800e-02,9.958348577564712922e-02,0.000000000000000000e+00,5.817514780949675085e-02,0.000000000000000000e+00,1.066883081799534505e-01,0.000000000000000000e+00,0.000000000000000000e+00,1.051357697984794809e-01,2.740575355530350254e-02,0.000000000000000000e+00,0.000000000000000000e+00,0.000000000000000000e+00,0.000000000000000000e+00,0.000000000000000000e+00,0.000000000000000000e+00,5.636257595854374247e-02,0.000000000000000000e+00,0.000000000000000000e+00,0.000000000000000000e+00,1.350065406466878157e-02,0.000000000000000000e+00,0.000000000000000000e+00,0.000000000000000000e+00,1.946110019717395279e-02,0.000000000000000000e+00,1.154101554218109199e-01,8.462347364422753704e-02,0.000000000000000000e+00,0.000000000000000000e+00,3.406050337294420222e-02,0.000000000000000000e+00,0.000000000000000000e+00,0.000000000000000000e+00,4.406912534117930769e-02,2.401674570226197680e-02,0.000000000000000000e+00,7.750936456592080748e-02,0.000000000000000000e+00,1.938210802011090111e-02,2.297025953048466573e-01,0.000000000000000000e+00,4.276924934290209090e-03,4.022497502467641678e-02,1.780594770859091625e-01,1.245951024403510465e-01,0.000000000000000000e+00,2.848848135188217223e-02,0.000000000000000000e+00,0.000000000000000000e+00,0.000000000000000000e+00,5.884872619679187497e-03,0.000000000000000000e+00,3.481358076555982062e-02,0.000000000000000000e+00,7.776750082227268379e-02,0.000000000000000000e+00,0.000000000000000000e+00,7.751203617211260832e-02,2.536716104893429677e-02,0.000000000000000000e+00,7.310951429441553406e-02,4.968534357875790952e-02,0.000000000000000000e+00,0.000000000000000000e+00,0.000000000000000000e+00,0.000000000000000000e+00,0.000000000000000000e+00,0.000000000000000000e+00,2.122590233724365172e-01,1.018975586232855751e-01,0.000000000000000000e+00,0.000000000000000000e+00,1.350963338067569589e-02,1.018975586232855751e-01,0.000000000000000000e+00,1.120292213470898968e-01,1.224157408639017508e-01,0.000000000000000000e+00,0.000000000000000000e+00,0.000000000000000000e+00,6.778202579414241424e-02,0.000000000000000000e+00,1.066016235199726547e-01,6.952282372738118055e-02,0.000000000000000000e+00,2.321064457920901658e-02,1.054461460550230045e-01
4.197278075637045705e-03,2.841753786924998415e-02,5.129509720551019697e-02,0.000000000000000000e+00,0.000000000000000000e+00,7.262438040378421666e-02,0.000000000000000000e+00,3.708821197593642482e-02,0.000000000000000000e+00,6.854851173284166876e-02,0.000000000000000000e+00,2.845409017141382890e-02,0.000000000000000000e+00,0.000000000000000000e+00,0.000000000000000000e+00,0.000000000000000000e+00,5.004721892861981047e-02,1.021339856230974452e-01,0.000000000000000000e+00,0.000000000000000000e+00,0.000000000000000000e+00,0.000000000000000000e+00,0.000000000000000000e+00,9.878284366368320080e-02,1.031372067799471437e-02,0.000000000000000000e+00,0.000000000000000000e+00,0.000000000000000000e+00,7.587625443325553276e-02,1.021339856230974452e-01,0.000000000000000000e+00,0.000000000000000000e+00,0.000000000000000000e+00,0.000000000000000000e+00,6.388191069622242702e-02,9.864005259271818593e-02,1.451082744475772623e-01,0.000000000000000000e+00,5.042867981275936384e-02,0.000000000000000000e+00,5.215792029139900560e-02,3.591599387874692961e-02,0.000000000000000000e+00,9.643225887729603429e-02,4.787777772046068747e-02,3.994330695411211617e-04,0.000000000000000000e+00,0.000000000000000000e+00,6.373869573211878026e-02,2.222329751603853432e-02,7.623757337209478846e-02,3.651690197652227021e-02,0.000000000000000000e+00,8.081477161101338624e-02,0.000000000000000000e+00,0.000000000000000000e+00,0.000000000000000000e+00,0.000000000000000000e+00,0.000000000000000000e+00,5.811160114861133041e-02,8.558269393251174972e-02,0.000000000000000000e+00,0.000000000000000000e+00,1.106444902472402958e-01,1.172142813880143325e-01,1.234024340753218929e-01,0.000000000000000000e+00,0.000000000000000000e+00,0.000000000000000000e+00,0.000000000000000000e+00,7.168805655807014565e-02,4.530720648703705222e-02,7.579005465921358556e-03,8.898091291685139570e-02,0.000000000000000000e+00,7.387376317542790338e-02,1.711186556160657624e-01,0.000000000000000000e+00,0.000000000000000000e+00,0.000000000000000000e+00,0.000000000000000000e+00,2.699174360423177085e-02,0.000000000000000000e+00,1.381009371800086816e-01,9.545318189942723908e-02,0.000000000000000000e+00,1.129137392167838538e-01,1.400275118659607965e-01,0.000000000000000000e+00,1.098670318491924980e-01,5.244910327701813452e-02,0.000000000000000000e+00,8.030413519477724860e-02,6.560618766516107536e-02,7.206580197420778267e-02,4.406912534117930769e-02,0.000000000000000000e+00,1.239275261523786476e-01,0.000000000000000000e+00,3.799072080654184586e-02,4.066419868138180377e-02,1.022955295808892877e-02,0.000000000000000000e+00,0.000000000000000000e+00,0.000000000000000000e+00,9.698317877778656060e-02,5.729761833099281804e-02,1.519850933944162097e-01,0.000000000000000000e+00,7.962724962060128975e-02,0.000000000000000000e+00,7.445746060052673386e-03,2.167874027497434034e-02,2.225594847390532233e-02,0.000000000000000000e+00,0.000000000000000000e+00,0.000000000000000000e+00,3.381450246327232650e-02,0.000000000000000000e+00,0.000000000000000000e+00,0.000000000000000000e+00,8.520051581433952040e-03,2.230614782081720773e-02,1.240370202821279993e-01,1.089043348991235588e-01,3.619058580871545305e-02,1.854870119276316037e-02,4.614633160854778038e-02,0.000000000000000000e+00,0.000000000000000000e+00,0.000000000000000000e+00,6.794168509568779268e-02,8.530813930334249506e-02,0.000000000000000000e+00,2.945999347912376873e-02,0.000000000000000000e+00,8.530813930334249506e-02,2.945999347912376873e-02,5.956717072505191696e-02,0.000000000000000000e+00,1.539699497295167752e-01,1.838836892872650342e-01,8.806659909518710361e-02,7.446341406323531142e-02,1.758981550237901509e-02,4.854061015932684651e-03,4.719545187896724558e-02,0.000000000000000000e+00,8.919919556850133824e-02,0.000000000000000000e+00
0.000000000000000000e+00,7.691501246386063528e-02,0.000000000000000000e+00,0.000000000000000000e+00,4.794809221465025362e-02,4.057447729987938290e-02,0.000000000000000000e+00,4.740834200781002955e-02,0.000000000000000000e+00,3.051503870980735306e-02,3.387284410210138208e-02,0.000000000000000000e+00,2.165729360614384192e-03,0.000000000000000000e+00,1.749972028702654475e-02,0.000000000000000000e+00,0.000000000000000000e+00,7.535831262410977449e-02,3.522631100274482320e-03,1.652167383168977599e-01,1.076791361548819909e-02,1.302534901473619694e-02,7.361240530474696953e-02,1.611576274478297710e-02,0.000000000000000000e+00,0.000000000000000000e+00,0.000000000000000000e+00,0.000000000000000000e+00,0.000000000000000000e+00,7.535831262410977449e-02,3.522631100274482320e-03,1.380564133901174828e-01,0.000000000000000000e+00,2.543361557146402857e-02,0.000000000000000000e+00,0.000000000000000000e+00,0.000000000000000000e+00,0.000000000000000000e+00,6.024833871988231893e-02,3.612264593190761541e-02,1.139987619523566767e-02,8.987281934209839784e-02,0.000000000000000000e+00,0.000000000000000000e+00,9.755264231374394246e-02,5.652276201452337279e-02,1.723193433249413375e-02,0.000000000000000000e+00,0.000000000000000000e+00,0.000000000000000000e+00,8.434689743987131005e-02,5.155566004921703638e-02,5.836054663667175624e-02,0.000000000000000000e+00,6.655381375685352763e-02,0.000000000000000000e+00,0.000000000000000000e+00,0.000000000000000000e+00,0.000000000000000000e+00,0.000000000000000000e+00,6.894897516337857024e-02,3.864267454911613636e-02,1.376249906352681740e-01,3.307571414350424233e-02,2.184570254523508781e-02,2.751094077963781373e-02,0.000000000000000000e+00,0.000000000000000000e+00,0.000000000000000000e+00,0.000000000000000000e+00,0.000000000000000000e+00,0.000000000000000000e+00,0.000000000000000000e+00,0.000000000000000000e+00,7.534531479168754542e-02,7.729769936501346139e-03,8.779237285506125144e-02,0.000000000000000000e+00,0.000000000000000000e+00,3.674356196657649343e-02,0.000000000000000000e+00,1.247712024612479820e-01,6.079020075081741775e-02,0.000000000000000000e+00,6.183673440952733302e-02,0.000000000000000000e+00,0.000000000000000000e+00,7.026827015600069660e-04,6.675204773806528435e-02,2.132320625704359207e-02,0.000000000000000000e+00,6.064959996530769337e-02,7.925303875044215074e-02,0.000000000000000000e+00,0.000000000000000000e+00,2.401674570226197680e-02,1.239275261523786476e-01,0.000000000000000000e+00,0.000000000000000000e+00,0.000000000000000000e+00,0.000000000000000000e+00,0.000000000000000000e+00,1.146992042368207565e-01,2.652899811057547047e-02,0.000000000000000000e+00,0.000000000000000000e+00,9.127301787107182374e-02,0.000000000000000000e+00,0.000000000000000000e+00,0.000000000000000000e+00,3.728727744515611398e-02,0.000000000000000000e+00,6.638074146027772224e-03,1.473837831961588574e-01,1.584071820044897008e-02,2.908468462057314796e-02,0.000000000000000000e+00,2.329897605333144245e-02,2.302383468159567223e-02,7.571641187484036417e-02,0.000000000000000000e+00,1.212647766698458397e-02,9.362124317341685709e-02,0.000000000000000000e+00,4.145835716296365769e-02,0.000000000000000000e+00,0.000000000000000000e+00,1.288482603004862392e-01,0.000000000000000000e+00,9.304274363118839042e-02,4.925718338115765010e-02,3.056923826636429031e-02,0.000000000000000000e+00,4.035952524608138470e-02,0.000000000000000000e+00,2.646395938813383281e-02,0.000000000000000000e+00,0.000000000000000000e+00,2.523418643817825976e-02,0.000000000000000000e+00,0.000000000000000000e+00,1.404188550036467031e-01,2.075954326939344688e-02,5.958745429385194602e-03,0.000000000000000000e+00,0.000000000000000000e+00,5.347260242380619429e-03,3.028984584981191108e-02,1.233723269694468327e-01,0.000000000000000000e+00
0.000000000000000000e+00,0.000000000000000000e+00,0.000000000000000000e+00,0.000000000000000000e+00,1.152304797971877848e-01,1.084938198412809252e-01,7.924961877545266820e-02,1.653782769106875578e-02,0.000000000000000000e+00,5.359739048280916240e-02,9.262751988153811178e-02,1.576279608544499944e-01,5.403161362340550000e-02,8.220644620666078817e-02,1.716903166518865629e-03,1.336994673111381871e-01,0.000000000000000000e+00,2.543422263815065323e-03,1.356571509149297541e-02,6.726925572690597988e-02,0.000000000000000000e+00,1.408578345777725463e-02,0.000000000000000000e+00,3.175780535243236113e-02,7.312233014725444402e-02,0.000000000000000000e+00,0.000000000000000000e+00,0.000000000000000000e+00,0.000000000000000000e+00,2.543422263815065323e-03,1.356571509149297541e-02,0.000000000000000000e+00,0.000000000000000000e+00,2.879786076350868487e-02,0.000000000000000000e+00,0.000000000000000000e+00,0.000000000000000000e+00,9.120563099697540088e-02,0.000000000000000000e+00,0.000000000000000000e+00,6.593537537728738629e-02,0.000000000000000000e+00,3.957765222098572067e-02,0.000000000000000000e+00,0.000000000000000000e+00,0.000000000000000000e+00,0.000000000000000000e+00,6.525718874775984779e-02,1.759546358556630663e-01,0.000000000000000000e+00,0.000000000000000000e+00,3.082987988198917367e-02,0.000000000000000000e+00,0.000000000000000000e+00,0.000000000000000000e+00,0.000000000000000000e+00,0.000000000000000000e+00,1.622713723331813823e-02,0.000000000000000000e+00,0.000000000000000000e+00,7.134397851485527187e-02,0.000000000000000000e+00,1.455388172845063777e-01,0.000000000000000000e+00,0.000000000000000000e+00,2.266564414052930909e-02,1.189562670836433050e-01,1.472127082277790988e-02,3.719017763270707211e-02,0.000000000000000000e+00,1.213181571963022620e-01,0.000000000000000000e+00,0.000000000000000000e+00,1.595287802283977194e-02,0.000000000000000000e+00,1.729939470900656584e-01,0.000000000000000000e+00,1.573008239003284570e-02,0.000000000000000000e+00,0.000000000000000000e+00,5.613192709570105632e-02,3.257183622697761710e-02,0.000000000000000000e+00,7.724488872051218924e-02,0.000000000000000000e+00,0.000000000000000000e+00,9.726497949032485157e-02,7.060621832770064277e-02,1.596063396298907366e-01,1.104806948146871623e-03,8.322232634672679930e-02,0.000000000000000000e+00,0.000000000000000000e+00,0.000000000000000000e+00,2.196996047240742239e-02,0.000000000000000000e+00,0.000000000000000000e+00,0.000000000000000000e+00,0.000000000000000000e+00,1.890161883756798500e-01,6.387129436308433550e-02,0.000000000000000000e+00,0.000000000000000000e+00,1.024233721793085458e-02,0.000000000000000000e+00,0.000000000000000000e+00,3.670551832722300512e-02,0.000000000000000000e+00,0.000000000000000000e+00,6.649883084089888707e-02,0.000000000000000000e+00,1.312100534558192401e-02,3.469339514268275637e-02,0.000000000000000000e+00,0.000000000000000000e+00,2.169839523327940500e-01,1.262226907712651197e-02,0.000000000000000000e+00,0.000000000000000000e+00,8.940174430026484598e-02,8.239310195641533219e-02,6.750898797166199339e-02,0.000000000000000000e+00,0.000000000000000000e+00,0.000000000000000000e+00,1.857244059707671702e-02,0.000000000000000000e+00,0.000000000000000000e+00,0.000000000000000000e+00,0.000000000000000000e+00,5.443947265429315702e-02,2.712571300676142744e-02,0.000000000000000000e+00,1.008500986214103667e-01,9.203164429109311762e-02,0.000000000000000000e+00,0.000000000000000000e+00,9.203164429109311762e-02,0.000000000000000000e+00,2.832505228796571017e-02,0.000000000000000000e+00,9.915100863025534672e-02,0.000000000000000000e+00,0.000000000000000000e+00,1.874555756996775513e-01,4.997618769275898737e-02,3.621026794051608599e-02,0.000000000000000000e+00,4.706753870987486627e-02,2.480269047305114910e-02
1.615579737838231944e-01,5.677012485396958248e-03,2.936981665982892897e-01,1.093581224592524437e-01,4.698879207081808722e-03,8.799430021765058951e-02,0.000000000000000000e+00,0.000000000000000000e+00,2.669287472473653167e-01,2.052570065442710923e-01,1.166834389738773820e-02,1.636932128121917907e-01,0.000000000000000000e+00,1.077161518165298607e-02,0.000000000000000000e+00,3.951355449588138391e-02,3.029486454678063101e-01,0.000000000000000000e+00,0.000000000000000000e+00,3.195977305298068893e-01,9.794607428116745840e-02,6.014394556419670745e-02,8.817218892186536039e-02,1.859180378194540129e-01,7.408516240507573292e-02,1.759412472228683300e-01,1.014836323015169267e-01,0.000000000000000000e+00,2.458965910662372703e-02,0.000000000000000000e+00,0.000000000000000000e+00,0.000000000000000000e+00,7.715725380398990620e-03,0.000000000000000000e+00,5.042379329941416161e-02,1.296242532600664910e-01,3.763870706291916335e-02,0.000000000000000000e+00,2.236983463275477035e-02,0.000000000000000000e+00,1.109072637321970728e-01,0.000000000000000000e+00,0.000000000000000000e+00,1.434255138075056502e-02,0.000000000000000000e+00,1.999214485327129864e-01,2.066066906353938859e-01,0.000000000000000000e+00,1.216975660507055301e-01,0.000000000000000000e+00,0.000000000000000000e+00,0.000000000000000000e+00,4.563663648327110495e-02,1.223008738720456207e-01,7.980303120810722239e-02,0.000000000000000000e+00,1.444291817262201016e-01,1.467133451676033151e-01,0.000000000000000000e+00,0.000000000000000000e+00,0.000000000000000000e+00,0.000000000000000000e+00,0.000000000000000000e+00,0.000000000000000000e+00,0.000000000000000000e+00,0.000000000000000000e+00,0.000000000000000000e+00,9.237749440874462592e-02,0.000000000000000000e+00,2.970977432228821824e-03,6.254563019994897888e-02,3.007123717574476662e-02,4.339602907147468297e-02,0.000000000000000000e+00,0.000000000000000000e+00,9.181303594909273613e-02,0.000000000000000000e+00,2.221460501652972389e-02,2.229184393817008197e-02,0.000000000000000000e+00,0.000000000000000000e+00,4.912934247498501605e-02,0.000000000000000000e+00,0.000000000000000000e+00,0.000000000000000000e+00,0.000000000000000000e+00,2.049059419820405126e-01,0.000000000000000000e+00,0.000000000000000000e+00,0.000000000000000000e+00,8.850044109978874585e-02,0.000000000000000000e+00,0.000000000000000000e+00,0.000000000000000000e+00,1.535757017778535682e-01,7.750936456592080748e-02,3.799072080654184586e-02,0.000000000000000000e+00,1.890161883756798500e-01,0.000000000000000000e+00,0.000000000000000000e+00,0.000000000000000000e+00,1.893044500718629175e-01,1.417588206766909678e-02,1.461600406947497488e-01,0.000000000000000000e+00,0.000000000000000000e+00,0.000000000000000000e+00,0.000000000000000000e+00,5.089061555943698301e-02,0.000000000000000000e+00,0.000000000000000000e+00,7.324443246257462958e-02,0.000000000000000000e+00,0.000000000000000000e+00,1.036988863691578611e-01,0.000000000000000000e+00,7.938167198589182738e-02,0.000000000000000000e+00,2.599267371889910951e-03,1.159209848547810978e-01,8.096130667822691585e-02,0.000000000000000000e+00,0.000000000000000000e+00,1.765244346888986127e-01,0.000000000000000000e+00,0.000000000000000000e+00,6.877519904379668370e-02,0.000000000000000000e+00,0.000000000000000000e+00,0.000000000000000000e+00,1.298878266902681045e-02,0.000000000000000000e+00,0.000000000000000000e+00,0.000000000000000000e+00,0.000000000000000000e+00,0.000000000000000000e+00,0.000000000000000000e+00,2.723103994763077101e-02,0.000000000000000000e+00,0.000000000000000000e+00,0.000000000000000000e+00,1.168950845433927022e-01,0.000000000000000000e+00,6.172873726169958442e-02,0.000000000000000000e+00,0.000000000000000000e+00,0.000000000000000000e+00,0.000000000000000000e+00,2.352498166815504554e-01
0.000000000000000000e+00,0.000000000000000000e+00,0.000000000000000000e+00,0.000000000000000000e+00,1.050059327847626678e-01,0.000000000000000000e+00,1.718506605524549036e-01,9.614614548060833321e-02,2.889961508938438187e-02,0.000000000000000000e+00,0.000000000000000000e+00,0.000000000000000000e+00,0.000000000000000000e+00,3.566695601913599800e-02,0.000000000000000000e+00,0.000000000000000000e+00,0.000000000000000000e+00,0.000000000000000000e+00,9.036508161805738293e-02,0.000000000000000000e+00,0.000000000000000000e+00,0.000000000000000000e+00,0.000000000000000000e+00,0.000000000000000000e+00,1.457001761111723082e-01,0.000000000000000000e+00,0.000000000000000000e+00,1.433296161424860715e-01,6.313756444544205496e-03,0.000000000000000000e+00,9.036508161805738293e-02,1.264993312471541786e-01,0.000000000000000000e+00,0.000000000000000000e+00,0.000000000000000000e+00,0.000000000000000000e+00,0.000000000000000000e+00,1.371240364983857818e-01,0.000000000000000000e+00,1.128790240366804309e-01,5.266442642343741043e-02,0.000000000000000000e+00,0.000000000000000000e+00,7.545800124561359568e-02,1.032716317731957878e-01,4.121699342772009583e-02,4.591143650726044884e-03,5.941923906873966543e-02,3.215080292786808014e-02,9.320214643840495083e-03,0.000000000000000000e+00,2.116758878189015786e-02,0.000000000000000000e+00,3.235614195583227937e-02,0.000000000000000000e+00,1.906431186612664308e-02,0.000000000000000000e+00,6.817813470356179351e-02,3.163927096732316313e-02,1.441104529477517035e-02,7.587223954996234754e-02,0.000000000000000000e+00,5.388574086755908155e-02,3.590975869931018610e-02,0.000000000000000000e+00,5.477091660570933794e-03,5.450078898935144245e-02,6.436181210919726670e-02,1.605773117581858755e-02,0.000000000000000000e+00,0.000000000000000000e+00,0.000000000000000000e+00,1.609455115773460350e-04,0.000000000000000000e+00,5.712446889508507146e-03,2.832288933962636562e-02,0.000000000000000000e+00,1.575799752699472145e-01,0.000000000000000000e+00,6.936522925080292404e-03,1.564102917935594403e-02,0.000000000000000000e+00,1.316730786139314602e-01,1.123297068597915727e-01,5.070893470385089141e-02,1.195017893744362292e-01,2.087463709130814582e-01,1.406668407532239429e-01,0.000000000000000000e+00,0.000000000000000000e+00,1.410385525334814996e-02,2.917101341959017075e-02,0.000000000000000000e+00,0.000000000000000000e+00,0.000000000000000000e+00,0.000000000000000000e+00,4.066419868138180377e-02,0.000000000000000000e+00,6.387129436308433550e-02,0.000000000000000000e+00,0.000000000000000000e+00,0.000000000000000000e+00,0.000000000000000000e+00,0.000000000000000000e+00,0.000000000000000000e+00,6.915211867589429739e-02,1.513461269652060515e-01,4.942582624750640335e-02,6.324335849479119365e-02,4.307300309024640617e-02,0.000000000000000000e+00,0.000000000000000000e+00,5.772039228910614411e-02,1.266208767086476200e-02,6.133717421712674839e-02,0.000000000000000000e+00,0.000000000000000000e+00,0.000000000000000000e+00,1.614920357049269561e-02,1.596931667829975532e-01,2.054628488931733304e-02,1.315826042874861275e-02,0.000000000000000000e+00,0.000000000000000000e+00,0.000000000000000000e+00,0.000000000000000000e+00,2.455154710848790334e-01,9.705563059212510280e-03,0.000000000000000000e+00,7.214894987268211102e-02,2.186680560043730015e-02,0.000000000000000000e+00,0.000000000000000000e+00,6.284471494394577862e-02,0.000000000000000000e+00,0.000000000000000000e+00,0.000000000000000000e+00,0.000000000000000000e+00,0.000000000000000000e+00,0.000000000000000000e+00,1.073035134319324235e-01,0.000000000000000000e+00,0.000000000000000000e+00,0.000000000000000000e+00,8.681686247189958350e-02,0.000000000000000000e+00,6.640800014317396749e-02,3.747771350177357685e-02,2.017680044294028474e-01,9.078017666870143165e-03
6.916708880310301621e-02,1.246008479006087410e-01,9.593648429518097931e-03,1.861118741246972630e-01,0.000000000000000000e+00,0.000000000000000000e+00,1.307605229070684175e-03,7.839582725569818611e-02,0.000000000000000000e+00,7.420124186298419910e-02,5.854766610208676780e-02,0.000000000000000000e+00,6.960999216813296142e-02,5.808958350877049814e-02,7.836091936747882625e-02,7.874416032003207777e-03,3.322258372192533893e-02,0.000000000000000000e+00,9.415274660171540910e-02,8.006413336742140840e-02,8.316258939237136660e-02,0.000000000000000000e+00,0.000000000000000000e+00,0.000000000000000000e+00,8.068712588566537974e-03,8.438362849248107200e-02,0.000000000000000000e+00,8.698609823800676488e-02,0.000000000000000000e+00,0.000000000000000000e+00,9.415274660171540910e-02,3.127459223806818532e-03,0.000000000000000000e+00,0.000000000000000000e+00,8.750170517322941599e-02,0.000000000000000000e+00,1.448545921360227529e-01,0.000000000000000000e+00,1.289826557451501376e-01,0.000000000000000000e+00,0.000000000000000000e+00,3.690579557901980251e-02,5.490950569721739227e-02,2.435598913801409471e-02,7.631342734511457893e-02,0.000000000000000000e+00,0.000000000000000000e+00,6.081712881434945400e-02,0.000000000000000000e+00,0.000000000000000000e+00,1.377214354950687669e-01,1.120980372631997235e-01,1.105214446686761387e-01,0.000000000000000000e+00,1.557192142819213265e-04,4.932377712521301971e-02,5.954162359015867205e-03,1.099010977169255915e-01,9.431256457712425961e-03,0.000000000000000000e+00,0.000000000000000000e+00,5.431658192053821776e-02,0.000000000000000000e+00,0.000000000000000000e+00,6.724493308058827890e-02,0.000000000000000000e+00,3.278655468582930554e-02,1.293962244035474010e-02,1.297077010653881479e-01,1.502990043695263400e-01,0.000000000000000000e+00,6.257075454605466602e-02,0.000000000000000000e+00,7.093727253712289738e-02,4.500853156441152192e-02,0.000000000000000000e+00,5.208298297042971911e-03,0.000000000000000000e+00,0.000000000000000000e+00,6.329979091473715569e-02,0.000000000000000000e+00,0.000000000000000000e+00,3.522134486381578444e-02,0.000000000000000000e+00,7.588145871633850126e-02,0.000000000000000000e+00,1.096045800263784620e-01,0.000000000000000000e+00,0.000000000000000000e+00,8.944926028336766533e-02,0.000000000000000000e+00,7.529846466866821353e-02,5.116356115626721768e-02,5.673637325635341733e-02,0.000000000000000000e+00,1.938210802011090111e-02,1.022955295808892877e-02,0.000000000000000000e+00,0.000000000000000000e+00,0.000000000000000000e+00,0.000000000000000000e+00,0.000000000000000000e+00,6.970982225800925747e-02,0.000000000000000000e+00,0.000000000000000000e+00,0.000000000000000000e+00,0.000000000000000000e+00,1.178369224456460862e-01,6.727403109652965729e-02,0.000000000000000000e+00,4.290858004881004106e-02,1.127416171582016659e-02,0.000000000000000000e+00,0.000000000000000000e+00,0.000000000000000000e+00,0.000000000000000000e+00,3.419484060267573289e-02,0.000000000000000000e+00,0.000000000000000000e+00,7.278253061851117089e-02,1.810196352645170731e-02,6.993703298287215486e-02,3.071367577436200785e-02,1.622571674875998293e-01,1.066206012311503304e-01,1.864468689177489480e-01,0.000000000000000000e+00,3.125461636820588834e-02,0.000000000000000000e+00,1.243857032064585311e-01,0.000000000000000000e+00,0.000000000000000000e+00,1.501423263087189527e-02,0.000000000000000000e+00,7.542463407225262310e-03,1.112405140677892451e-01,1.501423263087189527e-02,7.542463407225262310e-03,5.800827482080732345e-02,1.423343230537565951e-01,0.000000000000000000e+00,0.000000000000000000e+00,7.637129564074780774e-02,1.288163345212130495e-01,0.000000000000000000e+00,1.107769872890281004e-01,5.028238757411922916e-02,1.795474976767832409e-01,0.000000000000000000e+00,0.000000000000000000e+00
1.667073602419762990e-01,2.789017807008722233e-02,1.032213269347076745e-01,1.702206167840664697e-01,0.000000000000000000e+00,4.048352962551743373e-02,0.000000000000000000e+00,0.000000000000000000e+00,0.000000000000000000e+00,2.320784237122129889e-01,1.876086663494083706e-02,0.000000000000000000e+00,3.782938687472234274e-02,0.000000000000000000e+00,6.880205456285354293e-02,4.264937862913129041e-02,1.823199379317964608e-01,0.000000000000000000e+00,0.000000000000000000e+00,2.069543073709571579e-01,2.136277377028788504e-01,8.331720525692878909e-02,1.242195965445166972e-01,5.830415566152985507e-02,0.000000000000000000e+00,2.995502091413522749e-01,3.722320403714220183e-02,0.000000000000000000e+00,1.261549956396462169e-01,0.000000000000000000e+00,0.000000000000000000e+00,1.279798132617321893e-01,5.141184695007440519e-02,0.000000000000000000e+00,0.000000000000000000e+00,1.644168306118778677e-01,0.000000000000000000e+00,0.000000000000000000e+00,1.238488775999028457e-01,0.000000000000000000e+00,2.050149033891679462e-02,3.359593236779764847e-02,1.548081063760356479e-01,0.000000000000000000e+00,0.000000000000000000e+00,2.389390500058872213e-01,1.810608268520882136e-01,1.701655788513993239e-01,0.000000000000000000e+00,0.000000000000000000e+00,0.000000000000000000e+00,5.014469249370215320e-02,4.657866931410094280e-02,1.471541153656242586e-02,3.764099186249536978e-03,0.000000000000000000e+00,1.952254676024162139e-01,0.000000000000000000e+00,1.113885575753614798e-01,0.000000000000000000e+00,0.000000000000000000e+00,1.239669825317401830e-01,0.000000000000000000e+00,2.152927276001870630e-02,0.000000000000000000e+00,0.000000000000000000e+00,8.527148015407555459e-02,0.000000000000000000e+00,4.057758464094847473e-02,6.215354430714509909e-02,1.288443009846902410e-01,0.000000000000000000e+00,8.010790095151951173e-02,5.470948981890129403e-02,8.098499914471080086e-02,0.000000000000000000e+00,0.000000000000000000e+00,1.151016496240521297e-01,1.036387369987959994e-01,7.301395493693672856e-02,1.287912303193620434e-01,8.008850813990819884e-02,0.000000000000000000e+00,0.000000000000000000e+00,9.049811404191445557e-03,0.000000000000000000e+00,0.000000000000000000e+00,0.000000000000000000e+00,3.326051457952229617e-02,1.195963209503792257e-01,9.556747513517017956e-02,8.322534321880245556e-02,1.983244530602222278e-01,0.000000000000000000e+00,1.269623329361561359e-01,2.297025953048466573e-01,0.000000000000000000e+00,1.146992042368207565e-01,0.000000000000000000e+00,1.893044500718629175e-01,0.000000000000000000e+00,6.970982225800925747e-02,0.000000000000000000e+00,0.000000000000000000e+00,0.000000000000000000e+00,1.243931352295284121e-02,0.000000000000000000e+00,0.000000000000000000e+00,0.000000000000000000e+00,7.756412802397708028e-02,0.000000000000000000e+00,7.576509058246658213e-02,0.000000000000000000e+00,6.444094505568070952e-02,2.388377193101028778e-02,2.022943540669657481e-01,0.000000000000000000e+00,1.515739549307322798e-01,0.000000000000000000e+00,0.000000000000000000e+00,6.904836214901363678e-02,0.000000000000000000e+00,0.000000000000000000e+00,0.000000000000000000e+00,1.251169707821998545e-01,1.341292185407154669e-01,0.000000000000000000e+00,0.000000000000000000e+00,2.874040517148853530e-02,4.248735097453407161e-02,9.794837094775990516e-02,9.855978240438725835e-02,0.000000000000000000e+00,4.508208872045276622e-02,3.203237751874978001e-02,3.751435238247823739e-02,0.000000000000000000e+00,3.203237751874978001e-02,1.636528015583502138e-01,1.820992136030212538e-02,0.000000000000000000e+00,0.000000000000000000e+00,3.521367736848075858e-02,1.698639490632572469e-01,0.000000000000000000e+00,1.424607233649977968e-02,0.000000000000000000e+00,0.000000000000000000e+00,0.000000000000000000e+00,4.966941202552271895e-02
7.339966098145930817e-02,0.000000000000000000e+00,0.000000000000000000e+00,0.000000000000000000e+00,1.099001657014371247e-01,0.000000000000000000e+00,8.634842106771800641e-02,9.298209049945268395e-03,0.000000000000000000e+00,8.503049684530339380e-02,0.000000000000000000e+00,0.000000000000000000e+00,0.000000000000000000e+00,1.142054109977993712e-02,0.000000000000000000e+00,0.000000000000000000e+00,1.087159383477655922e-02,2.467643234355553633e-02,0.000000000000000000e+00,0.000000000000000000e+00,0.000000000000000000e+00,0.000000000000000000e+00,1.214514891749694236e-01,1.262397743497374880e-01,0.000000000000000000e+00,0.000000000000000000e+00,4.215269014279149351e-02,0.000000000000000000e+00,4.436380124442006190e-02,2.467643234355553633e-02,0.000000000000000000e+00,0.000000000000000000e+00,1.637454839513962090e-01,3.005230831395281146e-02,0.000000000000000000e+00,0.000000000000000000e+00,0.000000000000000000e+00,4.431072697388823214e-03,0.000000000000000000e+00,3.518580085178922567e-02,2.596594309064215872e-03,0.000000000000000000e+00,2.848815116997173089e-02,1.044178847268724952e-01,0.000000000000000000e+00,0.000000000000000000e+00,0.000000000000000000e+00,0.000000000000000000e+00,2.183419021178011066e-02,1.364345657812433554e-01,0.000000000000000000e+00,0.000000000000000000e+00,0.000000000000000000e+00,0.000000000000000000e+00,8.244187295322005782e-02,7.163910296761858039e-03,9.141596883748440150e-02,0.000000000000000000e+00,0.000000000000000000e+00,0.000000000000000000e+00,0.000000000000000000e+00,1.056712011413115382e-01,0.000000000000000000e+00,0.000000000000000000e+00,1.159400910022796161e-01,1.383517642921573004e-02,0.000000000000000000e+00,0.000000000000000000e+00,0.000000000000000000e+00,2.360934139757175747e-03,8.438742433087384476e-02,3.407521587690362508e-02,1.491412524356547642e-01,0.000000000000000000e+00,0.000000000000000000e+00,0.000000000000000000e+00,6.614708780250963538e-02,0.000000000000000000e+00,0.000000000000000000e+00,0.000000000000000000e+00,0.000000000000000000e+00,6.832863368812368450e-04,0.000000000000000000e+00,2.012262789455534703e-03,3.656842677954953713e-02,8.766351617833637033e-02,0.000000000000000000e+00,4.815175667255115061e-02,9.091418791014084511e-03,0.000000000000000000e+00,0.000000000000000000e+00,0.000000000000000000e+00,3.942078716404920358e-02,3.065290592185832691e-02,0.000000000000000000e+00,0.000000000000000000e+00,0.000000000000000000e+00,2.652899811057547047e-02,1.024233721793085458e-02,1.417588206766909678e-02,0.000000000000000000e+00,0.000000000000000000e+00,0.000000000000000000e+00,0.000000000000000000e+00,1.445237624299810231e-01,8.167063760209582191e-02,0.000000000000000000e+00,0.000000000000000000e+00,0.000000000000000000e+00,3.569853274571046890e-03,1.360671309168932919e-02,1.585626093127866787e-01,0.000000000000000000e+00,0.000000000000000000e+00,7.487384288634242602e-02,5.141653184158950785e-02,1.766787953498911712e-01,4.905384991626980662e-02,1.405575856938202362e-01,0.000000000000000000e+00,1.314223525744596943e-01,0.000000000000000000e+00,3.970921113340682845e-03,3.529060527309476475e-02,0.000000000000000000e+00,0.000000000000000000e+00,0.000000000000000000e+00,2.837584474056155728e-02,8.267356210269274919e-02,6.652620115172996895e-02,7.333745516054748781e-02,0.000000000000000000e+00,1.591964991057998602e-01,3.314613188501433494e-02,2.764855982090377168e-02,6.486858146739642866e-03,1.591964991057998602e-01,2.764855982090377168e-02,0.000000000000000000e+00,1.537212740837558267e-01,0.000000000000000000e+00,0.000000000000000000e+00,0.000000000000000000e+00,3.725413155962732648e-02,0.000000000000000000e+00,1.625813145231712054e-01,0.000000000000000000e+00,0.000000000000000000e+00,0.000000000000000000e+00,4.547394215654052690e-02
7.797053012573440522e-02,2.894537016622510811e-02,0.000000000000000000e+00,1.306303468440750959e-01,3.324688990456275278e-02,0.000000000000000000e+00,0.000000000000000000e+00,0.000000000000000000e+00,0.000000000000000000e+00,7.165197099463566088e-02,0.000000000000000000e+00,4.796524475795675702e-02,3.470731137478674788e-02,0.000000000000000000e+00,0.000000000000000000e+00,0.000000000000000000e+00,5.007453165680668221e-04,1.975793539881016136e-01,5.764364494925310056e-02,0.000000000000000000e+00,0.000000000000000000e+00,9.087507688294320374e-02,1.244465427091370757e-01,1.569886002130970737e-01,1.911889046214894361e-02,1.244270808445749679e-02,7.606045552205206728e-02,0.000000000000000000e+00,5.804630261848736650e-02,1.975793539881016136e-01,5.764364494925310056e-02,2.953754292776661350e-02,0.000000000000000000e+00,6.593258722916600645e-02,0.000000000000000000e+00,0.000000000000000000e+00,0.000000000000000000e+00,0.000000000000000000e+00,0.000000000000000000e+00,0.000000000000000000e+00,0.000000000000000000e+00,0.000000000000000000e+00,0.000000000000000000e+00,0.000000000000000000e+00,0.000000000000000000e+00,0.000000000000000000e+00,0.000000000000000000e+00,0.000000000000000000e+00,4.097661983751468839e-02,2.000088218079833224e-01,0.000000000000000000e+00,0.000000000000000000e+00,6.750223208448163925e-02,2.632586395468772614e-02,1.441114210016665176e-01,9.090555029371485962e-02,0.000000000000000000e+00,0.000000000000000000e+00,0.000000000000000000e+00,0.000000000000000000e+00,0.000000000000000000e+00,0.000000000000000000e+00,0.000000000000000000e+00,0.000000000000000000e+00,6.600496469917339903e-02,6.280048268263437039e-02,0.000000000000000000e+00,0.000000000000000000e+00,0.000000000000000000e+00,0.000000000000000000e+00,7.888536424687261905e-02,0.000000000000000000e+00,0.000000000000000000e+00,0.000000000000000000e+00,0.000000000000000000e+00,3.520389951129056227e-02,0.000000000000000000e+00,3.706168841362363076e-02,0.000000000000000000e+00,4.121192826379629220e-02,4.597781816468304167e-02,0.000000000000000000e+00,4.186860207379793780e-02,0.000000000000000000e+00,0.000000000000000000e+00,3.924322266759724953e-02,5.831975988098660191e-02,0.000000000000000000e+00,1.057833964287494544e-01,0.000000000000000000e+00,8.059945517774755319e-02,0.000000000000000000e+00,3.458193966727868968e-02,6.607214288642138111e-02,1.037085070053346374e-02,4.276924934290209090e-03,0.000000000000000000e+00,0.000000000000000000e+00,0.000000000000000000e+00,1.461600406947497488e-01,0.000000000000000000e+00,0.000000000000000000e+00,0.000000000000000000e+00,1.445237624299810231e-01,0.000000000000000000e+00,0.000000000000000000e+00,0.000000000000000000e+00,0.000000000000000000e+00,0.000000000000000000e+00,3.534608072479576875e-03,4.944874529445993094e-02,2.280045637409112980e-01,0.000000000000000000e+00,9.793228270764489651e-02,0.000000000000000000e+00,5.177160311185148925e-03,1.087766605885805149e-01,0.000000000000000000e+00,1.449084638762930255e-01,0.000000000000000000e+00,0.000000000000000000e+00,9.023254222454234197e-02,1.283175715409914097e-01,0.000000000000000000e+00,0.000000000000000000e+00,0.000000000000000000e+00,5.510303971669432144e-02,0.000000000000000000e+00,0.000000000000000000e+00,2.245046188530275266e-02,0.000000000000000000e+00,0.000000000000000000e+00,1.622459021486156450e-01,0.000000000000000000e+00,0.000000000000000000e+00,8.544669622067017911e-02,1.622459021486156450e-01,0.000000000000000000e+00,0.000000000000000000e+00,1.894086459972374806e-02,2.280219756068815190e-02,0.000000000000000000e+00,0.000000000000000000e+00,0.000000000000000000e+00,1.490791406834080651e-02,6.112982539078203048e-02,0.000000000000000000e+00,4.714144166936141966e-03,0.000000000000000000e+00,7.760667665680556770e-02
0.000000000000000000e+00,0.000000000000000000e+00,0.000000000000000000e+00,0.000000000000000000e+00,0.000000000000000000e+00,1.061708801727851981e-01,1.232198104249093151e-01,1.426542386084906494e-02,0.000000000000000000e+00,6.151806216414047040e-02,0.000000000000000000e+00,1.505616014839293026e-01,0.000000000000000000e+00,4.768354193404368557e-02,7.718609809969551039e-02,0.000000000000000000e+00,0.000000000000000000e+00,0.000000000000000000e+00,1.478910688487214582e-02,7.499270081441286595e-02,0.000000000000000000e+00,0.000000000000000000e+00,1.695497821761577095e-01,1.097165433828617698e-01,0.000000000000000000e+00,4.883121774856211128e-02,0.000000000000000000e+00,0.000000000000000000e+00,3.590117558992703128e-02,0.000000000000000000e+00,1.478910688487214582e-02,0.000000000000000000e+00,7.581106747322852168e-02,0.000000000000000000e+00,0.000000000000000000e+00,0.000000000000000000e+00,6.980157679410173288e-02,3.652001113086958406e-02,1.259129695620542777e-01,2.202272787852172994e-02,5.618428068662119357e-03,1.271268796541015766e-01,0.000000000000000000e+00,6.076703793447721380e-02,1.045922901001771765e-01,0.000000000000000000e+00,0.000000000000000000e+00,0.000000000000000000e+00,6.282711518338418566e-02,0.000000000000000000e+00,0.000000000000000000e+00,0.000000000000000000e+00,0.000000000000000000e+00,0.000000000000000000e+00,5.010470458315068043e-02,2.523049852777807800e-01,1.069733306097217784e-01,0.000000000000000000e+00,3.544485091653408471e-02,1.059589407666752248e-01,3.732864922701359389e-02,0.000000000000000000e+00,0.000000000000000000e+00,4.704986467157015739e-02,3.729370986477699434e-02,0.000000000000000000e+00,0.000000000000000000e+00,1.884757953650436496e-02,0.000000000000000000e+00,7.818604158402196747e-02,1.008200656906363402e-01,7.875384447071998029e-02,1.181581612441928303e-01,6.779519048727462860e-02,0.000000000000000000e+00,0.000000000000000000e+00,3.992115781668624519e-02,0.000000000000000000e+00,1.126793767858303708e-01,0.000000000000000000e+00,1.422641875617774720e-01,0.000000000000000000e+00,7.881945616069824245e-02,3.580132721099840709e-02,1.092533947820424345e-01,0.000000000000000000e+00,1.322976367009608481e-02,3.342526808548657025e-02,1.209864233908364561e-01,1.394646835984997835e-01,0.000000000000000000e+00,2.948674884192742374e-02,0.000000000000000000e+00,0.000000000000000000e+00,2.761735483353796195e-03,4.022497502467641678e-02,9.698317877778656060e-02,0.000000000000000000e+00,0.000000000000000000e+00,0.000000000000000000e+00,6.915211867589429739e-02,0.000000000000000000e+00,1.243931352295284121e-02,8.167063760209582191e-02,0.000000000000000000e+00,0.000000000000000000e+00,7.129561271905722301e-03,1.381699079809314279e-01,0.000000000000000000e+00,1.784235077936145719e-01,0.000000000000000000e+00,0.000000000000000000e+00,0.000000000000000000e+00,1.333260419239399863e-01,1.087935445398577616e-01,0.000000000000000000e+00,6.206254154929566336e-02,0.000000000000000000e+00,0.000000000000000000e+00,0.000000000000000000e+00,0.000000000000000000e+00,0.000000000000000000e+00,0.000000000000000000e+00,0.000000000000000000e+00,2.572969949549661593e-03,0.000000000000000000e+00,9.628605829400777028e-02,9.504485843491016633e-03,8.240750500472021622e-02,0.000000000000000000e+00,1.106929258885329115e-01,7.277694262912537404e-02,1.979417799862806526e-02,0.000000000000000000e+00,6.534153654582910975e-02,1.018370413301255273e-01,1.979417799862806526e-02,6.534153654582910975e-02,1.915466327919556622e-01,0.000000000000000000e+00,6.709022283157999034e-02,2.518070280495218749e-02,0.000000000000000000e+00,1.872805002350408921e-01,4.118379718363064657e-02,0.000000000000000000e+00,1.187914062261026249e-01,0.000000000000000000e+00,1.016906286100510981e-01,0.000000000000000000e+00
0.000000000000000000e+00,0.000000000000000000e+00,0.000000000000000000e+00,3.201335782658012996e-02,2.638402710303737117e-02,0.000000000000000000e+00,0.000000000000000000e+00,0.000000000000000000e+00,0.000000000000000000e+00,5.235745970637280255e-02,0.000000000000000000e+00,0.000000000000000000e+00,0.000000000000000000e+00,0.000000000000000000e+00,0.000000000000000000e+00,0.000000000000000000e+00,0.000000000000000000e+00,5.171946938401411446e-03,0.000000000000000000e+00,0.000000000000000000e+00,8.001001829593961875e-03,1.639574955268242595e-01,4.043914626162939396e-02,7.173928652599242950e-02,2.919356513341498163e-02,2.958683806616722173e-02,0.000000000000000000e+00,0.000000000000000000e+00,2.943071095470092997e-03,5.171946938401411446e-03,0.000000000000000000e+00,0.000000000000000000e+00,1.937473552534988569e-02,1.128518308913814550e-01,0.000000000000000000e+00,0.000000000000000000e+00,0.000000000000000000e+00,1.648410166751432260e-01,0.000000000000000000e+00,3.895511313061708614e-02,2.956249878483230634e-02,0.000000000000000000e+00,0.000000000000000000e+00,1.192811676329560110e-02,0.000000000000000000e+00,0.000000000000000000e+00,0.000000000000000000e+00,0.000000000000000000e+00,1.092663073894662717e-01,4.518917313008603831e-02,1.315267881051656804e-02,2.569955414443025193e-02,0.000000000000000000e+00,4.761824321324958920e-02,0.000000000000000000e+00,1.280642745853824982e-01,0.000000000000000000e+00,3.349414174462993742e-03,0.000000000000000000e+00,2.337621502580868038e-02,4.187941282410934107e-02,0.000000000000000000e+00,0.000000000000000000e+00,1.154457697540898498e-01,1.549529008564178856e-01,0.000000000000000000e+00,0.000000000000000000e+00,0.000000000000000000e+00,2.035601702913134720e-02,0.000000000000000000e+00,0.000000000000000000e+00,1.089544505695690807e-02,0.000000000000000000e+00,0.000000000000000000e+00,7.143938154997310844e-03,0.000000000000000000e+00,2.004904997459954971e-02,0.000000000000000000e+00,0.000000000000000000e+00,0.000000000000000000e+00,0.000000000000000000e+00,0.000000000000000000e+00,1.104356674503063629e-01,1.121284615577242405e-01,0.000000000000000000e+00,6.425173390092422943e-02,0.000000000000000000e+00,1.280540270065580466e-01,0.000000000000000000e+00,0.000000000000000000e+00,0.000000000000000000e+00,1.567275045935820690e-02,0.000000000000000000e+00,0.000000000000000000e+00,7.799814480988763454e-02,1.780594770859091625e-01,5.729761833099281804e-02,9.127301787107182374e-02,3.670551832722300512e-02,0.000000000000000000e+00,1.513461269652060515e-01,0.000000000000000000e+00,0.000000000000000000e+00,0.000000000000000000e+00,0.000000000000000000e+00,7.129561271905722301e-03,0.000000000000000000e+00,0.000000000000000000e+00,0.000000000000000000e+00,8.306927699218685096e-03,7.650284386630641642e-02,0.000000000000000000e+00,0.000000000000000000e+00,1.220265117503616936e-01,8.739939712718661213e-02,9.583263563161575904e-02,0.000000000000000000e+00,1.752478490612608408e-01,6.524103557597370207e-02,0.000000000000000000e+00,7.546706278710587842e-03,0.000000000000000000e+00,0.000000000000000000e+00,0.000000000000000000e+00,0.000000000000000000e+00,0.000000000000000000e+00,0.000000000000000000e+00,0.000000000000000000e+00,0.000000000000000000e+00,5.407029691023489126e-03,1.905740292733175759e-02,5.230087911367276021e-02,8.571679771864207376e-02,5.973601564627591121e-02,0.000000000000000000e+00,0.000000000000000000e+00,8.571679771864207376e-02,0.000000000000000000e+00,0.000000000000000000e+00,4.161467980513848530e-02,8.489301373567517683e-02,0.000000000000000000e+00,0.000000000000000000e+00,0.000000000000000000e+00,1.454049767602587084e-01,5.419312670741750770e-02,0.000000000000000000e+00,0.000000000000000000e+00,0.000000000000000000e+00,4.807863685325351050e-02
1.979897437968754920e-02,2.749761907035570135e-02,2.591308254556326605e-03,8.507982091777521738e-02,0.000000000000000000e+00,0.000000000000000000e+00,1.063123843502783612e-02,0.000000000000000000e+00,0.000000000000000000e+00,7.165082011730297684e-02,0.000000000000000000e+00,0.000000000000000000e+00,1.433895321505242459e-01,1.305525328483141678e-01,1.533210534679407266e-01,8.020291144160282548e-02,5.114798228601816904e-02,0.000000000000000000e+00,0.000000000000000000e+00,8.701330468457751932e-02,9.229911160901718703e-02,0.000000000000000000e+00,0.000000000000000000e+00,2.148137178929932639e-02,0.000000000000000000e+00,1.004294829925254373e-01,7.068379753550005015e-03,0.000000000000000000e+00,6.118874329081318980e-02,0.000000000000000000e+00,0.000000000000000000e+00,0.000000000000000000e+00,0.000000000000000000e+00,0.000000000000000000e+00,1.012633676396171301e-01,0.000000000000000000e+00,1.358869328625275097e-01,0.000000000000000000e+00,1.306797102853564374e-01,0.000000000000000000e+00,0.000000000000000000e+00,5.188884363616207140e-02,0.000000000000000000e+00,0.000000000000000000e+00,0.000000000000000000e+00,0.000000000000000000e+00,0.000000000000000000e+00,0.000000000000000000e+00,0.000000000000000000e+00,0.000000000000000000e+00,0.000000000000000000e+00,0.000000000000000000e+00,2.709078863407021840e-03,3.904078889211330672e-02,7.293749963929990754e-02,0.000000000000000000e+00,0.000000000000000000e+00,1.621259492647543488e-01,0.000000000000000000e+00,7.432457461666912291e-02,0.000000000000000000e+00,6.744066222864629478e-02,0.000000000000000000e+00,0.000000000000000000e+00,0.000000000000000000e+00,0.000000000000000000e+00,8.163216612960647045e-02,2.068700867157665380e-01,0.000000000000000000e+00,1.312699667410287541e-01,0.000000000000000000e+00,0.000000000000000000e+00,0.000000000000000000e+00,1.485220240550643167e-01,0.000000000000000000e+00,0.000000000000000000e+00,0.000000000000000000e+00,4.054618488911417712e-02,2.778323706839109716e-02,0.000000000000000000e+00,0.000000000000000000e+00,0.000000000000000000e+00,0.000000000000000000e+00,0.000000000000000000e+00,0.000000000000000000e+00,0.000000000000000000e+00,8.398914703674962429e-03,5.481984716371416516e-02,8.765843541645204628e-02,0.000000000000000000e+00,0.000000000000000000e+00,8.895915153799580088e-02,0.000000000000000000e+00,0.000000000000000000e+00,0.000000000000000000e+00,1.245951024403510465e-01,1.519850933944162097e-01,0.000000000000000000e+00,0.000000000000000000e+00,0.000000000000000000e+00,4.942582624750640335e-02,1.178369224456460862e-01,0.000000000000000000e+00,0.000000000000000000e+00,0.000000000000000000e+00,1.381699079809314279e-01,0.000000000000000000e+00,0.000000000000000000e+00,1.476274661959485479e-02,8.343859540080247883e-02,0.000000000000000000e+00,0.000000000000000000e+00,0.000000000000000000e+00,0.000000000000000000e+00,0.000000000000000000e+00,0.000000000000000000e+00,0.000000000000000000e+00,3.818157490506524088e-02,0.000000000000000000e+00,2.320786437998869842e-02,8.012270919603677044e-02,1.826668865881780901e-01,1.052710128822601995e-02,8.082237371175196583e-02,1.526673507974710131e-01,1.199073427270909431e-01,3.991424975893184679e-02,0.000000000000000000e+00,0.000000000000000000e+00,0.000000000000000000e+00,0.000000000000000000e+00,7.497827618617064482e-02,2.014567164560228385e-02,0.000000000000000000e+00,0.000000000000000000e+00,0.000000000000000000e+00,2.014567164560228385e-02,0.000000000000000000e+00,8.933588598858682728e-02,8.455183699993107371e-02,0.000000000000000000e+00,0.000000000000000000e+00,0.000000000000000000e+00,4.505809695696171707e-02,6.971797481513636319e-02,4.080253847974719961e-02,6.770838400667592016e-02,4.790651739268016185e-02,0.000000000000000000e+00,0.000000000000000000e+00
0.000000000000000000e+00,0.000000000000000000e+00,2.029696893070489366e-02,6.738663246271640872e-02,0.000000000000000000e+00,0.000000000000000000e+00,1.827127181040642118e-02,0.000000000000000000e+00,8.431936283943629318e-02,4.727386012986130315e-02,0.000000000000000000e+00,0.000000000000000000e+00,0.000000000000000000e+00,3.534190397121567129e-02,0.000000000000000000e+00,0.000000000000000000e+00,2.246880602207803820e-02,0.000000000000000000e+00,0.000000000000000000e+00,0.000000000000000000e+00,1.074939716091561914e-01,0.000000000000000000e+00,6.786937533731325634e-02,0.000000000000000000e+00,1.973556838448171924e-02,0.000000000000000000e+00,3.110536192756983009e-01,2.522464934673277620e-02,0.000000000000000000e+00,0.000000000000000000e+00,0.000000000000000000e+00,0.000000000000000000e+00,0.000000000000000000e+00,0.000000000000000000e+00,8.028825985017054578e-02,0.000000000000000000e+00,0.000000000000000000e+00,1.641343792353013309e-01,0.000000000000000000e+00,2.307758634452170519e-03,0.000000000000000000e+00,0.000000000000000000e+00,0.000000000000000000e+00,0.000000000000000000e+00,0.000000000000000000e+00,0.000000000000000000e+00,1.309919842263939163e-02,1.273920379950663762e-01,0.000000000000000000e+00,1.092107600328710293e-01,1.437229852408959396e-01,7.725293808741787172e-02,8.773999039046562198e-02,0.000000000000000000e+00,0.000000000000000000e+00,1.190708341847680762e-02,1.078639169732179548e-01,0.000000000000000000e+00,8.944340404461821950e-03,0.000000000000000000e+00,1.406478182464263316e-01,0.000000000000000000e+00,2.178619550692744919e-02,1.320655778260883262e-02,1.252251460251841975e-01,0.000000000000000000e+00,1.853320884938537971e-01,0.000000000000000000e+00,3.267089506930936915e-02,2.958624348281057442e-02,0.000000000000000000e+00,0.000000000000000000e+00,9.647506931640124905e-02,7.369342733403991264e-02,1.278415439162043921e-01,5.333730772684888710e-02,4.614643915944940944e-02,0.000000000000000000e+00,0.000000000000000000e+00,0.000000000000000000e+00,0.000000000000000000e+00,0.000000000000000000e+00,0.000000000000000000e+00,0.000000000000000000e+00,0.000000000000000000e+00,0.000000000000000000e+00,6.935015455831844422e-02,1.175022023854736947e-01,0.000000000000000000e+00,0.000000000000000000e+00,0.000000000000000000e+00,2.991888326671667334e-02,8.954082517074254954e-02,0.000000000000000000e+00,0.000000000000000000e+00,0.000000000000000000e+00,0.000000000000000000e+00,0.000000000000000000e+00,0.000000000000000000e+00,0.000000000000000000e+00,6.324335849479119365e-02,6.727403109652965729e-02,0.000000000000000000e+00,0.000000000000000000e+00,0.000000000000000000e+00,0.000000000000000000e+00,0.000000000000000000e+00,1.476274661959485479e-02,0.000000000000000000e+00,7.487662981379648863e-02,0.000000000000000000e+00,4.087944746209399433e-02,4.031819886355765548e-02,0.000000000000000000e+00,9.698174101703824559e-03,2.851387751393696240e-02,6.922997384569390400e-02,2.450205522851405839e-03,0.000000000000000000e+00,1.961476883479581698e-02,0.000000000000000000e+00,3.930135588186374485e-02,1.604403947743338055e-01,8.139375067745316383e-02,8.537758824343977260e-02,1.848223872571501669e-01,0.000000000000000000e+00,1.798119619987784412e-01,7.904298965269761224e-02,7.297293737059860896e-02,0.000000000000000000e+00,0.000000000000000000e+00,8.243127216813109226e-02,0.000000000000000000e+00,1.372033766424051726e-01,3.915777862355375102e-03,8.243127216813109226e-02,1.372033766424051726e-01,0.000000000000000000e+00,9.178160283247820128e-02,3.607922325684856379e-02,7.853573714862369104e-02,0.000000000000000000e+00,1.433694934744009913e-02,2.183194168777442476e-02,7.226712472933576048e-02,6.195485841174766528e-02,1.348851654534605760e-01,0.000000000000000000e+00,0.000000000000000000e+00
0.000000000000000000e+00,4.640105609304559509e-02,4.850280341087927216e-02,2.797892937794582355e-02,0.000000000000000000e+00,1.189378639636232138e-01,0.000000000000000000e+00,0.000000000000000000e+00,3.422374110964725158e-02,0.000000000000000000e+00,1.017295918363097032e-02,1.203099974255933680e-01,0.000000000000000000e+00,0.000000000000000000e+00,1.065158649255890794e-01,0.000000000000000000e+00,1.666944338569983919e-01,7.938252236483223090e-02,0.000000000000000000e+00,7.985286558859472361e-02,0.000000000000000000e+00,0.000000000000000000e+00,0.000000000000000000e+00,2.776789097435668208e-02,4.622417376118199278e-02,0.000000000000000000e+00,1.252306900818393465e-01,0.000000000000000000e+00,0.000000000000000000e+00,7.938252236483223090e-02,0.000000000000000000e+00,0.000000000000000000e+00,0.000000000000000000e+00,0.000000000000000000e+00,0.000000000000000000e+00,1.292376014843586440e-01,0.000000000000000000e+00,5.280487420926321951e-02,3.177797379901588226e-02,0.000000000000000000e+00,3.635354966766861373e-02,0.000000000000000000e+00,0.000000000000000000e+00,3.768501635820751400e-02,1.160632666202134899e-01,1.424414205969068425e-01,1.083869724538497059e-01,0.000000000000000000e+00,7.040837495966863202e-02,0.000000000000000000e+00,0.000000000000000000e+00,9.785945109093524552e-02,4.333161816386262716e-02,0.000000000000000000e+00,0.000000000000000000e+00,1.330075153594436135e-02,1.273299224373647953e-01,0.000000000000000000e+00,0.000000000000000000e+00,1.590197709223325259e-03,7.292143254594743440e-02,0.000000000000000000e+00,1.326855818439242607e-01,0.000000000000000000e+00,0.000000000000000000e+00,0.000000000000000000e+00,4.440802568934384964e-02,0.000000000000000000e+00,0.000000000000000000e+00,1.510337938374916589e-01,7.690053422070577960e-02,8.605017305604134581e-02,8.110007433629083662e-02,1.101533680984274899e-01,7.171658955288319481e-02,1.069953741660562285e-01,0.000000000000000000e+00,1.381934233425382019e-01,0.000000000000000000e+00,0.000000000000000000e+00,0.000000000000000000e+00,8.463365057730085073e-02,5.204211499309090855e-03,2.126577735390986768e-01,0.000000000000000000e+00,0.000000000000000000e+00,5.496442322186854967e-02,5.582593905929388034e-02,1.140841609191568101e-02,0.000000000000000000e+00,0.000000000000000000e+00,1.013119427075748480e-01,4.883338521735379467e-02,1.553286594802892346e-03,1.357000540547912380e-02,2.848848135188217223e-02,7.962724962060128975e-02,0.000000000000000000e+00,6.649883084089888707e-02,5.089061555943698301e-02,4.307300309024640617e-02,0.000000000000000000e+00,7.756412802397708028e-02,3.569853274571046890e-03,3.534608072479576875e-03,1.784235077936145719e-01,8.306927699218685096e-03,8.343859540080247883e-02,7.487662981379648863e-02,0.000000000000000000e+00,0.000000000000000000e+00,1.312618339496225695e-02,7.401325610416785439e-02,1.959683276896098669e-02,1.121148749657006546e-02,0.000000000000000000e+00,8.517335009626970238e-03,0.000000000000000000e+00,0.000000000000000000e+00,6.446776184926583664e-02,0.000000000000000000e+00,3.665681350676833206e-02,0.000000000000000000e+00,0.000000000000000000e+00,0.000000000000000000e+00,4.457187552575864187e-02,1.363594929158421232e-01,1.124856693979067734e-01,1.522349882917444115e-03,8.627448544263975616e-02,0.000000000000000000e+00,6.424811356894581660e-02,7.723275684601717261e-03,1.171057670559191577e-01,2.598232767645299729e-02,1.391326603021588171e-01,7.723275684601717261e-03,2.598232767645299729e-02,2.138167311679702864e-01,0.000000000000000000e+00,7.327923049918266818e-02,5.494969396227986774e-03,0.000000000000000000e+00,2.301430985018964592e-01,6.618987010924837211e-02,0.000000000000000000e+00,1.125478335070622671e-01,3.613538505102799336e-02,1.882895289131439678e-02,0.000000000000000000e+00
0.000000000000000000e+00,1.824914007734561305e-02,0.000000000000000000e+00,0.000000000000000000e+00,1.703571951735723955e-01,0.000000000000000000e+00,7.251661144800637671e-02,0.000000000000000000e+00,0.000000000000000000e+00,0.000000000000000000e+00,6.343810403290503497e-02,0.000000000000000000e+00,4.997750476359689130e-03,0.000000000000000000e+00,2.565239975391058261e-03,0.000000000000000000e+00,0.000000000000000000e+00,4.925286742956010155e-03,1.234173985553450453e-01,1.757311996617779218e-02,0.000000000000000000e+00,5.991216910389642047e-02,0.000000000000000000e+00,0.000000000000000000e+00,1.017543624305805028e-01,0.000000000000000000e+00,0.000000000000000000e+00,1.943820009446363059e-02,5.286541824648183230e-02,4.925286742956010155e-03,1.234173985553450453e-01,1.450507403193156478e-02,0.000000000000000000e+00,6.724379336257702011e-02,0.000000000000000000e+00,3.230699326075226613e-02,0.000000000000000000e+00,3.456307488662396094e-02,0.000000000000000000e+00,7.121522952501467552e-02,4.812246170596723438e-03,0.000000000000000000e+00,7.989922060368920276e-02,4.387460639488775099e-02,4.695315406476802123e-02,0.000000000000000000e+00,2.272313599829613867e-02,0.000000000000000000e+00,0.000000000000000000e+00,0.000000000000000000e+00,4.997735819434989679e-02,8.699996962903400188e-02,1.068224595275772959e-01,0.000000000000000000e+00,0.000000000000000000e+00,0.000000000000000000e+00,0.000000000000000000e+00,0.000000000000000000e+00,0.000000000000000000e+00,3.320039392201238476e-02,0.000000000000000000e+00,1.296992290612672058e-02,7.900333964390324204e-02,9.964270232966461471e-02,0.000000000000000000e+00,5.392102694155721798e-02,0.000000000000000000e+00,0.000000000000000000e+00,1.246013665552033606e-02,4.655670942581124905e-03,0.000000000000000000e+00,0.000000000000000000e+00,8.307158212698699182e-03,0.000000000000000000e+00,0.000000000000000000e+00,0.000000000000000000e+00,0.000000000000000000e+00,2.880445224441677624e-03,0.000000000000000000e+00,4.333008716963828583e-02,5.984030560203278809e-02,0.000000000000000000e+00,3.556097163594625077e-02,1.796290844655157315e-02,0.000000000000000000e+00,1.092058158322629230e-01,0.000000000000000000e+00,0.000000000000000000e+00,0.000000000000000000e+00,0.000000000000000000e+00,0.000000000000000000e+00,2.183577690327031806e-01,2.739989904055708039e-02,0.000000000000000000e+00,0.000000000000000000e+00,0.000000000000000000e+00,0.000000000000000000e+00,3.728727744515611398e-02,0.000000000000000000e+00,0.000000000000000000e+00,0.000000000000000000e+00,4.290858004881004106e-02,0.000000000000000000e+00,1.360671309168932919e-02,4.944874529445993094e-02,0.000000000000000000e+00,7.650284386630641642e-02,0.000000000000000000e+00,0.000000000000000000e+00,0.000000000000000000e+00,0.000000000000000000e+00,7.087327737256121640e-02,2.627229130049099637e-02,1.162409009317820346e-01,4.550070635907961514e-02,0.000000000000000000e+00,0.000000000000000000e+00,0.000000000000000000e+00,1.589925384384566764e-01,2.410685430154566045e-01,0.000000000000000000e+00,0.000000000000000000e+00,1.273466593977584660e-01,0.000000000000000000e+00,0.000000000000000000e+00,0.000000000000000000e+00,0.000000000000000000e+00,0.000000000000000000e+00,0.000000000000000000e+00,0.000000000000000000e+00,0.000000000000000000e+00,0.000000000000000000e+00,4.162691203948486185e-02,1.114135026381409821e-01,0.000000000000000000e+00,0.000000000000000000e+00,4.162691203948486185e-02,0.000000000000000000e+00,0.000000000000000000e+00,7.640050407650431086e-02,0.000000000000000000e+00,3.772271177977192663e-02,6.325028224765112672e-02,0.000000000000000000e+00,0.000000000000000000e+00,3.750704732957291926e-02,0.000000000000000000e+00,0.000000000000000000e+00,0.000000000000000000e+00,0.000000000000000000e+00
1.551337989172150156e-01,4.484325864754885871e-02,0.000000000000000000e+00,1.442882160105765643e-01,1.196416520190736466e-01,0.000000000000000000e+00,0.000000000000000000e+00,4.646151841284978934e-02,0.000000000000000000e+00,0.000000000000000000e+00,0.000000000000000000e+00,0.000000000000000000e+00,0.000000000000000000e+00,0.000000000000000000e+00,2.878320035444234537e-02,1.324353838503688693e-02,3.543806222471852785e-02,1.348815946254206533e-01,0.000000000000000000e+00,0.000000000000000000e+00,1.086220552329600353e-02,0.000000000000000000e+00,0.000000000000000000e+00,0.000000000000000000e+00,1.664967589166503614e-02,0.000000000000000000e+00,0.000000000000000000e+00,0.000000000000000000e+00,0.000000000000000000e+00,1.348815946254206533e-01,0.000000000000000000e+00,2.486859343211704140e-02,1.581625561722349582e-02,0.000000000000000000e+00,0.000000000000000000e+00,5.287708607362931468e-02,0.000000000000000000e+00,1.957474208966664478e-02,0.000000000000000000e+00,0.000000000000000000e+00,1.220390796604629846e-02,3.576127900405780269e-02,0.000000000000000000e+00,2.884640685550089387e-02,0.000000000000000000e+00,5.974317040571483495e-03,1.985246485008781980e-02,4.547199653970197819e-02,0.000000000000000000e+00,1.135095251798532295e-01,0.000000000000000000e+00,8.581715758069893840e-02,0.000000000000000000e+00,0.000000000000000000e+00,0.000000000000000000e+00,5.220961380938127228e-02,8.921066907607026059e-03,0.000000000000000000e+00,7.796487428965649669e-02,0.000000000000000000e+00,2.318022222885881417e-02,3.925752203964322923e-02,9.142961764615178955e-02,7.863723448554509055e-03,5.022552501908229827e-03,5.587621618892060077e-02,8.954543958459659780e-02,0.000000000000000000e+00,1.100744670936714964e-01,9.407910751070283628e-02,8.756810841958417857e-02,1.178788467268699902e-01,1.203792280323623398e-01,0.000000000000000000e+00,2.937511151757228600e-02,0.000000000000000000e+00,6.615236977562413689e-02,2.982320222885304767e-02,6.863258511904425652e-04,1.210709679073751210e-01,0.000000000000000000e+00,6.628560775115878087e-03,0.000000000000000000e+00,1.635945482531390160e-01,0.000000000000000000e+00,0.000000000000000000e+00,6.235793797274513661e-02,0.000000000000000000e+00,0.000000000000000000e+00,8.488011647934021187e-02,3.403428091075779306e-03,0.000000000000000000e+00,9.469033840318233364e-02,1.648887943208989654e-02,0.000000000000000000e+00,0.000000000000000000e+00,7.445746060052673386e-03,0.000000000000000000e+00,1.312100534558192401e-02,0.000000000000000000e+00,0.000000000000000000e+00,1.127416171582016659e-02,7.576509058246658213e-02,1.585626093127866787e-01,2.280045637409112980e-01,0.000000000000000000e+00,0.000000000000000000e+00,0.000000000000000000e+00,4.087944746209399433e-02,1.312618339496225695e-02,7.087327737256121640e-02,0.000000000000000000e+00,0.000000000000000000e+00,6.554267139725269975e-02,0.000000000000000000e+00,9.578871229499863471e-02,1.714314602051167369e-01,0.000000000000000000e+00,3.476228513658229796e-02,0.000000000000000000e+00,5.177303329191938752e-02,0.000000000000000000e+00,3.478235446321976954e-02,1.227101983798145474e-01,0.000000000000000000e+00,7.707817011883659475e-02,1.140705810546669211e-02,1.325290952740727432e-02,0.000000000000000000e+00,0.000000000000000000e+00,0.000000000000000000e+00,0.000000000000000000e+00,1.523896755693717187e-01,0.000000000000000000e+00,0.000000000000000000e+00,0.000000000000000000e+00,1.523896755693717187e-01,0.000000000000000000e+00,0.000000000000000000e+00,5.594066102321930412e-02,0.000000000000000000e+00,8.292951254836009034e-02,1.561571577141482592e-01,0.000000000000000000e+00,0.000000000000000000e+00,9.451551819240580632e-02,0.000000000000000000e+00,1.019888342538294301e-01,0.000000000000000000e+00,0.000000000000000000e+00
0.000000000000000000e+00,1.124577785080599635e-01,0.000000000000000000e+00,0.000000000000000000e+00,0.000000000000000000e+00,5.179493080881654443e-02,0.000000000000000000e+00,1.226436942470736369e-01,0.000000000000000000e+00,2.567592653396090496e-02,0.000000000000000000e+00,1.866842253468870699e-02,0.000000000000000000e+00,0.000000000000000000e+00,0.000000000000000000e+00,2.624865846448146134e-02,0.000000000000000000e+00,0.000000000000000000e+00,7.197349977223953255e-03,0.000000000000000000e+00,4.407034312910385748e-02,5.655726644330896780e-02,7.271708260857734363e-02,4.162802417681578382e-02,1.257704790335431033e-01,5.723875456334653195e-02,6.891786697782232608e-03,0.000000000000000000e+00,0.000000000000000000e+00,0.000000000000000000e+00,7.197349977223953255e-03,0.000000000000000000e+00,0.000000000000000000e+00,1.498190459724336315e-02,0.000000000000000000e+00,5.647318294765296676e-02,0.000000000000000000e+00,0.000000000000000000e+00,7.226810412251799542e-02,9.425135312922186537e-02,0.000000000000000000e+00,2.531867696258175982e-01,1.374680772200714551e-01,4.625680919950468650e-02,0.000000000000000000e+00,2.682236546716290637e-02,0.000000000000000000e+00,0.000000000000000000e+00,1.051906612305797406e-01,0.000000000000000000e+00,0.000000000000000000e+00,8.376971009890632480e-02,0.000000000000000000e+00,0.000000000000000000e+00,3.004688321575370996e-02,1.922789789292845414e-02,2.484485658731074714e-02,0.000000000000000000e+00,5.968909770014692306e-02,5.710710838439231156e-03,7.667637926790558944e-03,0.000000000000000000e+00,1.751109143417832748e-01,2.288598023435915035e-02,0.000000000000000000e+00,0.000000000000000000e+00,0.000000000000000000e+00,0.000000000000000000e+00,0.000000000000000000e+00,0.000000000000000000e+00,1.072031870943587206e-01,1.870090656691346734e-02,9.615004477556844675e-02,6.650602671542282796e-02,9.932652669519714816e-02,3.975070240177942110e-02,0.000000000000000000e+00,9.881600742814081184e-02,0.000000000000000000e+00,1.789599750637857478e-02,0.000000000000000000e+00,0.000000000000000000e+00,0.000000000000000000e+00,5.185512817165432303e-03,0.000000000000000000e+00,4.421660113703879125e-02,9.501769998796070343e-03,7.673818889607759985e-02,8.257188746571066107e-02,0.000000000000000000e+00,1.377507844033442619e-01,3.622842506580784688e-02,0.000000000000000000e+00,3.879191120651896002e-02,0.000000000000000000e+00,0.000000000000000000e+00,2.167874027497434034e-02,6.638074146027772224e-03,3.469339514268275637e-02,7.324443246257462958e-02,5.772039228910614411e-02,0.000000000000000000e+00,0.000000000000000000e+00,0.000000000000000000e+00,0.000000000000000000e+00,0.000000000000000000e+00,0.000000000000000000e+00,0.000000000000000000e+00,4.031819886355765548e-02,7.401325610416785439e-02,2.627229130049099637e-02,0.000000000000000000e+00,0.000000000000000000e+00,9.460347413727741850e-02,1.850880845492936244e-01,1.360024751923965824e-01,0.000000000000000000e+00,0.000000000000000000e+00,0.000000000000000000e+00,5.364876354770689582e-02,0.000000000000000000e+00,0.000000000000000000e+00,0.000000000000000000e+00,1.575562172905052225e-02,9.165786451221906439e-02,5.183977394894648261e-02,1.033037573062510761e-01,1.334569407220801696e-01,1.650375944524142859e-03,0.000000000000000000e+00,1.193034405369521461e-01,8.990214290969553157e-02,0.000000000000000000e+00,5.036422855586311642e-02,9.731332650934002015e-02,0.000000000000000000e+00,0.000000000000000000e+00,9.731332650934002015e-02,0.000000000000000000e+00,0.000000000000000000e+00,2.490643365447461205e-02,7.155513680275957245e-02,3.554026635385055394e-02,0.000000000000000000e+00,0.000000000000000000e+00,0.000000000000000000e+00,0.000000000000000000e+00,0.000000000000000000e+00,1.795021797546834941e-01,8.747788427115198162e-02
0.000000000000000000e+00,1.009157054242819929e-01,0.000000000000000000e+00,0.000000000000000000e+00,0.000000000000000000e+00,0.000000000000000000e+00,6.650493167305515652e-02,4.378602472201967299e-03,0.000000000000000000e+00,0.000000000000000000e+00,1.337689375268782434e-02,4.955668739122370825e-02,0.000000000000000000e+00,0.000000000000000000e+00,7.715773638759113040e-02,0.000000000000000000e+00,0.000000000000000000e+00,2.448948822142140228e-02,8.929890684853197813e-02,2.906904366051724781e-02,8.157727959075707774e-03,1.280612822182932709e-01,1.115816343626155199e-01,0.000000000000000000e+00,5.445432363267215664e-02,0.000000000000000000e+00,0.000000000000000000e+00,0.000000000000000000e+00,0.000000000000000000e+00,2.448948822142140228e-02,8.929890684853197813e-02,8.712810470056259193e-02,0.000000000000000000e+00,1.370933900378019654e-01,0.000000000000000000e+00,1.495563475696452989e-02,0.000000000000000000e+00,2.716357164225827875e-02,1.247317351826636167e-01,1.436389826495544364e-01,0.000000000000000000e+00,2.274477318340832888e-01,2.633676122877875309e-02,0.000000000000000000e+00,2.176112140796399030e-01,0.000000000000000000e+00,0.000000000000000000e+00,1.967414887691144171e-02,6.946529509468526986e-02,1.115530825982377350e-01,2.103058389623928270e-01,7.023414829853888691e-05,0.000000000000000000e+00,0.000000000000000000e+00,0.000000000000000000e+00,1.607587349870113341e-02,0.000000000000000000e+00,0.000000000000000000e+00,0.000000000000000000e+00,1.891530238550351989e-02,1.175210920738496978e-01,4.768161184439410893e-02,0.000000000000000000e+00,1.097269152494678157e-01,6.859382107042570793e-03,0.000000000000000000e+00,0.000000000000000000e+00,0.000000000000000000e+00,0.000000000000000000e+00,0.000000000000000000e+00,0.000000000000000000e+00,5.718307072485737108e-02,1.078982791085046911e-01,6.978901567972516096e-02,0.000000000000000000e+00,0.000000000000000000e+00,0.000000000000000000e+00,0.000000000000000000e+00,1.309595585646097238e-01,0.000000000000000000e+00,0.000000000000000000e+00,0.000000000000000000e+00,1.462290230155449122e-01,2.265135125590943543e-01,0.000000000000000000e+00,0.000000000000000000e+00,0.000000000000000000e+00,0.000000000000000000e+00,9.436451556563651977e-02,0.000000000000000000e+00,1.201227063197134182e-01,1.943002121593697118e-01,0.000000000000000000e+00,0.000000000000000000e+00,0.000000000000000000e+00,5.884872619679187497e-03,2.225594847390532233e-02,1.473837831961588574e-01,0.000000000000000000e+00,0.000000000000000000e+00,1.266208767086476200e-02,0.000000000000000000e+00,6.444094505568070952e-02,0.000000000000000000e+00,9.793228270764489651e-02,1.333260419239399863e-01,1.220265117503616936e-01,0.000000000000000000e+00,0.000000000000000000e+00,1.959683276896098669e-02,1.162409009317820346e-01,6.554267139725269975e-02,9.460347413727741850e-02,0.000000000000000000e+00,9.285227859092357039e-02,0.000000000000000000e+00,0.000000000000000000e+00,0.000000000000000000e+00,0.000000000000000000e+00,0.000000000000000000e+00,0.000000000000000000e+00,0.000000000000000000e+00,1.939932585944990073e-01,0.000000000000000000e+00,0.000000000000000000e+00,0.000000000000000000e+00,0.000000000000000000e+00,0.000000000000000000e+00,9.159362182088950921e-02,4.728567465474285691e-02,0.000000000000000000e+00,0.000000000000000000e+00,9.976741078754175485e-02,0.000000000000000000e+00,0.000000000000000000e+00,2.478937366780628593e-02,9.976741078754175485e-02,0.000000000000000000e+00,0.000000000000000000e+00,8.691816554659595809e-03,0.000000000000000000e+00,0.000000000000000000e+00,0.000000000000000000e+00,0.000000000000000000e+00,3.241443361910802123e-02,1.568510673204935937e-02,0.000000000000000000e+00,5.967706034153759387e-02,2.377904766965191138e-02,0.000000000000000000e+00
1.933331691422530141e-01,0.000000000000000000e+00,0.000000000000000000e+00,9.176496395207098256e-02,0.000000000000000000e+00,0.000000000000000000e+00,0.000000000000000000e+00,1.782490873337689852e-01,0.000000000000000000e+00,1.056318316744939284e-01,0.000000000000000000e+00,1.630265516892059618e-01,0.000000000000000000e+00,6.361546246435326180e-02,0.000000000000000000e+00,0.000000000000000000e+00,0.000000000000000000e+00,0.000000000000000000e+00,0.000000000000000000e+00,5.787688918150243889e-02,9.505091756997480212e-02,0.000000000000000000e+00,1.980885397941861137e-01,7.715429134805495970e-03,6.483012772681697941e-03,4.325121644474620719e-02,0.000000000000000000e+00,0.000000000000000000e+00,0.000000000000000000e+00,0.000000000000000000e+00,0.000000000000000000e+00,0.000000000000000000e+00,2.397458140589850406e-02,5.688647922858075523e-02,0.000000000000000000e+00,7.536969240077823207e-02,0.000000000000000000e+00,3.510797297158744779e-01,0.000000000000000000e+00,1.728188010932967811e-01,1.619980184733624262e-01,1.842227091798752103e-01,0.000000000000000000e+00,1.066471147548886528e-01,0.000000000000000000e+00,0.000000000000000000e+00,0.000000000000000000e+00,1.013621937765431941e-01,4.406017585787230795e-02,0.000000000000000000e+00,1.387217931423487260e-01,8.247988540969600213e-02,0.000000000000000000e+00,0.000000000000000000e+00,0.000000000000000000e+00,1.474990634395898781e-01,5.407291079074220963e-03,0.000000000000000000e+00,7.728137783144013728e-02,0.000000000000000000e+00,0.000000000000000000e+00,2.992020618557257594e-02,2.067566969206759836e-02,0.000000000000000000e+00,0.000000000000000000e+00,0.000000000000000000e+00,6.050754611388071275e-02,0.000000000000000000e+00,4.108474938812520932e-02,0.000000000000000000e+00,1.664597243163339346e-01,0.000000000000000000e+00,0.000000000000000000e+00,9.631146229938142289e-02,8.769413102259089599e-02,0.000000000000000000e+00,0.000000000000000000e+00,3.923205336164514029e-02,0.000000000000000000e+00,0.000000000000000000e+00,0.000000000000000000e+00,0.000000000000000000e+00,2.494344800944517208e-03,1.295216265930395350e-01,0.000000000000000000e+00,0.000000000000000000e+00,1.172115853810755046e-02,4.224394854827546661e-03,1.901390449455396189e-02,1.366750704741432620e-01,0.000000000000000000e+00,7.683277382545115886e-02,0.000000000000000000e+00,0.000000000000000000e+00,1.171852760134981103e-01,0.000000000000000000e+00,0.000000000000000000e+00,1.584071820044897008e-02,0.000000000000000000e+00,0.000000000000000000e+00,6.133717421712674839e-02,0.000000000000000000e+00,2.388377193101028778e-02,7.487384288634242602e-02,0.000000000000000000e+00,1.087935445398577616e-01,8.739939712718661213e-02,0.000000000000000000e+00,9.698174101703824559e-03,1.121148749657006546e-02,4.550070635907961514e-02,0.000000000000000000e+00,1.850880845492936244e-01,9.285227859092357039e-02,0.000000000000000000e+00,7.035363666868828247e-02,0.000000000000000000e+00,1.145382912255648450e-01,0.000000000000000000e+00,0.000000000000000000e+00,0.000000000000000000e+00,0.000000000000000000e+00,0.000000000000000000e+00,0.000000000000000000e+00,0.000000000000000000e+00,0.000000000000000000e+00,4.974930899897837822e-02,0.000000000000000000e+00,8.472833606640683968e-02,1.509198545105587368e-02,1.008850485479416415e-01,7.317355621499680276e-04,0.000000000000000000e+00,1.683954598998321228e-01,6.526837976931423868e-02,2.768250337645979456e-02,0.000000000000000000e+00,6.526837976931423868e-02,2.269309912093286918e-02,0.000000000000000000e+00,1.179510442320986507e-01,5.481171367930212646e-02,1.506062475609721563e-01,0.000000000000000000e+00,0.000000000000000000e+00,0.000000000000000000e+00,2.346968613897535555e-02,0.000000000000000000e+00,1.191014457914958968e-01,0.000000000000000000e+00
1.131697434394456220e-01,2.808210164792825786e-02,5.159857950993216452e-02,2.470810249420216792e-02,0.000000000000000000e+00,7.677713321131987567e-02,2.479985646806649041e-02,0.000000000000000000e+00,0.000000000000000000e+00,2.192493975447354707e-02,0.000000000000000000e+00,6.625998741858879493e-02,0.000000000000000000e+00,0.000000000000000000e+00,0.000000000000000000e+00,1.027022101006314636e-01,0.000000000000000000e+00,5.787053552027100756e-02,0.000000000000000000e+00,1.548658906136922940e-03,1.313332692637893540e-01,1.796190420698241252e-01,4.528995716550447692e-02,1.264956693935409826e-01,1.020062699978835710e-02,9.900212509610059608e-02,0.000000000000000000e+00,0.000000000000000000e+00,6.104825860512438918e-02,5.787053552027100756e-02,0.000000000000000000e+00,0.000000000000000000e+00,3.494094052995020544e-02,4.696289185723134807e-02,0.000000000000000000e+00,0.000000000000000000e+00,1.022285601388730480e-01,5.518333469822508941e-02,2.364534431066527276e-01,0.000000000000000000e+00,5.887758843498641648e-02,0.000000000000000000e+00,1.117011547473874267e-01,0.000000000000000000e+00,0.000000000000000000e+00,0.000000000000000000e+00,0.000000000000000000e+00,1.037253454567260702e-01,1.391169972649543840e-01,0.000000000000000000e+00,1.140439141796652581e-02,1.211915087621075471e-01,4.595845879719168831e-02,9.586664319802710998e-02,0.000000000000000000e+00,2.164842400191795135e-02,1.030663186891971062e-01,0.000000000000000000e+00,0.000000000000000000e+00,0.000000000000000000e+00,0.000000000000000000e+00,1.025431727657398762e-01,9.008838383921015380e-02,0.000000000000000000e+00,0.000000000000000000e+00,0.000000000000000000e+00,4.493794855689406398e-02,0.000000000000000000e+00,6.076756162098059799e-02,0.000000000000000000e+00,0.000000000000000000e+00,7.002931564472231196e-02,0.000000000000000000e+00,0.000000000000000000e+00,0.000000000000000000e+00,0.000000000000000000e+00,8.218812659834320855e-02,0.000000000000000000e+00,5.675215104677137218e-02,4.840176464572205212e-03,0.000000000000000000e+00,5.794777671683709608e-02,0.000000000000000000e+00,0.000000000000000000e+00,0.000000000000000000e+00,2.225264180326496852e-02,1.008670330575488633e-01,2.123984652643287063e-01,6.465510751427255842e-02,0.000000000000000000e+00,1.240746693672741957e-01,0.000000000000000000e+00,0.000000000000000000e+00,0.000000000000000000e+00,1.332662239214945643e-01,3.481358076555982062e-02,0.000000000000000000e+00,2.908468462057314796e-02,2.169839523327940500e-01,1.036988863691578611e-01,0.000000000000000000e+00,0.000000000000000000e+00,2.022943540669657481e-01,5.141653184158950785e-02,5.177160311185148925e-03,0.000000000000000000e+00,9.583263563161575904e-02,0.000000000000000000e+00,2.851387751393696240e-02,0.000000000000000000e+00,0.000000000000000000e+00,9.578871229499863471e-02,1.360024751923965824e-01,0.000000000000000000e+00,7.035363666868828247e-02,0.000000000000000000e+00,0.000000000000000000e+00,2.475864470569689446e-01,0.000000000000000000e+00,0.000000000000000000e+00,2.287460039533115511e-02,0.000000000000000000e+00,0.000000000000000000e+00,0.000000000000000000e+00,7.978340982099049739e-02,4.795664121685246084e-02,0.000000000000000000e+00,0.000000000000000000e+00,4.983289805467167044e-02,0.000000000000000000e+00,1.533966083574881930e-03,3.582003983355290522e-02,0.000000000000000000e+00,1.185168821358568991e-01,9.589741811060392696e-02,0.000000000000000000e+00,0.000000000000000000e+00,9.589741811060392696e-02,0.000000000000000000e+00,4.413060121253620932e-02,0.000000000000000000e+00,2.542515742129996398e-02,0.000000000000000000e+00,0.000000000000000000e+00,8.745024299636877663e-02,0.000000000000000000e+00,0.000000000000000000e+00,0.000000000000000000e+00,0.000000000000000000e+00,7.519509292458875782e-02
0.000000000000000000e+00,0.000000000000000000e+00,0.000000000000000000e+00,1.000276556645368076e-01,1.050087212073608223e-01,5.143594600446766557e-02,3.544492868195228685e-02,0.000000000000000000e+00,0.000000000000000000e+00,4.070195596123128701e-02,6.233096840687820522e-02,2.540800378723962957e-03,0.000000000000000000e+00,1.264934953550344576e-01,0.000000000000000000e+00,0.000000000000000000e+00,0.000000000000000000e+00,1.137446332680428218e-01,3.455913025518477649e-02,0.000000000000000000e+00,0.000000000000000000e+00,0.000000000000000000e+00,4.367332457709671711e-02,1.311574206935425466e-02,4.696647157955466390e-02,0.000000000000000000e+00,3.918600023349150252e-02,0.000000000000000000e+00,0.000000000000000000e+00,1.137446332680428218e-01,3.455913025518477649e-02,6.015180791941511507e-02,0.000000000000000000e+00,5.725659221298506213e-02,0.000000000000000000e+00,0.000000000000000000e+00,0.000000000000000000e+00,1.255540421227053227e-01,0.000000000000000000e+00,0.000000000000000000e+00,6.929131204359864626e-02,4.951395316440041633e-03,0.000000000000000000e+00,2.518581052716808294e-02,0.000000000000000000e+00,0.000000000000000000e+00,0.000000000000000000e+00,0.000000000000000000e+00,0.000000000000000000e+00,1.492744627603135033e-01,3.339916421416634640e-02,0.000000000000000000e+00,0.000000000000000000e+00,8.277050102330815035e-05,0.000000000000000000e+00,4.529691612736808093e-02,8.330353613620661291e-02,0.000000000000000000e+00,0.000000000000000000e+00,0.000000000000000000e+00,0.000000000000000000e+00,0.000000000000000000e+00,0.000000000000000000e+00,3.340385105450460745e-02,3.012987156764913854e-02,1.450455097675089171e-04,2.595922089824160423e-02,2.615366147514978923e-02,0.000000000000000000e+00,0.000000000000000000e+00,6.089665810043949634e-02,0.000000000000000000e+00,8.197691597333890690e-02,0.000000000000000000e+00,0.000000000000000000e+00,3.013581108125189343e-03,1.776215021206093564e-02,0.000000000000000000e+00,1.654592090124195475e-02,1.003204376137142029e-01,1.313429341921028559e-01,1.134359352740348936e-01,0.000000000000000000e+00,0.000000000000000000e+00,4.054539976091434128e-02,7.093682663301498215e-02,1.438767429570982949e-02,0.000000000000000000e+00,0.000000000000000000e+00,5.965849895929746516e-02,0.000000000000000000e+00,0.000000000000000000e+00,8.021568867223419219e-02,0.000000000000000000e+00,1.175512043624806768e-01,0.000000000000000000e+00,0.000000000000000000e+00,0.000000000000000000e+00,1.262226907712651197e-02,0.000000000000000000e+00,0.000000000000000000e+00,3.419484060267573289e-02,0.000000000000000000e+00,1.766787953498911712e-01,1.087766605885805149e-01,6.206254154929566336e-02,0.000000000000000000e+00,0.000000000000000000e+00,6.922997384569390400e-02,8.517335009626970238e-03,0.000000000000000000e+00,1.714314602051167369e-01,0.000000000000000000e+00,0.000000000000000000e+00,0.000000000000000000e+00,0.000000000000000000e+00,0.000000000000000000e+00,0.000000000000000000e+00,1.982040599780525991e-01,0.000000000000000000e+00,4.365651782441951068e-02,5.087586870288489382e-02,8.342585633482291207e-02,0.000000000000000000e+00,0.000000000000000000e+00,1.851291980646240648e-02,4.571319241286361801e-02,0.000000000000000000e+00,3.029362588710849541e-02,2.397520408000527667e-03,0.000000000000000000e+00,0.000000000000000000e+00,1.376579053080561055e-01,0.000000000000000000e+00,4.885752194172034157e-02,4.675622498849688058e-02,1.376579053080561055e-01,4.885752194172034157e-02,0.000000000000000000e+00,1.992556717016959744e-01,0.000000000000000000e+00,1.583081691831580984e-01,0.000000000000000000e+00,0.000000000000000000e+00,0.000000000000000000e+00,1.967661857543220039e-01,1.205247805022501006e-01,7.697975463030140575e-02,0.000000000000000000e+00,0.000000000000000000e+00
2.703262839469889323e-01,0.000000000000000000e+00,2.269924066651888284e-01,2.170547296111761948e-01,0.000000000000000000e+00,0.000000000000000000e+00,0.000000000000000000e+00,0.000000000000000000e+00,1.583109523423810172e-01,1.989567874349426613e-01,0.000000000000000000e+00,0.000000000000000000e+00,0.000000000000000000e+00,0.000000000000000000e+00,0.000000000000000000e+00,1.266390683474354351e-01,3.731802860562382501e-02,0.000000000000000000e+00,0.000000000000000000e+00,1.262181301130112232e-01,6.642169933321709699e-03,1.642754114519228148e-01,1.353119887142111843e-01,2.208331031893306928e-02,3.112276188689164919e-02,4.926215657141122528e-02,2.193365527570282913e-01,0.000000000000000000e+00,5.094015151680589965e-02,0.000000000000000000e+00,0.000000000000000000e+00,0.000000000000000000e+00,3.227646524964998542e-02,1.503344229736893467e-01,1.187051971799960581e-01,0.000000000000000000e+00,2.610883053378405816e-02,1.602771428490129546e-01,0.000000000000000000e+00,1.471963471303369686e-01,0.000000000000000000e+00,0.000000000000000000e+00,0.000000000000000000e+00,0.000000000000000000e+00,0.000000000000000000e+00,0.000000000000000000e+00,2.097979566406298901e-01,1.095490369991830026e-01,0.000000000000000000e+00,5.047954689209743773e-02,0.000000000000000000e+00,2.321337888789956963e-02,9.935319518264290606e-02,1.378487473416589726e-01,0.000000000000000000e+00,0.000000000000000000e+00,1.232384482444321971e-01,2.022923207675174084e-01,2.437683671979552769e-02,0.000000000000000000e+00,0.000000000000000000e+00,0.000000000000000000e+00,0.000000000000000000e+00,0.000000000000000000e+00,4.800087418053864720e-03,3.238904356513663124e-03,0.000000000000000000e+00,0.000000000000000000e+00,5.535593592392080292e-02,0.000000000000000000e+00,0.000000000000000000e+00,0.000000000000000000e+00,0.000000000000000000e+00,0.000000000000000000e+00,1.942575062212464065e-01,0.000000000000000000e+00,5.757835018000272143e-02,0.000000000000000000e+00,9.839036989515291542e-03,6.465833799751519173e-03,0.000000000000000000e+00,0.000000000000000000e+00,0.000000000000000000e+00,0.000000000000000000e+00,0.000000000000000000e+00,1.327411053299068673e-02,0.000000000000000000e+00,2.423236917132009505e-01,0.000000000000000000e+00,4.113439346219162351e-02,1.296853129268398519e-01,0.000000000000000000e+00,0.000000000000000000e+00,9.545048181387504049e-02,1.537527511240572298e-01,7.776750082227268379e-02,3.381450246327232650e-02,2.329897605333144245e-02,0.000000000000000000e+00,7.938167198589182738e-02,0.000000000000000000e+00,0.000000000000000000e+00,1.515739549307322798e-01,4.905384991626980662e-02,0.000000000000000000e+00,0.000000000000000000e+00,1.752478490612608408e-01,3.818157490506524088e-02,2.450205522851405839e-03,0.000000000000000000e+00,0.000000000000000000e+00,0.000000000000000000e+00,0.000000000000000000e+00,0.000000000000000000e+00,1.145382912255648450e-01,2.475864470569689446e-01,0.000000000000000000e+00,0.000000000000000000e+00,7.594225547872182625e-02,7.688187485034013446e-02,1.553221421568285743e-01,0.000000000000000000e+00,0.000000000000000000e+00,0.000000000000000000e+00,0.000000000000000000e+00,2.165812722659410106e-01,0.000000000000000000e+00,0.000000000000000000e+00,2.367329780205731232e-02,0.000000000000000000e+00,0.000000000000000000e+00,1.107070767189004268e-01,5.799251294972188053e-02,0.000000000000000000e+00,0.000000000000000000e+00,0.000000000000000000e+00,5.799251294972188053e-02,0.000000000000000000e+00,0.000000000000000000e+00,9.441720153118308978e-02,1.049848993118061291e-01,0.000000000000000000e+00,0.000000000000000000e+00,0.000000000000000000e+00,0.000000000000000000e+00,1.282617569225356635e-01,0.000000000000000000e+00,1.224796087179732540e-01,0.000000000000000000e+00,2.277512611130864950e-01
0.000000000000000000e+00,7.295730220284021850e-02,1.686568123314315104e-01,0.000000000000000000e+00,4.110664140276726330e-01,0.000000000000000000e+00,0.000000000000000000e+00,0.000000000000000000e+00,1.813604980721998661e-01,0.000000000000000000e+00,0.000000000000000000e+00,0.000000000000000000e+00,0.000000000000000000e+00,0.000000000000000000e+00,0.000000000000000000e+00,0.000000000000000000e+00,0.000000000000000000e+00,3.296660570615076447e-01,1.304354552880769569e-01,0.000000000000000000e+00,0.000000000000000000e+00,2.034957431536147110e-01,0.000000000000000000e+00,0.000000000000000000e+00,1.599722389224728092e-01,0.000000000000000000e+00,0.000000000000000000e+00,0.000000000000000000e+00,0.000000000000000000e+00,3.296660570615076447e-01,1.304354552880769569e-01,1.226200135483845877e-01,0.000000000000000000e+00,3.839444913679539439e-01,1.067590327120643834e-01,1.484736285064279793e-01,0.000000000000000000e+00,1.181117478439144830e-01,0.000000000000000000e+00,1.531485217226742634e-02,1.229973797094254806e-01,0.000000000000000000e+00,0.000000000000000000e+00,5.214473422632315280e-02,9.939976916231485493e-02,0.000000000000000000e+00,1.890386977713218175e-01,0.000000000000000000e+00,0.000000000000000000e+00,2.626101013201115331e-01,0.000000000000000000e+00,0.000000000000000000e+00,0.000000000000000000e+00,0.000000000000000000e+00,0.000000000000000000e+00,0.000000000000000000e+00,0.000000000000000000e+00,1.165629829580735050e-01,0.000000000000000000e+00,0.000000000000000000e+00,0.000000000000000000e+00,0.000000000000000000e+00,0.000000000000000000e+00,3.967921324011172701e-02,2.024721481616361118e-01,1.087003486052987578e-01,0.000000000000000000e+00,0.000000000000000000e+00,1.570807001014945248e-01,0.000000000000000000e+00,0.000000000000000000e+00,0.000000000000000000e+00,0.000000000000000000e+00,0.000000000000000000e+00,0.000000000000000000e+00,0.000000000000000000e+00,1.370581054930693383e-02,0.000000000000000000e+00,0.000000000000000000e+00,1.590630317836504437e-01,0.000000000000000000e+00,0.000000000000000000e+00,1.364733348202031016e-01,0.000000000000000000e+00,0.000000000000000000e+00,1.302968674358418733e-01,0.000000000000000000e+00,0.000000000000000000e+00,0.000000000000000000e+00,0.000000000000000000e+00,6.486347677900178299e-02,0.000000000000000000e+00,2.978866696527323471e-02,1.519058733533605321e-01,8.134569256686778604e-02,0.000000000000000000e+00,0.000000000000000000e+00,2.302383468159567223e-02,0.000000000000000000e+00,0.000000000000000000e+00,1.614920357049269561e-02,0.000000000000000000e+00,0.000000000000000000e+00,1.405575856938202362e-01,1.449084638762930255e-01,0.000000000000000000e+00,6.524103557597370207e-02,0.000000000000000000e+00,0.000000000000000000e+00,0.000000000000000000e+00,1.589925384384566764e-01,3.476228513658229796e-02,0.000000000000000000e+00,0.000000000000000000e+00,0.000000000000000000e+00,0.000000000000000000e+00,1.982040599780525991e-01,7.594225547872182625e-02,0.000000000000000000e+00,5.424374356987364532e-02,6.824529685429875370e-03,5.706950952608819128e-02,1.328356263489605671e-01,0.000000000000000000e+00,0.000000000000000000e+00,0.000000000000000000e+00,2.302384301162925806e-01,0.000000000000000000e+00,6.629619793660576632e-02,0.000000000000000000e+00,0.000000000000000000e+00,0.000000000000000000e+00,4.043706319274400357e-02,2.500745231795243467e-02,0.000000000000000000e+00,0.000000000000000000e+00,4.043706319274400357e-02,0.000000000000000000e+00,0.000000000000000000e+00,0.000000000000000000e+00,1.275591804453988891e-02,8.146782259081786215e-02,0.000000000000000000e+00,0.000000000000000000e+00,3.911293274876505299e-02,0.000000000000000000e+00,0.000000000000000000e+00,0.000000000000000000e+00,3.946575357419605107e-02,2.457816171864057528e-02
0.000000000000000000e+00,2.362104752737120283e-01,4.265156052496692912e-02,5.547702439832717658e-02,1.075903972177529033e-01,1.116146749662755150e-01,2.814962670576511283e-01,1.411582366441703484e-01,1.869582061347439539e-01,3.437099378761639124e-02,1.300304455281084404e-01,0.000000000000000000e+00,1.103224774892195073e-02,0.000000000000000000e+00,1.826099640785621148e-01,0.000000000000000000e+00,0.000000000000000000e+00,0.000000000000000000e+00,1.687623856582197157e-01,9.050734069100332957e-02,0.000000000000000000e+00,0.000000000000000000e+00,0.000000000000000000e+00,0.000000000000000000e+00,1.316874190734270700e-01,0.000000000000000000e+00,1.509161082598348136e-01,0.000000000000000000e+00,5.483564187019852182e-02,0.000000000000000000e+00,1.687623856582197157e-01,5.806990210211052106e-02,0.000000000000000000e+00,4.483512274807836470e-03,4.424873157907446147e-02,0.000000000000000000e+00,0.000000000000000000e+00,0.000000000000000000e+00,0.000000000000000000e+00,2.567754272737284849e-01,0.000000000000000000e+00,1.152833974833978314e-01,0.000000000000000000e+00,1.466355524151663481e-01,3.450162381077698237e-01,1.572659025245939923e-02,1.920976282906316501e-01,6.444996288771745463e-02,3.882614321763210724e-02,0.000000000000000000e+00,0.000000000000000000e+00,8.543424675247461575e-02,1.562461977381214284e-01,0.000000000000000000e+00,0.000000000000000000e+00,0.000000000000000000e+00,0.000000000000000000e+00,2.339396036026651360e-01,1.606643514270979928e-02,0.000000000000000000e+00,0.000000000000000000e+00,0.000000000000000000e+00,1.515229903691552860e-01,0.000000000000000000e+00,0.000000000000000000e+00,6.026076156094671565e-02,0.000000000000000000e+00,0.000000000000000000e+00,0.000000000000000000e+00,0.000000000000000000e+00,0.000000000000000000e+00,0.000000000000000000e+00,0.000000000000000000e+00,0.000000000000000000e+00,1.636477100768443105e-01,4.885717719619124197e-03,0.000000000000000000e+00,0.000000000000000000e+00,0.000000000000000000e+00,0.000000000000000000e+00,0.000000000000000000e+00,1.330138091596426153e-01,0.000000000000000000e+00,0.000000000000000000e+00,0.000000000000000000e+00,3.780209440551156319e-02,1.477350067552061219e-01,2.750799644865118548e-02,2.159332194119243098e-01,0.000000000000000000e+00,0.000000000000000000e+00,8.036502514425702959e-02,0.000000000000000000e+00,3.141643669668154476e-02,0.000000000000000000e+00,0.000000000000000000e+00,0.000000000000000000e+00,7.571641187484036417e-02,8.940174430026484598e-02,2.599267371889910951e-03,1.596931667829975532e-01,7.278253061851117089e-02,0.000000000000000000e+00,0.000000000000000000e+00,0.000000000000000000e+00,0.000000000000000000e+00,0.000000000000000000e+00,2.320786437998869842e-02,1.961476883479581698e-02,6.446776184926583664e-02,2.410685430154566045e-01,0.000000000000000000e+00,5.364876354770689582e-02,0.000000000000000000e+00,0.000000000000000000e+00,0.000000000000000000e+00,0.000000000000000000e+00,7.688187485034013446e-02,5.424374356987364532e-02,0.000000000000000000e+00,4.334867519601383334e-02,6.153172332678745471e-02,2.263383215647628566e-01,0.000000000000000000e+00,7.304584585423623544e-02,0.000000000000000000e+00,0.000000000000000000e+00,1.737366604491124567e-01,1.255480131215496453e-01,0.000000000000000000e+00,0.000000000000000000e+00,0.000000000000000000e+00,0.000000000000000000e+00,5.817106030630819768e-02,0.000000000000000000e+00,0.000000000000000000e+00,0.000000000000000000e+00,0.000000000000000000e+00,0.000000000000000000e+00,0.000000000000000000e+00,0.000000000000000000e+00,0.000000000000000000e+00,0.000000000000000000e+00,0.000000000000000000e+00,0.000000000000000000e+00,0.000000000000000000e+00,9.569601452442282052e-03,5.365047437343371806e-02,0.000000000000000000e+00,0.000000000000000000e+00
1.112855909765936013e-01,0.000000000000000000e+00,3.809290252739866434e-01,6.290804275359505697e-03,1.382530572058472684e-01,1.067890888980608903e-03,0.000000000000000000e+00,1.323028013950905066e-02,3.554333186489720964e-01,2.029900014575411471e-01,0.000000000000000000e+00,4.597443395092271068e-02,0.000000000000000000e+00,0.000000000000000000e+00,6.369394322294009980e-02,0.000000000000000000e+00,2.964732186967684591e-01,0.000000000000000000e+00,0.000000000000000000e+00,0.000000000000000000e+00,0.000000000000000000e+00,0.000000000000000000e+00,0.000000000000000000e+00,3.892465189482266497e-02,0.000000000000000000e+00,1.146828431009934840e-01,1.527103816651064760e-01,1.918958737051886312e-02,5.129660435863474255e-02,0.000000000000000000e+00,0.000000000000000000e+00,0.000000000000000000e+00,7.440042555881672126e-02,0.000000000000000000e+00,6.395638996848622415e-02,8.736744088661405061e-02,7.473018247995813490e-02,0.000000000000000000e+00,0.000000000000000000e+00,0.000000000000000000e+00,1.007773883014536354e-01,0.000000000000000000e+00,0.000000000000000000e+00,0.000000000000000000e+00,0.000000000000000000e+00,1.366600527490337003e-01,2.474766469205300634e-01,0.000000000000000000e+00,0.000000000000000000e+00,0.000000000000000000e+00,0.000000000000000000e+00,0.000000000000000000e+00,9.777944604583784297e-03,0.000000000000000000e+00,2.209850606644320203e-02,0.000000000000000000e+00,0.000000000000000000e+00,1.870760167285103193e-01,0.000000000000000000e+00,1.313796059561216367e-01,0.000000000000000000e+00,8.276668320120769695e-02,0.000000000000000000e+00,1.847375943164196758e-03,0.000000000000000000e+00,0.000000000000000000e+00,1.224618455474722582e-02,8.720295140903518150e-02,3.703750727126514652e-02,1.673442534565054707e-02,4.717671264033988787e-02,1.176667254120854766e-01,0.000000000000000000e+00,0.000000000000000000e+00,2.210471985604126055e-02,0.000000000000000000e+00,0.000000000000000000e+00,3.356227240396664202e-02,0.000000000000000000e+00,1.582276915327841538e-01,0.000000000000000000e+00,1.113742360197393366e-01,0.000000000000000000e+00,0.000000000000000000e+00,1.635417391589148034e-02,0.000000000000000000e+00,8.019262641799126956e-02,0.000000000000000000e+00,0.000000000000000000e+00,1.877239195755417769e-02,0.000000000000000000e+00,0.000000000000000000e+00,4.999190177016044762e-02,8.477035014554806791e-02,0.000000000000000000e+00,7.751203617211260832e-02,0.000000000000000000e+00,0.000000000000000000e+00,8.239310195641533219e-02,1.159209848547810978e-01,2.054628488931733304e-02,1.810196352645170731e-02,6.904836214901363678e-02,1.314223525744596943e-01,0.000000000000000000e+00,0.000000000000000000e+00,7.546706278710587842e-03,8.012270919603677044e-02,0.000000000000000000e+00,0.000000000000000000e+00,0.000000000000000000e+00,5.177303329191938752e-02,0.000000000000000000e+00,0.000000000000000000e+00,0.000000000000000000e+00,2.287460039533115511e-02,4.365651782441951068e-02,1.553221421568285743e-01,6.824529685429875370e-03,4.334867519601383334e-02,0.000000000000000000e+00,1.119232554774690497e-01,0.000000000000000000e+00,7.995239118460184535e-02,2.435954397523336645e-01,0.000000000000000000e+00,0.000000000000000000e+00,0.000000000000000000e+00,0.000000000000000000e+00,0.000000000000000000e+00,1.154781991111156481e-01,1.610309056451287302e-01,0.000000000000000000e+00,0.000000000000000000e+00,9.732945098245424087e-02,0.000000000000000000e+00,0.000000000000000000e+00,9.732945098245424087e-02,5.197317734735628150e-03,1.478000161712629545e-01,3.474225068500911423e-02,6.902110476486830737e-02,5.524080230179703732e-02,3.645555952245060904e-02,1.792536403236353465e-02,1.107642284946204897e-01,0.000000000000000000e+00,0.000000000000000000e+00,0.000000000000000000e+00,0.000000000000000000e+00
0.000000000000000000e+00,9.398398489875581241e-02,2.374769538654873391e-01,0.000000000000000000e+00,0.000000000000000000e+00,1.079104387902654963e-02,1.314880819688447888e-02,0.000000000000000000e+00,2.717402730957457768e-01,0.000000000000000000e+00,5.044866727939464890e-02,0.000000000000000000e+00,2.819476243200961241e-01,7.830727457593698176e-03,7.626794133517365848e-02,0.000000000000000000e+00,1.065663958239160547e-01,1.612116835276787841e-01,1.470519332207767260e-01,5.083513030478318401e-02,5.823834470463067070e-02,2.745002423205864656e-02,0.000000000000000000e+00,4.268831393414483644e-02,1.626945295867145841e-02,0.000000000000000000e+00,0.000000000000000000e+00,2.487064743205920359e-02,1.066849598341568922e-01,1.612116835276787841e-01,1.470519332207767260e-01,2.153324150030712092e-01,0.000000000000000000e+00,0.000000000000000000e+00,3.000744999820290637e-01,2.723865425938145832e-02,3.504180004266319592e-01,0.000000000000000000e+00,1.610738115868055875e-01,0.000000000000000000e+00,0.000000000000000000e+00,0.000000000000000000e+00,0.000000000000000000e+00,0.000000000000000000e+00,2.143532714688867191e-01,1.943962915405095804e-01,1.250960253210224027e-01,0.000000000000000000e+00,0.000000000000000000e+00,0.000000000000000000e+00,0.000000000000000000e+00,0.000000000000000000e+00,2.461892422604199382e-01,8.966811852186548637e-02,2.372737538936024043e-02,0.000000000000000000e+00,2.964323397210971017e-02,1.408069923624462594e-01,4.950978254776623386e-03,1.033735473839392516e-01,0.000000000000000000e+00,0.000000000000000000e+00,8.104736357763978050e-02,7.379203901325415149e-02,3.426247578082521755e-02,0.000000000000000000e+00,5.120164421295353430e-02,3.549502087625355795e-02,0.000000000000000000e+00,1.506571225263122760e-01,0.000000000000000000e+00,0.000000000000000000e+00,0.000000000000000000e+00,7.865887939487414826e-02,0.000000000000000000e+00,0.000000000000000000e+00,7.634321118345718804e-02,2.047230581088529608e-02,0.000000000000000000e+00,0.000000000000000000e+00,3.271549768372006284e-02,4.910491335928914014e-02,0.000000000000000000e+00,0.000000000000000000e+00,0.000000000000000000e+00,0.000000000000000000e+00,4.163292523498825226e-02,0.000000000000000000e+00,0.000000000000000000e+00,0.000000000000000000e+00,1.149523545724837614e-01,2.343524525738160946e-02,1.088725458068730972e-02,6.977079196287699903e-02,0.000000000000000000e+00,2.536716104893429677e-02,8.520051581433952040e-03,1.212647766698458397e-02,6.750898797166199339e-02,8.096130667822691585e-02,1.315826042874861275e-02,6.993703298287215486e-02,0.000000000000000000e+00,0.000000000000000000e+00,9.023254222454234197e-02,0.000000000000000000e+00,0.000000000000000000e+00,1.826668865881780901e-01,3.930135588186374485e-02,3.665681350676833206e-02,0.000000000000000000e+00,0.000000000000000000e+00,0.000000000000000000e+00,0.000000000000000000e+00,0.000000000000000000e+00,0.000000000000000000e+00,5.087586870288489382e-02,0.000000000000000000e+00,5.706950952608819128e-02,6.153172332678745471e-02,1.119232554774690497e-01,0.000000000000000000e+00,8.419514165520555760e-02,1.092987425927646611e-01,1.206769460972796915e-01,1.668582454117143454e-01,2.394735971382334211e-02,0.000000000000000000e+00,0.000000000000000000e+00,5.741444680330701558e-03,0.000000000000000000e+00,0.000000000000000000e+00,1.417750880163390070e-01,0.000000000000000000e+00,0.000000000000000000e+00,0.000000000000000000e+00,1.417750880163390070e-01,0.000000000000000000e+00,1.249458327926245699e-01,3.068711042596610275e-02,0.000000000000000000e+00,4.257952355429064917e-02,0.000000000000000000e+00,1.052182548961319991e-01,1.895342159213133093e-01,6.000321171499840844e-02,2.865998983930079149e-03,1.647423821200867389e-01,0.000000000000000000e+00,0.000000000000000000e+00
0.000000000000000000e+00,5.058028502484741840e-02,1.882586276196668990e-02,0.000000000000000000e+00,1.178751203704065664e-01,0.000000000000000000e+00,0.000000000000000000e+00,0.000000000000000000e+00,4.679668925415285397e-02,0.000000000000000000e+00,0.000000000000000000e+00,0.000000000000000000e+00,8.025762114011888992e-02,4.083368507620004778e-02,9.418227610435032926e-02,0.000000000000000000e+00,0.000000000000000000e+00,1.206611743602989673e-01,3.161341792232541525e-02,0.000000000000000000e+00,0.000000000000000000e+00,0.000000000000000000e+00,0.000000000000000000e+00,0.000000000000000000e+00,0.000000000000000000e+00,0.000000000000000000e+00,1.932742192483344335e-01,0.000000000000000000e+00,3.375531437277332764e-02,1.206611743602989673e-01,3.161341792232541525e-02,1.493687861167362352e-01,0.000000000000000000e+00,5.791037204077222750e-03,0.000000000000000000e+00,2.542384042402724958e-03,0.000000000000000000e+00,2.796978533412197709e-02,0.000000000000000000e+00,6.226385892360113139e-02,0.000000000000000000e+00,0.000000000000000000e+00,0.000000000000000000e+00,1.583149416777497043e-01,8.990749316845450534e-02,1.863196590328583535e-02,8.178811965862392563e-02,1.736593808906175540e-02,0.000000000000000000e+00,1.047803904706269829e-01,7.054843579218697536e-02,0.000000000000000000e+00,7.964909262739136575e-02,0.000000000000000000e+00,1.163686724099890768e-01,0.000000000000000000e+00,0.000000000000000000e+00,1.303821700514538051e-01,0.000000000000000000e+00,0.000000000000000000e+00,1.872455801208209453e-02,0.000000000000000000e+00,0.000000000000000000e+00,0.000000000000000000e+00,7.519292152867967927e-02,9.346839442902435402e-02,0.000000000000000000e+00,0.000000000000000000e+00,0.000000000000000000e+00,0.000000000000000000e+00,0.000000000000000000e+00,0.000000000000000000e+00,0.000000000000000000e+00,3.714259314580262150e-02,1.364098914406901009e-01,3.617296701073467735e-02,0.000000000000000000e+00,9.123912154315325096e-02,0.000000000000000000e+00,1.202039281241764762e-01,4.884988172126919492e-02,0.000000000000000000e+00,0.000000000000000000e+00,2.072393792488352871e-02,1.517611468427557120e-01,0.000000000000000000e+00,0.000000000000000000e+00,2.634809659016843376e-03,2.006884139147444707e-02,4.111380249865884129e-02,5.361646751859670129e-02,6.102074459186126315e-02,1.519177097713688696e-01,2.095075885671321934e-03,0.000000000000000000e+00,0.000000000000000000e+00,2.230614782081720773e-02,9.362124317341685709e-02,0.000000000000000000e+00,0.000000000000000000e+00,0.000000000000000000e+00,3.071367577436200785e-02,0.000000000000000000e+00,3.970921113340682845e-03,1.283175715409914097e-01,0.000000000000000000e+00,0.000000000000000000e+00,1.052710128822601995e-02,1.604403947743338055e-01,0.000000000000000000e+00,1.273466593977584660e-01,3.478235446321976954e-02,0.000000000000000000e+00,1.939932585944990073e-01,0.000000000000000000e+00,0.000000000000000000e+00,8.342585633482291207e-02,0.000000000000000000e+00,1.328356263489605671e-01,2.263383215647628566e-01,0.000000000000000000e+00,8.419514165520555760e-02,0.000000000000000000e+00,4.496992222555029617e-02,0.000000000000000000e+00,0.000000000000000000e+00,0.000000000000000000e+00,2.213175045421145459e-01,2.844294313268679320e-01,5.309515032936630574e-02,0.000000000000000000e+00,0.000000000000000000e+00,2.146826476013034835e-01,0.000000000000000000e+00,0.000000000000000000e+00,5.511688048639514642e-02,2.146826476013034835e-01,0.000000000000000000e+00,5.978048325508747429e-02,1.482815635048909675e-01,0.000000000000000000e+00,1.089704222856945418e-02,0.000000000000000000e+00,4.096323743133389872e-02,4.771431296715686332e-02,1.528624514112173205e-01,1.257682432271017142e-02,7.076529401291772881e-02,0.000000000000000000e+00,3.758961348953290121e-02
1.006867260763110034e-01,0.000000000000000000e+00,0.000000000000000000e+00,0.000000000000000000e+00,0.000000000000000000e+00,0.000000000000000000e+00,3.050806751049809501e-02,1.045078327188984357e-01,0.000000000000000000e+00,0.000000000000000000e+00,0.000000000000000000e+00,0.000000000000000000e+00,3.307357373432050496e-01,0.000000000000000000e+00,1.497739018414013246e-01,3.732881080166604304e-02,0.000000000000000000e+00,0.000000000000000000e+00,7.325128158403160228e-02,0.000000000000000000e+00,1.905817614665619719e-01,0.000000000000000000e+00,0.000000000000000000e+00,0.000000000000000000e+00,0.000000000000000000e+00,6.107705781224298525e-02,0.000000000000000000e+00,1.453058869574765932e-01,0.000000000000000000e+00,0.000000000000000000e+00,7.325128158403160228e-02,1.196139546690031530e-01,2.058884490488562674e-02,0.000000000000000000e+00,1.441843007877176563e-01,0.000000000000000000e+00,1.735499707752041765e-02,0.000000000000000000e+00,0.000000000000000000e+00,0.000000000000000000e+00,0.000000000000000000e+00,0.000000000000000000e+00,2.327271129247928672e-01,1.230423225905307172e-01,0.000000000000000000e+00,9.160913256313404918e-02,0.000000000000000000e+00,0.000000000000000000e+00,0.000000000000000000e+00,1.306216999277453883e-01,2.153208871652716183e-02,0.000000000000000000e+00,0.000000000000000000e+00,0.000000000000000000e+00,0.000000000000000000e+00,0.000000000000000000e+00,0.000000000000000000e+00,0.000000000000000000e+00,3.832843140625467188e-02,0.000000000000000000e+00,1.177319086386158509e-01,1.108255903067771331e-01,9.353581492987689261e-02,5.970502657465498464e-02,2.103278924012104978e-01,4.650913912391066440e-02,1.710992469082669443e-01,3.514333962406150126e-03,2.258143089735182088e-02,1.638416973602605520e-01,3.587159182216948482e-03,1.902923870465032807e-02,2.711686201463988505e-02,1.276790675406697384e-01,0.000000000000000000e+00,0.000000000000000000e+00,2.421292780267148698e-02,2.917969085239634913e-02,5.768072899336399578e-03,2.317464770612939484e-01,0.000000000000000000e+00,7.229650190992098491e-02,0.000000000000000000e+00,0.000000000000000000e+00,3.528165681133434151e-02,1.489240356809121146e-01,2.676416528327744959e-02,0.000000000000000000e+00,0.000000000000000000e+00,3.202644845126892403e-02,0.000000000000000000e+00,0.000000000000000000e+00,0.000000000000000000e+00,4.328666600797397013e-02,0.000000000000000000e+00,7.310951429441553406e-02,1.240370202821279993e-01,0.000000000000000000e+00,0.000000000000000000e+00,0.000000000000000000e+00,0.000000000000000000e+00,1.622571674875998293e-01,0.000000000000000000e+00,3.529060527309476475e-02,0.000000000000000000e+00,0.000000000000000000e+00,0.000000000000000000e+00,8.082237371175196583e-02,8.139375067745316383e-02,0.000000000000000000e+00,0.000000000000000000e+00,1.227101983798145474e-01,1.575562172905052225e-02,0.000000000000000000e+00,0.000000000000000000e+00,0.000000000000000000e+00,0.000000000000000000e+00,0.000000000000000000e+00,0.000000000000000000e+00,0.000000000000000000e+00,7.995239118460184535e-02,1.092987425927646611e-01,4.496992222555029617e-02,0.000000000000000000e+00,6.617235673689833564e-02,1.041007557198384836e-01,9.914946672560237539e-02,0.000000000000000000e+00,0.000000000000000000e+00,1.191210220207456101e-02,1.417482481863810984e-01,0.000000000000000000e+00,9.913411132216384813e-02,0.000000000000000000e+00,0.000000000000000000e+00,0.000000000000000000e+00,9.913411132216384813e-02,0.000000000000000000e+00,0.000000000000000000e+00,1.073976164893697127e-01,9.482318475658850498e-02,5.564208928971483420e-02,1.582046647627349811e-02,0.000000000000000000e+00,0.000000000000000000e+00,1.236187699345668300e-01,1.607186518635207173e-01,7.650068094021172938e-02,0.000000000000000000e+00,0.000000000000000000e+00
1.180274599967442023e-01,6.574065809841127261e-02,2.618388493722384469e-01,1.035027741330001583e-01,0.000000000000000000e+00,2.099562832554130731e-01,0.000000000000000000e+00,1.754469061489790926e-01,2.852810394174124520e-01,3.034719596881505499e-01,1.928269061129544437e-01,1.173199083244595708e-01,0.000000000000000000e+00,2.270318745269534269e-02,2.095010080210708558e-01,0.000000000000000000e+00,2.947045807914887572e-01,0.000000000000000000e+00,5.528872380810699594e-03,3.575276596630441728e-02,1.273283870061664436e-01,0.000000000000000000e+00,0.000000000000000000e+00,7.481044759439599290e-02,0.000000000000000000e+00,2.569591630869031973e-01,6.540995541575482519e-02,0.000000000000000000e+00,0.000000000000000000e+00,0.000000000000000000e+00,5.528872380810699594e-03,0.000000000000000000e+00,5.035412954637111943e-02,0.000000000000000000e+00,8.691303693396780494e-02,3.640584419569257296e-02,2.720932503092499122e-01,0.000000000000000000e+00,1.930068132869559305e-01,0.000000000000000000e+00,3.481492257432224069e-02,1.360541006255107099e-01,3.243326295217899974e-02,6.283786907855339054e-02,3.175038184063942032e-02,2.289136233477101212e-01,2.121195695193335284e-01,2.607486882070017206e-02,1.870138411112501065e-01,0.000000000000000000e+00,2.605775174388872198e-02,4.363348416868972901e-02,1.522580855322528404e-01,0.000000000000000000e+00,8.865668045274169295e-02,2.732897921053502321e-03,2.406401333610260276e-02,7.388220524267577471e-02,1.322391410955196522e-01,2.073576935148638833e-01,0.000000000000000000e+00,7.522288770892492094e-02,0.000000000000000000e+00,6.774972628940209574e-02,5.775821796659154350e-02,0.000000000000000000e+00,0.000000000000000000e+00,2.601408954028741963e-02,4.912498552611358101e-03,0.000000000000000000e+00,0.000000000000000000e+00,1.322893238852476672e-01,0.000000000000000000e+00,1.098522258493017933e-01,1.404281098922102178e-01,3.475362646642125852e-02,0.000000000000000000e+00,2.171395865232363803e-02,0.000000000000000000e+00,0.000000000000000000e+00,1.030155230899564844e-01,5.127565978072973901e-02,0.000000000000000000e+00,0.000000000000000000e+00,2.142858513984364222e-01,0.000000000000000000e+00,1.737833034548538769e-03,0.000000000000000000e+00,4.932325329696232719e-02,0.000000000000000000e+00,0.000000000000000000e+00,6.488274522798778698e-02,2.596232604242283692e-02,0.000000000000000000e+00,1.474371407117801847e-01,4.968534357875790952e-02,1.089043348991235588e-01,4.145835716296365769e-02,0.000000000000000000e+00,1.765244346888986127e-01,0.000000000000000000e+00,1.066206012311503304e-01,1.251169707821998545e-01,0.000000000000000000e+00,0.000000000000000000e+00,2.572969949549661593e-03,0.000000000000000000e+00,1.526673507974710131e-01,8.537758824343977260e-02,0.000000000000000000e+00,0.000000000000000000e+00,0.000000000000000000e+00,9.165786451221906439e-02,0.000000000000000000e+00,0.000000000000000000e+00,7.978340982099049739e-02,0.000000000000000000e+00,0.000000000000000000e+00,0.000000000000000000e+00,7.304584585423623544e-02,2.435954397523336645e-01,1.206769460972796915e-01,0.000000000000000000e+00,6.617235673689833564e-02,0.000000000000000000e+00,9.007960973749756795e-03,0.000000000000000000e+00,1.351247419133140837e-01,0.000000000000000000e+00,3.242364771672662238e-02,0.000000000000000000e+00,4.337820281715205895e-03,0.000000000000000000e+00,0.000000000000000000e+00,1.786818560035447478e-01,2.574846876506311361e-02,0.000000000000000000e+00,1.786818560035447478e-01,1.321177992038379267e-01,2.015349688542833473e-02,0.000000000000000000e+00,4.430779824544149592e-02,7.260038432124893415e-02,1.598199691752759388e-01,2.054871649345908768e-02,0.000000000000000000e+00,9.244533979008492941e-02,0.000000000000000000e+00,0.000000000000000000e+00,0.000000000000000000e+00
1.648542786995069731e-01,2.431692871635614261e-02,3.604412347901100877e-02,6.278647391782798959e-02,0.000000000000000000e+00,0.000000000000000000e+00,0.000000000000000000e+00,8.429346479241178313e-04,0.000000000000000000e+00,6.016594251148481461e-03,0.000000000000000000e+00,0.000000000000000000e+00,1.430059570769279254e-01,7.314779113935848676e-02,3.362098912833717118e-02,3.092352840700358652e-01,1.905391713849478863e-02,1.266438126083102578e-01,0.000000000000000000e+00,4.857900526097324451e-02,1.030393170599160357e-01,6.673522879968390997e-02,0.000000000000000000e+00,0.000000000000000000e+00,1.740842415106109292e-02,0.000000000000000000e+00,0.000000000000000000e+00,0.000000000000000000e+00,0.000000000000000000e+00,1.266438126083102578e-01,0.000000000000000000e+00,2.826508176696016644e-02,0.000000000000000000e+00,7.945143651008358676e-02,1.935557156217339037e-01,8.571936982897396251e-02,9.704774460360912625e-02,0.000000000000000000e+00,8.979308651446550604e-02,0.000000000000000000e+00,0.000000000000000000e+00,1.171925449770076094e-02,0.000000000000000000e+00,0.000000000000000000e+00,0.000000000000000000e+00,0.000000000000000000e+00,2.686339054945805632e-02,1.082503313668092410e-01,0.000000000000000000e+00,5.791757230978859805e-02,1.193028687261756260e-01,0.000000000000000000e+00,5.631697103136334981e-02,6.358122960097016552e-02,0.000000000000000000e+00,0.000000000000000000e+00,0.000000000000000000e+00,1.677321018369166278e-02,0.000000000000000000e+00,2.980614801323672181e-02,8.911422556924279703e-03,3.528569742658204961e-03,3.719856590742524893e-02,2.707883268269901944e-02,6.416740741524071256e-02,0.000000000000000000e+00,1.250005551800500991e-01,0.000000000000000000e+00,9.342657605393923925e-02,5.340886108076325911e-02,0.000000000000000000e+00,0.000000000000000000e+00,8.914331852934004319e-02,1.561772690234799477e-01,0.000000000000000000e+00,0.000000000000000000e+00,1.521538520341444711e-01,0.000000000000000000e+00,0.000000000000000000e+00,0.000000000000000000e+00,0.000000000000000000e+00,8.832149374622064175e-02,0.000000000000000000e+00,0.000000000000000000e+00,0.000000000000000000e+00,0.000000000000000000e+00,0.000000000000000000e+00,3.618267441149625868e-02,1.148928286619845668e-02,0.000000000000000000e+00,6.802809146824129183e-02,1.050705836905851120e-01,1.155093957505475971e-01,0.000000000000000000e+00,1.285924550482339945e-01,0.000000000000000000e+00,3.619058580871545305e-02,0.000000000000000000e+00,1.857244059707671702e-02,0.000000000000000000e+00,0.000000000000000000e+00,1.864468689177489480e-01,1.341292185407154669e-01,0.000000000000000000e+00,0.000000000000000000e+00,0.000000000000000000e+00,0.000000000000000000e+00,1.199073427270909431e-01,1.848223872571501669e-01,4.457187552575864187e-02,0.000000000000000000e+00,7.707817011883659475e-02,5.183977394894648261e-02,0.000000000000000000e+00,0.000000000000000000e+00,4.795664121685246084e-02,1.851291980646240648e-02,2.165812722659410106e-01,0.000000000000000000e+00,0.000000000000000000e+00,0.000000000000000000e+00,1.668582454117143454e-01,0.000000000000000000e+00,1.041007557198384836e-01,9.007960973749756795e-03,0.000000000000000000e+00,9.055194467263964764e-02,0.000000000000000000e+00,1.437878857432424440e-02,7.232573409234772932e-02,1.965549041734981385e-03,5.154959306240976258e-02,0.000000000000000000e+00,4.279750452596399468e-02,1.412813105120941659e-01,5.398133487958609728e-02,0.000000000000000000e+00,1.412813105120941659e-01,7.420463554240031012e-02,0.000000000000000000e+00,0.000000000000000000e+00,1.252654155029138683e-01,1.761160728065251924e-01,1.074721529220919736e-01,0.000000000000000000e+00,0.000000000000000000e+00,1.030481407878828214e-02,3.530367474669966477e-01,0.000000000000000000e+00,0.000000000000000000e+00
9.706694332680029444e-03,5.319151359107441093e-03,0.000000000000000000e+00,0.000000000000000000e+00,1.104095829224573388e-01,0.000000000000000000e+00,0.000000000000000000e+00,0.000000000000000000e+00,0.000000000000000000e+00,0.000000000000000000e+00,0.000000000000000000e+00,0.000000000000000000e+00,0.000000000000000000e+00,0.000000000000000000e+00,4.286604187117181580e-02,5.790546846691106697e-02,0.000000000000000000e+00,2.789542427157758464e-01,8.321930726993846672e-02,0.000000000000000000e+00,1.968503698716735431e-03,0.000000000000000000e+00,0.000000000000000000e+00,9.414652618509919413e-03,1.096097868363365979e-01,0.000000000000000000e+00,2.944649687252528375e-02,0.000000000000000000e+00,0.000000000000000000e+00,2.789542427157758464e-01,8.321930726993846672e-02,6.901486624038176421e-02,6.328806955692248271e-02,1.532114649641333481e-01,2.070995484025049127e-01,0.000000000000000000e+00,0.000000000000000000e+00,6.697651184040757932e-02,0.000000000000000000e+00,0.000000000000000000e+00,0.000000000000000000e+00,0.000000000000000000e+00,0.000000000000000000e+00,9.786107711876679272e-02,0.000000000000000000e+00,0.000000000000000000e+00,0.000000000000000000e+00,0.000000000000000000e+00,0.000000000000000000e+00,5.134516464970062533e-02,0.000000000000000000e+00,0.000000000000000000e+00,0.000000000000000000e+00,5.040802195269547537e-02,0.000000000000000000e+00,0.000000000000000000e+00,1.818077780506999197e-02,0.000000000000000000e+00,0.000000000000000000e+00,9.581212515820350384e-02,0.000000000000000000e+00,0.000000000000000000e+00,9.438470129946813225e-02,5.039416261095652771e-02,3.067194708229583483e-02,0.000000000000000000e+00,4.142701028748089348e-02,0.000000000000000000e+00,4.689889808845548042e-02,0.000000000000000000e+00,0.000000000000000000e+00,5.052224912476414864e-02,2.668644702661315815e-02,0.000000000000000000e+00,5.745599394087261280e-02,1.283500436153595103e-01,3.702707225253106492e-03,1.772696278573058226e-01,1.310449021243619179e-02,1.364796643224915340e-01,0.000000000000000000e+00,1.241378571381214491e-01,1.226184735831430950e-01,3.448286394486705514e-02,0.000000000000000000e+00,1.385804165822552281e-01,7.396535674460660847e-02,0.000000000000000000e+00,0.000000000000000000e+00,0.000000000000000000e+00,7.701677267893466960e-02,0.000000000000000000e+00,0.000000000000000000e+00,0.000000000000000000e+00,0.000000000000000000e+00,0.000000000000000000e+00,1.854870119276316037e-02,0.000000000000000000e+00,0.000000000000000000e+00,0.000000000000000000e+00,2.455154710848790334e-01,0.000000000000000000e+00,0.000000000000000000e+00,0.000000000000000000e+00,5.510303971669432144e-02,9.628605829400777028e-02,0.000000000000000000e+00,3.991424975893184679e-02,0.000000000000000000e+00,1.363594929158421232e-01,0.000000000000000000e+00,1.140705810546669211e-02,1.033037573062510761e-01,0.000000000000000000e+00,4.974930899897837822e-02,0.000000000000000000e+00,4.571319241286361801e-02,0.000000000000000000e+00,2.302384301162925806e-01,0.000000000000000000e+00,0.000000000000000000e+00,2.394735971382334211e-02,0.000000000000000000e+00,9.914946672560237539e-02,0.000000000000000000e+00,9.055194467263964764e-02,0.000000000000000000e+00,0.000000000000000000e+00,3.916983554471066900e-03,0.000000000000000000e+00,0.000000000000000000e+00,1.561061626567855631e-02,0.000000000000000000e+00,0.000000000000000000e+00,0.000000000000000000e+00,0.000000000000000000e+00,0.000000000000000000e+00,0.000000000000000000e+00,0.000000000000000000e+00,0.000000000000000000e+00,9.502553984883126137e-02,0.000000000000000000e+00,0.000000000000000000e+00,0.000000000000000000e+00,3.298235825349847550e-02,0.000000000000000000e+00,2.755207481791937391e-02,1.319897896888663213e-01,1.810851918367869517e-01,9.003705134821438083e-02
0.000000000000000000e+00,9.262952157926507279e-02,0.000000000000000000e+00,1.453125185499901662e-01,5.982572199018561243e-02,1.851957000754682059e-01,0.000000000000000000e+00,1.136201450009744207e-01,1.322639001926740991e-02,2.045390921909789050e-01,2.131596877755642105e-01,7.785620142101787322e-02,3.825041154121143309e-03,0.000000000000000000e+00,1.905395050278968494e-02,0.000000000000000000e+00,0.000000000000000000e+00,0.000000000000000000e+00,1.006506832174706711e-01,0.000000000000000000e+00,0.000000000000000000e+00,7.367111858568764493e-02,3.797562244080479599e-02,0.000000000000000000e+00,7.285236094819791397e-02,1.004924949771837800e-01,8.576549946465183982e-02,1.589164556693763719e-01,0.000000000000000000e+00,0.000000000000000000e+00,1.006506832174706711e-01,1.221407629778894360e-01,0.000000000000000000e+00,0.000000000000000000e+00,0.000000000000000000e+00,6.745666204809008804e-02,0.000000000000000000e+00,0.000000000000000000e+00,0.000000000000000000e+00,1.202521676727770217e-01,0.000000000000000000e+00,1.249769333130319737e-01,1.094438167184754451e-01,1.247295914650627807e-01,6.782796884502262369e-02,8.635124500959798222e-02,1.046058654737297700e-01,1.302981860784238333e-01,1.508089891184270781e-01,0.000000000000000000e+00,0.000000000000000000e+00,1.672391438698950794e-01,0.000000000000000000e+00,1.581907550550301633e-02,1.488361626604662313e-01,1.530114840524374187e-02,2.778318060218024077e-02,3.700660038709321920e-02,1.519016177918821597e-01,0.000000000000000000e+00,7.721466461606080189e-02,0.000000000000000000e+00,3.087763893155153622e-02,0.000000000000000000e+00,0.000000000000000000e+00,7.475232516883138778e-02,0.000000000000000000e+00,0.000000000000000000e+00,0.000000000000000000e+00,3.655114057511912179e-02,5.182981959185022081e-02,0.000000000000000000e+00,1.169384029772500971e-01,1.470234309350055835e-01,1.777619737565942493e-01,8.977875135618743063e-02,1.174106003705044365e-02,2.800671674102709341e-01,0.000000000000000000e+00,2.778336651025225396e-02,0.000000000000000000e+00,0.000000000000000000e+00,0.000000000000000000e+00,0.000000000000000000e+00,2.074915310219033748e-01,0.000000000000000000e+00,0.000000000000000000e+00,5.565828809431867807e-02,0.000000000000000000e+00,9.757667524690184779e-02,0.000000000000000000e+00,5.183810180419012870e-02,1.524536425665303230e-01,1.926372969367341481e-01,0.000000000000000000e+00,0.000000000000000000e+00,4.614633160854778038e-02,1.288482603004862392e-01,0.000000000000000000e+00,6.877519904379668370e-02,9.705563059212510280e-03,3.125461636820588834e-02,0.000000000000000000e+00,2.837584474056155728e-02,0.000000000000000000e+00,9.504485843491016633e-03,0.000000000000000000e+00,0.000000000000000000e+00,1.798119619987784412e-01,1.124856693979067734e-01,0.000000000000000000e+00,1.325290952740727432e-02,1.334569407220801696e-01,0.000000000000000000e+00,0.000000000000000000e+00,0.000000000000000000e+00,0.000000000000000000e+00,0.000000000000000000e+00,0.000000000000000000e+00,1.737366604491124567e-01,0.000000000000000000e+00,0.000000000000000000e+00,2.213175045421145459e-01,0.000000000000000000e+00,1.351247419133140837e-01,0.000000000000000000e+00,0.000000000000000000e+00,0.000000000000000000e+00,1.278199651651769700e-02,0.000000000000000000e+00,0.000000000000000000e+00,0.000000000000000000e+00,7.288643176443301841e-02,0.000000000000000000e+00,8.611108380589116429e-02,0.000000000000000000e+00,7.288643176443301841e-02,8.611108380589116429e-02,0.000000000000000000e+00,1.089010276788096587e-02,0.000000000000000000e+00,3.764769241626580304e-02,0.000000000000000000e+00,0.000000000000000000e+00,0.000000000000000000e+00,8.003782678880431989e-02,6.577803100623713650e-02,0.000000000000000000e+00,0.000000000000000000e+00,8.783404294570153290e-05
8.196682942824589507e-03,1.201810994841067404e-01,0.000000000000000000e+00,0.000000000000000000e+00,0.000000000000000000e+00,0.000000000000000000e+00,1.590195417937716460e-01,4.763933525847188072e-02,0.000000000000000000e+00,0.000000000000000000e+00,0.000000000000000000e+00,0.000000000000000000e+00,0.000000000000000000e+00,1.021281236765907707e-01,7.563528414823553203e-02,1.329953779635526315e-02,0.000000000000000000e+00,3.560700351324860152e-02,1.231269893041743793e-02,0.000000000000000000e+00,0.000000000000000000e+00,0.000000000000000000e+00,9.312341454023433107e-02,0.000000000000000000e+00,0.000000000000000000e+00,0.000000000000000000e+00,1.666922150356515142e-01,0.000000000000000000e+00,3.686088174776900456e-02,3.560700351324860152e-02,1.231269893041743793e-02,8.266612932769112909e-02,9.103550213914882172e-02,5.292338399073838462e-02,8.995011830319524226e-02,0.000000000000000000e+00,0.000000000000000000e+00,6.524851079852658775e-02,0.000000000000000000e+00,8.661584485621930118e-02,8.933305985925472231e-03,7.781258182706368709e-02,0.000000000000000000e+00,1.746265506374090060e-01,1.289680286040307267e-01,0.000000000000000000e+00,2.702036630467393591e-02,0.000000000000000000e+00,0.000000000000000000e+00,1.773569975357352016e-02,9.251669198087192347e-02,1.815397809176745592e-02,8.811010526137146026e-02,1.019711577435624406e-01,0.000000000000000000e+00,0.000000000000000000e+00,1.343924879482644684e-02,0.000000000000000000e+00,1.549935409347847140e-02,0.000000000000000000e+00,0.000000000000000000e+00,0.000000000000000000e+00,0.000000000000000000e+00,0.000000000000000000e+00,0.000000000000000000e+00,5.475796782647666949e-02,1.917178618014675311e-04,0.000000000000000000e+00,0.000000000000000000e+00,0.000000000000000000e+00,0.000000000000000000e+00,0.000000000000000000e+00,0.000000000000000000e+00,6.906447868391164119e-03,8.757803766359203990e-02,0.000000000000000000e+00,0.000000000000000000e+00,0.000000000000000000e+00,4.171592506616272206e-02,4.449345912169346690e-02,9.102702452075554784e-02,0.000000000000000000e+00,1.069832692941045937e-02,0.000000000000000000e+00,1.865121004150582795e-02,0.000000000000000000e+00,0.000000000000000000e+00,1.203597194122686120e-01,5.117531780818420500e-02,2.995897064849576547e-02,1.293122899548316274e-01,8.245679710550302133e-02,6.015133269033598115e-03,0.000000000000000000e+00,7.961116056489060677e-02,0.000000000000000000e+00,0.000000000000000000e+00,0.000000000000000000e+00,0.000000000000000000e+00,0.000000000000000000e+00,0.000000000000000000e+00,0.000000000000000000e+00,2.874040517148853530e-02,8.267356210269274919e-02,0.000000000000000000e+00,8.240750500472021622e-02,0.000000000000000000e+00,0.000000000000000000e+00,7.904298965269761224e-02,1.522349882917444115e-03,0.000000000000000000e+00,0.000000000000000000e+00,1.650375944524142859e-03,9.159362182088950921e-02,8.472833606640683968e-02,4.983289805467167044e-02,3.029362588710849541e-02,2.367329780205731232e-02,6.629619793660576632e-02,1.255480131215496453e-01,0.000000000000000000e+00,0.000000000000000000e+00,2.844294313268679320e-01,0.000000000000000000e+00,0.000000000000000000e+00,1.437878857432424440e-02,3.916983554471066900e-03,1.278199651651769700e-02,0.000000000000000000e+00,5.103398296711678106e-02,0.000000000000000000e+00,0.000000000000000000e+00,1.002403715670354377e-02,0.000000000000000000e+00,0.000000000000000000e+00,3.803903290863441811e-02,1.002403715670354377e-02,0.000000000000000000e+00,0.000000000000000000e+00,6.649795073466128591e-04,0.000000000000000000e+00,0.000000000000000000e+00,0.000000000000000000e+00,4.113719904976884285e-03,0.000000000000000000e+00,0.000000000000000000e+00,2.870922035205492745e-02,1.051541584770299409e-01,6.535338682390032239e-02,9.207812686582819706e-02
0.000000000000000000e+00,4.101064174265278695e-02,1.363554911438160083e-03,0.000000000000000000e+00,0.000000000000000000e+00,4.281647598622467105e-03,0.000000000000000000e+00,1.482895998674318150e-01,4.733997478238757828e-02,4.433352349873958403e-02,0.000000000000000000e+00,0.000000000000000000e+00,5.076297638342059347e-03,1.677128148144816921e-01,0.000000000000000000e+00,1.116081387865976993e-01,3.513262142604124671e-02,3.264848024169698937e-02,0.000000000000000000e+00,4.364716525067068031e-02,5.754486249629921224e-02,0.000000000000000000e+00,2.075475013516205752e-04,0.000000000000000000e+00,0.000000000000000000e+00,0.000000000000000000e+00,0.000000000000000000e+00,3.199433899368322315e-02,1.958514027021834164e-02,3.264848024169698937e-02,0.000000000000000000e+00,0.000000000000000000e+00,6.608288265640643866e-02,9.070290140824343456e-03,1.152083038537396742e-01,0.000000000000000000e+00,1.299016968665667182e-01,0.000000000000000000e+00,1.296923710930491525e-01,0.000000000000000000e+00,0.000000000000000000e+00,1.673470055619371427e-02,1.411072322296008305e-02,1.324233382346663435e-01,1.283366531361472274e-01,7.185652604599156168e-02,0.000000000000000000e+00,0.000000000000000000e+00,0.000000000000000000e+00,0.000000000000000000e+00,2.137567341867055437e-02,0.000000000000000000e+00,8.632106860531235659e-02,1.436361748208802094e-02,7.883069246182464185e-02,3.836247851456282831e-02,0.000000000000000000e+00,2.246881963278160588e-02,1.254177041768347878e-01,8.585994878165789657e-02,3.811077695086085432e-03,6.394489730524341442e-02,0.000000000000000000e+00,0.000000000000000000e+00,1.604740578607043999e-01,0.000000000000000000e+00,7.302253120193877289e-02,2.554362838293132432e-02,3.548196462868352663e-02,3.265329249206391088e-02,0.000000000000000000e+00,0.000000000000000000e+00,0.000000000000000000e+00,3.856395012124948923e-02,2.467445265159399770e-01,0.000000000000000000e+00,0.000000000000000000e+00,0.000000000000000000e+00,0.000000000000000000e+00,0.000000000000000000e+00,0.000000000000000000e+00,0.000000000000000000e+00,4.204452142950403093e-02,1.614969410694453225e-02,0.000000000000000000e+00,0.000000000000000000e+00,0.000000000000000000e+00,0.000000000000000000e+00,6.148957256749977562e-02,0.000000000000000000e+00,0.000000000000000000e+00,7.273470643032953209e-02,1.477203602848112252e-01,5.417883833915015934e-02,9.007428450350082882e-02,0.000000000000000000e+00,0.000000000000000000e+00,9.304274363118839042e-02,0.000000000000000000e+00,0.000000000000000000e+00,7.214894987268211102e-02,1.243857032064585311e-01,4.248735097453407161e-02,6.652620115172996895e-02,2.245046188530275266e-02,0.000000000000000000e+00,5.407029691023489126e-03,0.000000000000000000e+00,7.297293737059860896e-02,8.627448544263975616e-02,0.000000000000000000e+00,0.000000000000000000e+00,0.000000000000000000e+00,4.728567465474285691e-02,1.509198545105587368e-02,0.000000000000000000e+00,2.397520408000527667e-03,0.000000000000000000e+00,0.000000000000000000e+00,0.000000000000000000e+00,0.000000000000000000e+00,5.741444680330701558e-03,5.309515032936630574e-02,1.191210220207456101e-02,3.242364771672662238e-02,7.232573409234772932e-02,0.000000000000000000e+00,0.000000000000000000e+00,5.103398296711678106e-02,0.000000000000000000e+00,0.000000000000000000e+00,1.336820379862219306e-02,4.771552722384853062e-02,0.000000000000000000e+00,8.925208464480929860e-02,7.856919571627545285e-01,4.771552722384853062e-02,8.925208464480929860e-02,4.904726543038983033e-01,2.300235396228420600e-04,4.978304742993697185e-02,2.686154157266864434e-02,8.689754383465544962e-02,5.714378326976522482e-01,0.000000000000000000e+00,3.586775335876097605e-04,1.972092652918555067e-01,1.199737079960780384e-01,0.000000000000000000e+00,0.000000000000000000e+00
3.640907166082126001e-02,0.000000000000000000e+00,0.000000000000000000e+00,0.000000000000000000e+00,0.000000000000000000e+00,6.264128634279791941e-02,0.000000000000000000e+00,1.928207612773721324e-01,0.000000000000000000e+00,0.000000000000000000e+00,5.300899200078196261e-02,0.000000000000000000e+00,0.000000000000000000e+00,1.078389591933538866e-01,1.122582887722688855e-01,1.153455593001470325e-01,3.642149903029209823e-02,0.000000000000000000e+00,0.000000000000000000e+00,0.000000000000000000e+00,0.000000000000000000e+00,0.000000000000000000e+00,1.407784158747765746e-01,4.415871704262175346e-02,0.000000000000000000e+00,9.958925529129913912e-02,0.000000000000000000e+00,0.000000000000000000e+00,4.285996253935825395e-02,0.000000000000000000e+00,0.000000000000000000e+00,0.000000000000000000e+00,1.052592562725524206e-01,0.000000000000000000e+00,0.000000000000000000e+00,0.000000000000000000e+00,0.000000000000000000e+00,0.000000000000000000e+00,1.479608294930050971e-01,0.000000000000000000e+00,0.000000000000000000e+00,1.231518587638772422e-01,1.038004588510315074e-01,1.205815946023396645e-01,0.000000000000000000e+00,7.738007685639147759e-02,0.000000000000000000e+00,3.262234606918891500e-02,0.000000000000000000e+00,0.000000000000000000e+00,0.000000000000000000e+00,0.000000000000000000e+00,0.000000000000000000e+00,0.000000000000000000e+00,3.863539166499358173e-03,1.442623826235206463e-01,0.000000000000000000e+00,0.000000000000000000e+00,0.000000000000000000e+00,4.291648789873835079e-03,9.200257790309943062e-02,3.612903341582489325e-02,0.000000000000000000e+00,0.000000000000000000e+00,0.000000000000000000e+00,0.000000000000000000e+00,1.320418931527657103e-01,1.150110166250625371e-01,0.000000000000000000e+00,1.374406971882383699e-01,1.526460576991412466e-01,1.775405002057410253e-01,0.000000000000000000e+00,0.000000000000000000e+00,0.000000000000000000e+00,0.000000000000000000e+00,0.000000000000000000e+00,0.000000000000000000e+00,0.000000000000000000e+00,0.000000000000000000e+00,7.561541215531164539e-02,0.000000000000000000e+00,0.000000000000000000e+00,0.000000000000000000e+00,0.000000000000000000e+00,0.000000000000000000e+00,0.000000000000000000e+00,0.000000000000000000e+00,3.201680544936791328e-02,3.140173100504954629e-02,0.000000000000000000e+00,0.000000000000000000e+00,0.000000000000000000e+00,0.000000000000000000e+00,0.000000000000000000e+00,0.000000000000000000e+00,0.000000000000000000e+00,4.925718338115765010e-02,5.443947265429315702e-02,0.000000000000000000e+00,2.186680560043730015e-02,0.000000000000000000e+00,9.794837094775990516e-02,7.333745516054748781e-02,0.000000000000000000e+00,1.106929258885329115e-01,1.905740292733175759e-02,0.000000000000000000e+00,0.000000000000000000e+00,0.000000000000000000e+00,0.000000000000000000e+00,0.000000000000000000e+00,1.193034405369521461e-01,0.000000000000000000e+00,1.008850485479416415e-01,1.533966083574881930e-03,0.000000000000000000e+00,0.000000000000000000e+00,0.000000000000000000e+00,0.000000000000000000e+00,1.154781991111156481e-01,0.000000000000000000e+00,0.000000000000000000e+00,1.417482481863810984e-01,0.000000000000000000e+00,1.965549041734981385e-03,0.000000000000000000e+00,0.000000000000000000e+00,0.000000000000000000e+00,0.000000000000000000e+00,0.000000000000000000e+00,0.000000000000000000e+00,0.000000000000000000e+00,9.524914723258177951e-02,2.839618213672981950e-01,2.466800119566493754e-02,0.000000000000000000e+00,2.839618213672981950e-01,2.171601103692398418e-03,0.000000000000000000e+00,4.913492828026029546e-02,0.000000000000000000e+00,1.051175780953166050e-01,3.801151400722595219e-02,0.000000000000000000e+00,0.000000000000000000e+00,5.862106606770656897e-02,0.000000000000000000e+00,1.815516037878536215e-01,0.000000000000000000e+00
0.000000000000000000e+00,0.000000000000000000e+00,9.805179000370048414e-02,0.000000000000000000e+00,0.000000000000000000e+00,1.517028104075850148e-02,2.509750655332808680e-03,1.063480365360487678e-02,6.432394749780842580e-02,8.340403628814115067e-03,5.045434125446786322e-02,6.085699757286293365e-02,1.980686810681435341e-03,0.000000000000000000e+00,0.000000000000000000e+00,2.186381042903911415e-02,3.598963006366949491e-02,0.000000000000000000e+00,0.000000000000000000e+00,0.000000000000000000e+00,0.000000000000000000e+00,0.000000000000000000e+00,0.000000000000000000e+00,9.547370514345580872e-02,2.959446547294585644e-02,7.478071591623997039e-02,0.000000000000000000e+00,0.000000000000000000e+00,0.000000000000000000e+00,0.000000000000000000e+00,0.000000000000000000e+00,0.000000000000000000e+00,8.480163660874513731e-03,7.855571149372773260e-03,3.349508240520404634e-02,7.616651478310929035e-02,3.555038320076009395e-02,1.564472579047066977e-02,0.000000000000000000e+00,0.000000000000000000e+00,6.703199065910125931e-02,0.000000000000000000e+00,0.000000000000000000e+00,0.000000000000000000e+00,0.000000000000000000e+00,8.761646698635081054e-02,8.025082881431411241e-02,0.000000000000000000e+00,7.018158438822166834e-02,0.000000000000000000e+00,0.000000000000000000e+00,0.000000000000000000e+00,4.852423481264671323e-02,0.000000000000000000e+00,2.253728158976707474e-02,9.697759737231139441e-04,5.735498714832012318e-02,0.000000000000000000e+00,0.000000000000000000e+00,1.035948810024599764e-01,0.000000000000000000e+00,1.127829227396647122e-01,7.702325461002490492e-02,0.000000000000000000e+00,0.000000000000000000e+00,0.000000000000000000e+00,0.000000000000000000e+00,0.000000000000000000e+00,0.000000000000000000e+00,0.000000000000000000e+00,0.000000000000000000e+00,1.655874381454448541e-01,1.154250777829182589e-01,0.000000000000000000e+00,2.130080036226618054e-02,0.000000000000000000e+00,0.000000000000000000e+00,3.372839552693809861e-02,1.663464982440620021e-01,1.655066742867450647e-01,1.261958590795417279e-02,6.464907758393220738e-02,0.000000000000000000e+00,4.907998437455723256e-02,0.000000000000000000e+00,1.257223669295684521e-02,4.111773307284385254e-02,0.000000000000000000e+00,6.535914246912058814e-03,0.000000000000000000e+00,1.526319027916860950e-02,0.000000000000000000e+00,9.409213974542342263e-02,0.000000000000000000e+00,4.994396307526678680e-02,2.122590233724365172e-01,6.794168509568779268e-02,3.056923826636429031e-02,2.712571300676142744e-02,1.298878266902681045e-02,0.000000000000000000e+00,0.000000000000000000e+00,9.855978240438725835e-02,0.000000000000000000e+00,0.000000000000000000e+00,7.277694262912537404e-02,5.230087911367276021e-02,7.497827618617064482e-02,0.000000000000000000e+00,6.424811356894581660e-02,0.000000000000000000e+00,0.000000000000000000e+00,8.990214290969553157e-02,0.000000000000000000e+00,7.317355621499680276e-04,3.582003983355290522e-02,0.000000000000000000e+00,1.107070767189004268e-01,0.000000000000000000e+00,0.000000000000000000e+00,1.610309056451287302e-01,0.000000000000000000e+00,0.000000000000000000e+00,0.000000000000000000e+00,4.337820281715205895e-03,5.154959306240976258e-02,1.561061626567855631e-02,0.000000000000000000e+00,0.000000000000000000e+00,1.336820379862219306e-02,0.000000000000000000e+00,0.000000000000000000e+00,0.000000000000000000e+00,7.243734611290036929e-02,4.297372969020353539e-02,8.006633777616262160e-02,0.000000000000000000e+00,4.297372969020353539e-02,1.070587161703652479e-01,0.000000000000000000e+00,2.992140672030034129e-02,0.000000000000000000e+00,0.000000000000000000e+00,4.075413212275291741e-02,3.357944949640407489e-02,0.000000000000000000e+00,1.994662660783752886e-02,0.000000000000000000e+00,5.149024443902863041e-02,7.525832267131413178e-02
1.042374123926217006e-01,1.056568993867439479e-02,7.580393668868302265e-03,1.025294222063471428e-01,0.000000000000000000e+00,0.000000000000000000e+00,3.859763836442241421e-03,0.000000000000000000e+00,0.000000000000000000e+00,1.123980692199283427e-01,0.000000000000000000e+00,0.000000000000000000e+00,0.000000000000000000e+00,0.000000000000000000e+00,0.000000000000000000e+00,0.000000000000000000e+00,0.000000000000000000e+00,8.841441746273406149e-03,1.203099974613091316e-01,0.000000000000000000e+00,0.000000000000000000e+00,0.000000000000000000e+00,2.544713733647001319e-02,9.750482222641649460e-03,0.000000000000000000e+00,0.000000000000000000e+00,4.230865076466744368e-02,0.000000000000000000e+00,2.764545422607523131e-02,8.841441746273406149e-03,1.203099974613091316e-01,3.274105563819493941e-02,1.589007980672499376e-02,0.000000000000000000e+00,5.053062901948451868e-02,0.000000000000000000e+00,1.538633663588865330e-01,7.336194963046299700e-02,0.000000000000000000e+00,3.581768786520740655e-02,0.000000000000000000e+00,4.337811304807982771e-02,0.000000000000000000e+00,0.000000000000000000e+00,0.000000000000000000e+00,0.000000000000000000e+00,0.000000000000000000e+00,0.000000000000000000e+00,0.000000000000000000e+00,1.466836520590940607e-01,7.482745385809784142e-03,0.000000000000000000e+00,1.331783908539886999e-02,7.776130494167098756e-03,1.677435603533201647e-01,5.572738269848170889e-02,0.000000000000000000e+00,4.890688646788028671e-02,4.419955869846026175e-02,0.000000000000000000e+00,4.179034989738185379e-02,0.000000000000000000e+00,0.000000000000000000e+00,0.000000000000000000e+00,5.155752456491975028e-02,6.926773765082598622e-02,2.242314307295771580e-02,0.000000000000000000e+00,0.000000000000000000e+00,0.000000000000000000e+00,0.000000000000000000e+00,1.433240676035162781e-02,0.000000000000000000e+00,9.511535219021177712e-02,2.472894692428354024e-03,0.000000000000000000e+00,0.000000000000000000e+00,2.444826514568275433e-02,0.000000000000000000e+00,1.145288371600104160e-01,1.027555680151149425e-02,0.000000000000000000e+00,0.000000000000000000e+00,1.534255672767270151e-01,1.210204951990516836e-01,9.361434728476292211e-02,0.000000000000000000e+00,4.155394084113231412e-02,1.660529367480740454e-02,2.186696519520345272e-02,7.241769480041115870e-02,8.429875485708338001e-02,1.037534128230325481e-01,0.000000000000000000e+00,0.000000000000000000e+00,1.018975586232855751e-01,8.530813930334249506e-02,0.000000000000000000e+00,0.000000000000000000e+00,0.000000000000000000e+00,0.000000000000000000e+00,1.501423263087189527e-02,0.000000000000000000e+00,1.591964991057998602e-01,1.622459021486156450e-01,1.979417799862806526e-02,8.571679771864207376e-02,2.014567164560228385e-02,8.243127216813109226e-02,7.723275684601717261e-03,4.162691203948486185e-02,1.523896755693717187e-01,0.000000000000000000e+00,9.976741078754175485e-02,0.000000000000000000e+00,0.000000000000000000e+00,1.376579053080561055e-01,5.799251294972188053e-02,4.043706319274400357e-02,0.000000000000000000e+00,0.000000000000000000e+00,1.417750880163390070e-01,2.146826476013034835e-01,9.913411132216384813e-02,0.000000000000000000e+00,0.000000000000000000e+00,0.000000000000000000e+00,7.288643176443301841e-02,1.002403715670354377e-02,4.771552722384853062e-02,0.000000000000000000e+00,0.000000000000000000e+00,0.000000000000000000e+00,0.000000000000000000e+00,0.000000000000000000e+00,1.193688103910582887e-01,1.000000000000000000e+00,0.000000000000000000e+00,8.773336007041911827e-03,5.276068591627549598e-01,0.000000000000000000e+00,0.000000000000000000e+00,3.711484456550697558e-02,8.045568625281532271e-02,0.000000000000000000e+00,6.454682194556509156e-01,7.147754242801240832e-02,1.486553069468196930e-01,0.000000000000000000e+00,3.515827645711076810e-02
0.000000000000000000e+00,8.680836224284380065e-02,0.000000000000000000e+00,0.000000000000000000e+00,1.161297984032254593e-01,1.108624912331240414e-01,3.429025885285688635e-02,9.595587573357414191e-02,7.654105076777303895e-02,4.646445703074986167e-02,1.128050354602332939e-01,6.617734597451124801e-02,0.000000000000000000e+00,0.000000000000000000e+00,0.000000000000000000e+00,1.590066877629332798e-01,2.639408076411086518e-02,0.000000000000000000e+00,1.797760250425627093e-02,1.026622119182683257e-01,0.000000000000000000e+00,3.241302148525100624e-02,0.000000000000000000e+00,0.000000000000000000e+00,0.000000000000000000e+00,8.484402704205831064e-03,0.000000000000000000e+00,0.000000000000000000e+00,0.000000000000000000e+00,0.000000000000000000e+00,1.797760250425627093e-02,0.000000000000000000e+00,0.000000000000000000e+00,0.000000000000000000e+00,0.000000000000000000e+00,8.471093116927899680e-02,0.000000000000000000e+00,0.000000000000000000e+00,6.453381350457387811e-02,2.460333185075075368e-02,1.306281462641861180e-01,6.699432967486873558e-02,5.919815441703447402e-03,1.472300303092968221e-01,1.521144870173925523e-01,2.379457282842551563e-02,5.521917535653533826e-02,0.000000000000000000e+00,1.757661774911406516e-01,0.000000000000000000e+00,1.844423999786365953e-01,4.576485280516566501e-02,1.176818137225831007e-02,0.000000000000000000e+00,0.000000000000000000e+00,1.488786283335372454e-02,0.000000000000000000e+00,0.000000000000000000e+00,0.000000000000000000e+00,3.535685773185209824e-02,3.998530820150819620e-02,7.590260997656467223e-02,0.000000000000000000e+00,0.000000000000000000e+00,0.000000000000000000e+00,0.000000000000000000e+00,9.366780504305727284e-02,6.957936081764794223e-02,1.761297046776225672e-01,8.457987560757540546e-02,1.696695378710670610e-02,4.827788815271318035e-02,1.380289496429374929e-01,0.000000000000000000e+00,0.000000000000000000e+00,0.000000000000000000e+00,0.000000000000000000e+00,0.000000000000000000e+00,1.814736956757807135e-02,0.000000000000000000e+00,0.000000000000000000e+00,1.454327751410174757e-02,3.809398405013508099e-02,1.089198566796544115e-01,0.000000000000000000e+00,4.953420390023460795e-02,1.375433270614273215e-02,0.000000000000000000e+00,0.000000000000000000e+00,6.203056001093089356e-02,3.021570563386448069e-03,1.230654595928159234e-01,0.000000000000000000e+00,0.000000000000000000e+00,1.017689269756790887e-01,0.000000000000000000e+00,0.000000000000000000e+00,4.035952524608138470e-02,1.008500986214103667e-01,0.000000000000000000e+00,6.284471494394577862e-02,0.000000000000000000e+00,4.508208872045276622e-02,3.314613188501433494e-02,0.000000000000000000e+00,0.000000000000000000e+00,5.973601564627591121e-02,0.000000000000000000e+00,0.000000000000000000e+00,1.171057670559191577e-01,1.114135026381409821e-01,0.000000000000000000e+00,5.036422855586311642e-02,0.000000000000000000e+00,1.683954598998321228e-01,1.185168821358568991e-01,0.000000000000000000e+00,0.000000000000000000e+00,2.500745231795243467e-02,5.817106030630819768e-02,0.000000000000000000e+00,0.000000000000000000e+00,0.000000000000000000e+00,0.000000000000000000e+00,0.000000000000000000e+00,4.279750452596399468e-02,0.000000000000000000e+00,0.000000000000000000e+00,0.000000000000000000e+00,0.000000000000000000e+00,9.524914723258177951e-02,7.243734611290036929e-02,0.000000000000000000e+00,0.000000000000000000e+00,1.107714280472811008e-01,0.000000000000000000e+00,0.000000000000000000e+00,1.107714280472811841e-01,8.393338923965923057e-03,0.000000000000000000e+00,0.000000000000000000e+00,4.519482263534967820e-02,6.424003590038222800e-02,0.000000000000000000e+00,1.340136431265303296e-01,0.000000000000000000e+00,9.109029292466413325e-03,0.000000000000000000e+00,1.211225033086744535e-01,0.000000000000000000e+00
1.187353351775101012e-01,0.000000000000000000e+00,0.000000000000000000e+00,1.051306165125093575e-02,0.000000000000000000e+00,2.553091629091032155e-01,1.352217286564389720e-01,2.638487566238818527e-01,1.386455912758822323e-02,1.209803702539997416e-01,1.906460201443794522e-01,1.869059559094992662e-01,1.757523254659835738e-03,7.023390395461204250e-02,0.000000000000000000e+00,1.447382247268647615e-01,0.000000000000000000e+00,0.000000000000000000e+00,0.000000000000000000e+00,4.622331032810998719e-02,0.000000000000000000e+00,0.000000000000000000e+00,5.399069204668376781e-02,5.190772236299476261e-02,0.000000000000000000e+00,7.162614386137933220e-02,2.715985693808794718e-02,0.000000000000000000e+00,5.708612761567126437e-02,0.000000000000000000e+00,0.000000000000000000e+00,0.000000000000000000e+00,0.000000000000000000e+00,9.829453490531740376e-03,0.000000000000000000e+00,0.000000000000000000e+00,2.947462932125487212e-02,0.000000000000000000e+00,2.271563911465607766e-01,1.786112770615678746e-01,0.000000000000000000e+00,2.030200209663364230e-01,1.531681592740184450e-01,2.800057664202482838e-02,7.570487404091727490e-02,0.000000000000000000e+00,0.000000000000000000e+00,7.236216842983404784e-02,1.982399508247220665e-01,9.153188987597268844e-02,6.017710197873127331e-02,0.000000000000000000e+00,0.000000000000000000e+00,0.000000000000000000e+00,0.000000000000000000e+00,6.874838397895727260e-02,8.399722859106483960e-03,0.000000000000000000e+00,0.000000000000000000e+00,1.947567215091678544e-02,9.838228001598171846e-02,2.319048668034769112e-01,0.000000000000000000e+00,3.369244877331512011e-02,0.000000000000000000e+00,0.000000000000000000e+00,5.325001922008776312e-02,0.000000000000000000e+00,0.000000000000000000e+00,1.283317798884846955e-02,4.744502148035351086e-02,8.111995722218809379e-02,1.205480894271721559e-01,3.472254209817620535e-02,2.077244548437168215e-02,0.000000000000000000e+00,3.110422169087025124e-02,0.000000000000000000e+00,6.018849913330368527e-03,0.000000000000000000e+00,0.000000000000000000e+00,3.502750220303810919e-02,0.000000000000000000e+00,0.000000000000000000e+00,2.155318508194588312e-02,0.000000000000000000e+00,0.000000000000000000e+00,1.769137268364494309e-03,0.000000000000000000e+00,6.145230638902034193e-02,0.000000000000000000e+00,0.000000000000000000e+00,9.506246938299259784e-04,0.000000000000000000e+00,1.424405554708285671e-01,0.000000000000000000e+00,2.945999347912376873e-02,0.000000000000000000e+00,9.203164429109311762e-02,0.000000000000000000e+00,0.000000000000000000e+00,7.542463407225262310e-03,3.203237751874978001e-02,2.764855982090377168e-02,0.000000000000000000e+00,6.534153654582910975e-02,0.000000000000000000e+00,0.000000000000000000e+00,1.372033766424051726e-01,2.598232767645299729e-02,0.000000000000000000e+00,0.000000000000000000e+00,9.731332650934002015e-02,0.000000000000000000e+00,6.526837976931423868e-02,9.589741811060392696e-02,4.885752194172034157e-02,0.000000000000000000e+00,0.000000000000000000e+00,0.000000000000000000e+00,9.732945098245424087e-02,0.000000000000000000e+00,0.000000000000000000e+00,0.000000000000000000e+00,1.786818560035447478e-01,1.412813105120941659e-01,0.000000000000000000e+00,8.611108380589116429e-02,0.000000000000000000e+00,8.925208464480929860e-02,2.839618213672981950e-01,4.297372969020353539e-02,0.000000000000000000e+00,1.107714280472811008e-01,0.000000000000000000e+00,1.325128957183545342e-01,0.000000000000000000e+00,1.000000000000000000e+00,8.402314531224815142e-02,7.153015717365620446e-03,0.000000000000000000e+00,5.428295852480108374e-01,0.000000000000000000e+00,1.398095951741013532e-01,0.000000000000000000e+00,0.000000000000000000e+00,6.936769014372815186e-03,0.000000000000000000e+00,0.000000000000000000e+00,0.000000000000000000e+00
0.000000000000000000e+00,7.361299892308262316e-02,0.000000000000000000e+00,0.000000000000000000e+00,0.000000000000000000e+00,7.570691013609967546e-02,5.353678227156128538e-02,8.906104310636785149e-02,0.000000000000000000e+00,2.461872465231387461e-02,0.000000000000000000e+00,0.000000000000000000e+00,5.750117828613059145e-02,1.916550795536345331e-01,0.000000000000000000e+00,1.288376906545867645e-02,0.000000000000000000e+00,8.482411978723168600e-02,0.000000000000000000e+00,4.438160180904383856e-02,0.000000000000000000e+00,0.000000000000000000e+00,3.166341537638658887e-02,1.028956392095854433e-01,0.000000000000000000e+00,1.831971765224763363e-02,0.000000000000000000e+00,0.000000000000000000e+00,1.646028774612330048e-01,8.482411978723168600e-02,0.000000000000000000e+00,0.000000000000000000e+00,1.256196896384756054e-02,2.396639877949242534e-02,4.897865042900480942e-02,0.000000000000000000e+00,1.059001574311805305e-01,0.000000000000000000e+00,1.554538027719686022e-01,1.192658468504160379e-02,0.000000000000000000e+00,7.197104743149387862e-02,9.891775411918982130e-02,1.232447247925825828e-01,7.749508082790976249e-02,0.000000000000000000e+00,0.000000000000000000e+00,0.000000000000000000e+00,8.885758702379757332e-03,0.000000000000000000e+00,8.587967985925036574e-02,0.000000000000000000e+00,7.922577961068509589e-02,1.674288617227643466e-02,1.968240544896256439e-01,3.775156717494887459e-02,0.000000000000000000e+00,0.000000000000000000e+00,9.131798728719792146e-02,4.138347989443767749e-02,1.396204424484638260e-02,4.567850552318297730e-02,0.000000000000000000e+00,0.000000000000000000e+00,1.308248513746379516e-01,0.000000000000000000e+00,0.000000000000000000e+00,0.000000000000000000e+00,0.000000000000000000e+00,0.000000000000000000e+00,0.000000000000000000e+00,0.000000000000000000e+00,0.000000000000000000e+00,1.761688694683440082e-02,1.934885746992377753e-01,0.000000000000000000e+00,0.000000000000000000e+00,0.000000000000000000e+00,0.000000000000000000e+00,0.000000000000000000e+00,1.303543207157882855e-01,0.000000000000000000e+00,5.336075657426397889e-02,0.000000000000000000e+00,0.000000000000000000e+00,0.000000000000000000e+00,0.000000000000000000e+00,0.000000000000000000e+00,1.442793923042061943e-01,0.000000000000000000e+00,0.000000000000000000e+00,1.252584810167783058e-01,1.130016467583750128e-01,3.511267583315502705e-02,1.431690194254130466e-01,1.350963338067569589e-02,0.000000000000000000e+00,2.646395938813383281e-02,0.000000000000000000e+00,0.000000000000000000e+00,0.000000000000000000e+00,1.112405140677892451e-01,3.751435238247823739e-02,6.486858146739642866e-03,8.544669622067017911e-02,1.018370413301255273e-01,0.000000000000000000e+00,0.000000000000000000e+00,3.915777862355375102e-03,1.391326603021588171e-01,0.000000000000000000e+00,0.000000000000000000e+00,0.000000000000000000e+00,2.478937366780628593e-02,2.768250337645979456e-02,0.000000000000000000e+00,4.675622498849688058e-02,0.000000000000000000e+00,0.000000000000000000e+00,0.000000000000000000e+00,0.000000000000000000e+00,0.000000000000000000e+00,5.511688048639514642e-02,0.000000000000000000e+00,2.574846876506311361e-02,5.398133487958609728e-02,0.000000000000000000e+00,0.000000000000000000e+00,3.803903290863441811e-02,7.856919571627545285e-01,2.466800119566493754e-02,8.006633777616262160e-02,1.193688103910582887e-01,0.000000000000000000e+00,1.325128957183545342e-01,0.000000000000000000e+00,1.193688103910582332e-01,1.325128957183545064e-01,6.221334245316998413e-01,7.057950658740889949e-02,4.692889232040931696e-02,3.243926682535133721e-02,7.172654988531292075e-02,7.171985345998118655e-01,0.000000000000000000e+00,6.735693741126123901e-02,2.267107433368802105e-01,7.508327300084288725e-02,0.000000000000000000e+00,0.000000000000000000e+00
1.042374123926217006e-01,1.056568993867439479e-02,7.580393668868302265e-03,1.025294222063471428e-01,0.000000000000000000e+00,0.000000000000000000e+00,3.859763836442241421e-03,0.000000000000000000e+00,0.000000000000000000e+00,1.123980692199283427e-01,0.000000000000000000e+00,0.000000000000000000e+00,0.000000000000000000e+00,0.000000000000000000e+00,0.000000000000000000e+00,0.000000000000000000e+00,0.000000000000000000e+00,8.841441746273406149e-03,1.203099974613091316e-01,0.000000000000000000e+00,0.000000000000000000e+00,0.000000000000000000e+00,2.544713733647001319e-02,9.750482222641649460e-03,0.000000000000000000e+00,0.000000000000000000e+00,4.230865076466744368e-02,0.000000000000000000e+00,2.764545422607523131e-02,8.841441746273406149e-03,1.203099974613091316e-01,3.274105563819493941e-02,1.589007980672499376e-02,0.000000000000000000e+00,5.053062901948451868e-02,0.000000000000000000e+00,1.538633663588865330e-01,7.336194963046299700e-02,0.000000000000000000e+00,3.581768786520740655e-02,0.000000000000000000e+00,4.337811304807982771e-02,0.000000000000000000e+00,0.000000000000000000e+00,0.000000000000000000e+00,0.000000000000000000e+00,0.000000000000000000e+00,0.000000000000000000e+00,0.000000000000000000e+00,1.466836520590940607e-01,7.482745385809784142e-03,0.000000000000000000e+00,1.331783908539886999e-02,7.776130494167098756e-03,1.677435603533201647e-01,5.572738269848170889e-02,0.000000000000000000e+00,4.890688646788028671e-02,4.419955869846026175e-02,0.000000000000000000e+00,4.179034989738185379e-02,0.000000000000000000e+00,0.000000000000000000e+00,0.000000000000000000e+00,5.155752456491975028e-02,6.926773765082598622e-02,2.242314307295771580e-02,0.000000000000000000e+00,0.000000000000000000e+00,0.000000000000000000e+00,0.000000000000000000e+00,1.433240676035162781e-02,0.000000000000000000e+00,9.511535219021177712e-02,2.472894692428354024e-03,0.000000000000000000e+00,0.000000000000000000e+00,2.444826514568275433e-02,0.000000000000000000e+00,1.145288371600104160e-01,1.027555680151149425e-02,0.000000000000000000e+00,0.000000000000000000e+00,1.534255672767270151e-01,1.210204951990516836e-01,9.361434728476292211e-02,0.000000000000000000e+00,4.155394084113231412e-02,1.660529367480740454e-02,2.186696519520345272e-02,7.241769480041115870e-02,8.429875485708338001e-02,1.037534128230325481e-01,0.000000000000000000e+00,0.000000000000000000e+00,1.018975586232855751e-01,8.530813930334249506e-02,0.000000000000000000e+00,0.000000000000000000e+00,0.000000000000000000e+00,0.000000000000000000e+00,1.501423263087189527e-02,0.000000000000000000e+00,1.591964991057998602e-01,1.622459021486156450e-01,1.979417799862806526e-02,8.571679771864207376e-02,2.014567164560228385e-02,8.243127216813109226e-02,7.723275684601717261e-03,4.162691203948486185e-02,1.523896755693717187e-01,0.000000000000000000e+00,9.976741078754175485e-02,0.000000000000000000e+00,0.000000000000000000e+00,1.376579053080561055e-01,5.799251294972188053e-02,4.043706319274400357e-02,0.000000000000000000e+00,0.000000000000000000e+00,1.417750880163390070e-01,2.146826476013034835e-01,9.913411132216384813e-02,0.000000000000000000e+00,0.000000000000000000e+00,0.000000000000000000e+00,7.288643176443301841e-02,1.002403715670354377e-02,4.771552722384853062e-02,0.000000000000000000e+00,0.000000000000000000e+00,1.000000000000000000e+00,0.000000000000000000e+00,0.000000000000000000e+00,1.193688103910582332e-01,0.000000000000000000e+00,0.000000000000000000e+00,8.773336007041929174e-03,5.276068591627554039e-01,0.000000000000000000e+00,0.000000000000000000e+00,3.711484456550705191e-02,8.045568625281537822e-02,0.000000000000000000e+00,6.454682194556514707e-01,7.147754242801238056e-02,1.486553069468198873e-01,0.000000000000000000e+00,3.515827645711076810e-02
1.187353351775101012e-01,0.000000000000000000e+00,0.000000000000000000e+00,1.051306165125093575e-02,0.000000000000000000e+00,2.553091629091032155e-01,1.352217286564389720e-01,2.638487566238818527e-01,1.386455912758822323e-02,1.209803702539997416e-01,1.906460201443794522e-01,1.869059559094992662e-01,1.757523254659835738e-03,7.023390395461204250e-02,0.000000000000000000e+00,1.447382247268647615e-01,0.000000000000000000e+00,0.000000000000000000e+00,0.000000000000000000e+00,4.622331032810998719e-02,0.000000000000000000e+00,0.000000000000000000e+00,5.399069204668376781e-02,5.190772236299476261e-02,0.000000000000000000e+00,7.162614386137933220e-02,2.715985693808794718e-02,0.000000000000000000e+00,5.708612761567126437e-02,0.000000000000000000e+00,0.000000000000000000e+00,0.000000000000000000e+00,0.000000000000000000e+00,9.829453490531740376e-03,0.000000000000000000e+00,0.000000000000000000e+00,2.947462932125487212e-02,0.000000000000000000e+00,2.271563911465607766e-01,1.786112770615678746e-01,0.000000000000000000e+00,2.030200209663364230e-01,1.531681592740184450e-01,2.800057664202482838e-02,7.570487404091727490e-02,0.000000000000000000e+00,0.000000000000000000e+00,7.236216842983404784e-02,1.982399508247220665e-01,9.153188987597268844e-02,6.017710197873127331e-02,0.000000000000000000e+00,0.000000000000000000e+00,0.000000000000000000e+00,0.000000000000000000e+00,6.874838397895727260e-02,8.399722859106483960e-03,0.000000000000000000e+00,0.000000000000000000e+00,1.947567215091678544e-02,9.838228001598171846e-02,2.319048668034769112e-01,0.000000000000000000e+00,3.369244877331512011e-02,0.000000000000000000e+00,0.000000000000000000e+00,5.325001922008776312e-02,0.000000000000000000e+00,0.000000000000000000e+00,1.283317798884846955e-02,4.744502148035351086e-02,8.111995722218809379e-02,1.205480894271721559e-01,3.472254209817620535e-02,2.077244548437168215e-02,0.000000000000000000e+00,3.110422169087025124e-02,0.000000000000000000e+00,6.018849913330368527e-03,0.000000000000000000e+00,0.000000000000000000e+00,3.502750220303810919e-02,0.000000000000000000e+00,0.000000000000000000e+00,2.155318508194588312e-02,0.000000000000000000e+00,0.000000000000000000e+00,1.769137268364494309e-03,0.000000000000000000e+00,6.145230638902034193e-02,0.000000000000000000e+00,0.000000000000000000e+00,9.506246938299259784e-04,0.000000000000000000e+00,1.424405554708285671e-01,0.000000000000000000e+00,2.945999347912376873e-02,0.000000000000000000e+00,9.203164429109311762e-02,0.000000000000000000e+00,0.000000000000000000e+00,7.542463407225262310e-03,3.203237751874978001e-02,2.764855982090377168e-02,0.000000000000000000e+00,6.534153654582910975e-02,0.000000000000000000e+00,0.000000000000000000e+00,1.372033766424051726e-01,2.598232767645299729e-02,0.000000000000000000e+00,0.000000000000000000e+00,9.731332650934002015e-02,0.000000000000000000e+00,6.526837976931423868e-02,9.589741811060392696e-02,4.885752194172034157e-02,0.000000000000000000e+00,0.000000000000000000e+00,0.000000000000000000e+00,9.732945098245424087e-02,0.000000000000000000e+00,0.000000000000000000e+00,0.000000000000000000e+00,1.786818560035447478e-01,1.412813105120941659e-01,0.000000000000000000e+00,8.611108380589116429e-02,0.000000000000000000e+00,8.925208464480929860e-02,2.839618213672981950e-01,4.297372969020353539e-02,0.000000000000000000e+00,1.107714280472811841e-01,1.000000000000000000e+00,1.325128957183545064e-01,0.000000000000000000e+00,0.000000000000000000e+00,8.402314531224802652e-02,7.153015717365581415e-03,0.000000000000000000e+00,5.428295852480099493e-01,0.000000000000000000e+00,1.398095951741015197e-01,0.000000000000000000e+00,0.000000000000000000e+00,6.936769014372909728e-03,0.000000000000000000e+00,0.000000000000000000e+00,0.000000000000000000e+00
0.000000000000000000e+00,7.341306080761642039e-02,0.000000000000000000e+00,0.000000000000000000e+00,0.000000000000000000e+00,1.342259124705284801e-01,7.092714565416347039e-02,7.473212563550375720e-02,2.068016194805322172e-02,1.039436483805259159e-01,0.000000000000000000e+00,1.379913133715950091e-02,8.768836569314331086e-02,2.225906283344086245e-01,1.188181206613849773e-02,0.000000000000000000e+00,0.000000000000000000e+00,4.647966957867682991e-02,4.498403547089851497e-03,2.139109663523523497e-01,0.000000000000000000e+00,0.000000000000000000e+00,1.220334533748696632e-02,1.536666348654925907e-01,0.000000000000000000e+00,5.037015440257567450e-02,0.000000000000000000e+00,0.000000000000000000e+00,1.220632411774223020e-01,4.647966957867682991e-02,4.498403547089851497e-03,0.000000000000000000e+00,1.792231459300418217e-02,0.000000000000000000e+00,5.397585963083558619e-02,0.000000000000000000e+00,8.778295655475057413e-02,0.000000000000000000e+00,1.511170404129238976e-01,3.915286062144800183e-02,0.000000000000000000e+00,1.446226199834541315e-01,1.350441673847579405e-01,1.050250214685633787e-01,1.073296668294161371e-01,0.000000000000000000e+00,0.000000000000000000e+00,0.000000000000000000e+00,7.066033075295979904e-02,0.000000000000000000e+00,1.571732845039745807e-02,0.000000000000000000e+00,9.878531612227497982e-02,0.000000000000000000e+00,2.397638941288885439e-01,5.535752463664261880e-02,1.050586979968667622e-01,8.814379832535018666e-02,3.306310679911068917e-02,9.180738389990318604e-02,0.000000000000000000e+00,0.000000000000000000e+00,0.000000000000000000e+00,0.000000000000000000e+00,6.373996210853899447e-02,0.000000000000000000e+00,0.000000000000000000e+00,0.000000000000000000e+00,0.000000000000000000e+00,5.516918115468710804e-02,0.000000000000000000e+00,3.247142278936568371e-02,0.000000000000000000e+00,1.281440084345882580e-01,1.639415037334368275e-01,0.000000000000000000e+00,0.000000000000000000e+00,0.000000000000000000e+00,0.000000000000000000e+00,0.000000000000000000e+00,3.021855989406617427e-02,4.031272537168564818e-02,5.458519380258745717e-03,3.120168880064774948e-03,0.000000000000000000e+00,5.176443043643300101e-03,0.000000000000000000e+00,0.000000000000000000e+00,2.163131350530243455e-02,2.205329161519063719e-02,0.000000000000000000e+00,8.037155570007989414e-02,1.963126451099395930e-01,0.000000000000000000e+00,8.147166761259835854e-02,1.120292213470898968e-01,5.956717072505191696e-02,2.523418643817825976e-02,0.000000000000000000e+00,2.723103994763077101e-02,0.000000000000000000e+00,5.800827482080732345e-02,1.636528015583502138e-01,0.000000000000000000e+00,0.000000000000000000e+00,1.915466327919556622e-01,0.000000000000000000e+00,8.933588598858682728e-02,0.000000000000000000e+00,2.138167311679702864e-01,0.000000000000000000e+00,0.000000000000000000e+00,0.000000000000000000e+00,0.000000000000000000e+00,2.269309912093286918e-02,0.000000000000000000e+00,0.000000000000000000e+00,0.000000000000000000e+00,0.000000000000000000e+00,0.000000000000000000e+00,5.197317734735628150e-03,1.249458327926245699e-01,5.978048325508747429e-02,0.000000000000000000e+00,1.321177992038379267e-01,7.420463554240031012e-02,0.000000000000000000e+00,0.000000000000000000e+00,0.000000000000000000e+00,4.904726543038983033e-01,2.171601103692398418e-03,1.070587161703652479e-01,8.773336007041911827e-03,8.393338923965923057e-03,8.402314531224815142e-02,6.221334245316998413e-01,8.773336007041929174e-03,8.402314531224802652e-02,0.000000000000000000e+00,0.000000000000000000e+00,0.000000000000000000e+00,0.000000000000000000e+00,8.162124007987733854e-02,9.118438306013900707e-01,0.000000000000000000e+00,0.000000000000000000e+00,1.650451774238257396e-01,0.000000000000000000e+00,4.558857785379906435e-02,0.000000000000000000e+00
5.881910620427795860e-02,0.000000000000000000e+00,4.970449924240741280e-02,1.109586903070863551e-01,0.000000000000000000e+00,0.000000000000000000e+00,1.125888253953687135e-02,0.000000000000000000e+00,0.000000000000000000e+00,1.319465901086132320e-01,5.349816807434975945e-03,3.750645297754683083e-02,0.000000000000000000e+00,2.840241268513960318e-02,1.420279908113855107e-02,0.000000000000000000e+00,0.000000000000000000e+00,0.000000000000000000e+00,0.000000000000000000e+00,2.055426742690562303e-02,5.957070440458582528e-02,0.000000000000000000e+00,0.000000000000000000e+00,0.000000000000000000e+00,0.000000000000000000e+00,1.615057729876823167e-01,5.957334026048741182e-02,0.000000000000000000e+00,9.540178423223870385e-02,0.000000000000000000e+00,0.000000000000000000e+00,0.000000000000000000e+00,0.000000000000000000e+00,0.000000000000000000e+00,0.000000000000000000e+00,7.485087767759032729e-02,1.444821876819782358e-01,5.629267121826326409e-02,0.000000000000000000e+00,6.443659526660824866e-02,0.000000000000000000e+00,0.000000000000000000e+00,0.000000000000000000e+00,0.000000000000000000e+00,0.000000000000000000e+00,0.000000000000000000e+00,0.000000000000000000e+00,4.590656164611879586e-02,0.000000000000000000e+00,0.000000000000000000e+00,0.000000000000000000e+00,0.000000000000000000e+00,0.000000000000000000e+00,0.000000000000000000e+00,7.209203334759417547e-02,0.000000000000000000e+00,0.000000000000000000e+00,4.436326229098198903e-02,3.232749027110413953e-02,0.000000000000000000e+00,0.000000000000000000e+00,2.979105694502294770e-03,8.258282706626238895e-03,6.596851560093250355e-03,0.000000000000000000e+00,1.321466179970388066e-01,4.062668523059280445e-02,0.000000000000000000e+00,0.000000000000000000e+00,0.000000000000000000e+00,0.000000000000000000e+00,0.000000000000000000e+00,0.000000000000000000e+00,3.023699422798831193e-02,4.386614883801884246e-02,0.000000000000000000e+00,0.000000000000000000e+00,2.875489947103693905e-02,0.000000000000000000e+00,1.371186880865536140e-01,1.008680985017550713e-01,0.000000000000000000e+00,0.000000000000000000e+00,0.000000000000000000e+00,6.387875153861947986e-02,0.000000000000000000e+00,0.000000000000000000e+00,0.000000000000000000e+00,7.386507384815861610e-02,8.152060377724756890e-02,1.823443071521608626e-03,1.725683164686617199e-02,1.909095737242742785e-02,0.000000000000000000e+00,0.000000000000000000e+00,1.224157408639017508e-01,0.000000000000000000e+00,0.000000000000000000e+00,2.832505228796571017e-02,0.000000000000000000e+00,0.000000000000000000e+00,1.423343230537565951e-01,1.820992136030212538e-02,1.537212740837558267e-01,1.894086459972374806e-02,0.000000000000000000e+00,4.161467980513848530e-02,8.455183699993107371e-02,9.178160283247820128e-02,0.000000000000000000e+00,7.640050407650431086e-02,5.594066102321930412e-02,0.000000000000000000e+00,8.691816554659595809e-03,0.000000000000000000e+00,4.413060121253620932e-02,1.992556717016959744e-01,9.441720153118308978e-02,0.000000000000000000e+00,0.000000000000000000e+00,1.478000161712629545e-01,3.068711042596610275e-02,1.482815635048909675e-01,1.073976164893697127e-01,2.015349688542833473e-02,0.000000000000000000e+00,0.000000000000000000e+00,1.089010276788096587e-02,6.649795073466128591e-04,2.300235396228420600e-04,0.000000000000000000e+00,0.000000000000000000e+00,5.276068591627549598e-01,0.000000000000000000e+00,7.153015717365620446e-03,7.057950658740889949e-02,5.276068591627554039e-01,7.153015717365581415e-03,0.000000000000000000e+00,0.000000000000000000e+00,0.000000000000000000e+00,0.000000000000000000e+00,1.557868770822643661e-02,0.000000000000000000e+00,0.000000000000000000e+00,9.434466643037111577e-01,6.564011941175870724e-02,4.609675266912251906e-02,0.000000000000000000e+00,0.000000000000000000e+00
0.000000000000000000e+00,0.000000000000000000e+00,5.493993570021220296e-02,0.000000000000000000e+00,0.000000000000000000e+00,0.000000000000000000e+00,0.000000000000000000e+00,4.781505458480789228e-02,2.075394363491551292e-02,0.000000000000000000e+00,0.000000000000000000e+00,0.000000000000000000e+00,0.000000000000000000e+00,0.000000000000000000e+00,0.000000000000000000e+00,2.219709691118375988e-02,6.122697446040493291e-02,6.241208232516724796e-02,0.000000000000000000e+00,0.000000000000000000e+00,1.735397120633290491e-02,0.000000000000000000e+00,0.000000000000000000e+00,0.000000000000000000e+00,3.022664701639981785e-02,0.000000000000000000e+00,0.000000000000000000e+00,2.228974580341323564e-01,9.490917351946852928e-04,6.241208232516724796e-02,0.000000000000000000e+00,0.000000000000000000e+00,1.109293174282152640e-03,1.412919706743846759e-01,8.712390987976196058e-03,4.971154501086344490e-02,1.278498269957218381e-01,1.687908142163853098e-01,2.693419662406453322e-02,4.497373648852599076e-03,4.404300112183598404e-02,0.000000000000000000e+00,0.000000000000000000e+00,0.000000000000000000e+00,0.000000000000000000e+00,0.000000000000000000e+00,0.000000000000000000e+00,0.000000000000000000e+00,0.000000000000000000e+00,1.240391255555803873e-01,0.000000000000000000e+00,0.000000000000000000e+00,4.841416386450140413e-02,0.000000000000000000e+00,0.000000000000000000e+00,0.000000000000000000e+00,6.794368613710202731e-02,0.000000000000000000e+00,3.639138072020521586e-04,0.000000000000000000e+00,3.060777136127194598e-01,0.000000000000000000e+00,0.000000000000000000e+00,0.000000000000000000e+00,1.056801571791140260e-01,3.355703187161369547e-03,0.000000000000000000e+00,1.421777465712638078e-01,0.000000000000000000e+00,8.169380382356247750e-02,1.176670836003686303e-03,3.749561200180194509e-02,2.077340024966002792e-03,1.440278375761153487e-02,0.000000000000000000e+00,0.000000000000000000e+00,4.954896429873516944e-02,0.000000000000000000e+00,4.078641969332943984e-02,5.002725711380318074e-02,0.000000000000000000e+00,7.117002520706418311e-02,0.000000000000000000e+00,1.810911478106819739e-01,2.309383986137720710e-02,1.797318154965629189e-01,4.358186011811292226e-02,3.470253150819185145e-02,0.000000000000000000e+00,2.192723531399527401e-02,3.262332193540809500e-02,0.000000000000000000e+00,0.000000000000000000e+00,1.155223841342461616e-01,0.000000000000000000e+00,0.000000000000000000e+00,1.539699497295167752e-01,0.000000000000000000e+00,0.000000000000000000e+00,0.000000000000000000e+00,1.073035134319324235e-01,0.000000000000000000e+00,0.000000000000000000e+00,0.000000000000000000e+00,2.280219756068815190e-02,6.709022283157999034e-02,8.489301373567517683e-02,0.000000000000000000e+00,3.607922325684856379e-02,7.327923049918266818e-02,0.000000000000000000e+00,0.000000000000000000e+00,2.490643365447461205e-02,0.000000000000000000e+00,1.179510442320986507e-01,0.000000000000000000e+00,0.000000000000000000e+00,1.049848993118061291e-01,1.275591804453988891e-02,0.000000000000000000e+00,3.474225068500911423e-02,0.000000000000000000e+00,0.000000000000000000e+00,9.482318475658850498e-02,0.000000000000000000e+00,0.000000000000000000e+00,9.502553984883126137e-02,0.000000000000000000e+00,0.000000000000000000e+00,4.978304742993697185e-02,4.913492828026029546e-02,2.992140672030034129e-02,0.000000000000000000e+00,0.000000000000000000e+00,0.000000000000000000e+00,4.692889232040931696e-02,0.000000000000000000e+00,0.000000000000000000e+00,0.000000000000000000e+00,0.000000000000000000e+00,0.000000000000000000e+00,1.419253249425794783e-01,4.437845020227672299e-02,0.000000000000000000e+00,0.000000000000000000e+00,0.000000000000000000e+00,1.482593203879187943e-02,7.018969953879702905e-02,4.584593480335816262e-02,2.050000821594467892e-02
0.000000000000000000e+00,6.259567482285922912e-02,0.000000000000000000e+00,0.000000000000000000e+00,1.864420293412319407e-02,7.808302098199806918e-02,9.263712573125718053e-02,1.797677161962086823e-01,0.000000000000000000e+00,2.067277339020072435e-02,5.363476770362745477e-02,8.078642898549645568e-02,2.295671287966333587e-02,3.236475460333855525e-02,5.592750218625136549e-02,5.663027169687460949e-02,0.000000000000000000e+00,3.122891153479914403e-02,2.219609100017495840e-02,0.000000000000000000e+00,0.000000000000000000e+00,0.000000000000000000e+00,0.000000000000000000e+00,3.124799194691689572e-03,0.000000000000000000e+00,0.000000000000000000e+00,0.000000000000000000e+00,0.000000000000000000e+00,0.000000000000000000e+00,3.122891153479914403e-02,2.219609100017495840e-02,9.327991065818875410e-03,0.000000000000000000e+00,9.596438062858228535e-02,0.000000000000000000e+00,7.487033086009428628e-02,8.757270773089231245e-04,0.000000000000000000e+00,7.591028380081060734e-02,7.224729647426963997e-02,2.319707238237501273e-02,1.084898185152153305e-01,6.817190333597661356e-02,8.435682611684486298e-02,6.295714286341100308e-02,0.000000000000000000e+00,0.000000000000000000e+00,0.000000000000000000e+00,6.916913441597968837e-02,6.891806757239964110e-02,3.031636531997068673e-02,3.179224863647080526e-03,0.000000000000000000e+00,0.000000000000000000e+00,0.000000000000000000e+00,3.795156010226553855e-02,0.000000000000000000e+00,0.000000000000000000e+00,0.000000000000000000e+00,0.000000000000000000e+00,1.103298017502939848e-01,1.684715576952720145e-02,8.938452258987886201e-02,7.018315307150738147e-02,5.340506169788518387e-02,2.414151985769451628e-02,0.000000000000000000e+00,0.000000000000000000e+00,0.000000000000000000e+00,9.017066110650579641e-03,8.522891633023969502e-03,0.000000000000000000e+00,1.085878250366931752e-01,3.605323985329983438e-02,0.000000000000000000e+00,0.000000000000000000e+00,8.376758522782511499e-03,0.000000000000000000e+00,0.000000000000000000e+00,0.000000000000000000e+00,0.000000000000000000e+00,2.818722535623391021e-02,0.000000000000000000e+00,0.000000000000000000e+00,9.167434055023310213e-02,0.000000000000000000e+00,0.000000000000000000e+00,8.341251432343993466e-02,0.000000000000000000e+00,1.166883779970735724e-01,0.000000000000000000e+00,6.443940988925397906e-02,2.559658848466135617e-02,5.639097072021613533e-02,8.920969882073377655e-02,0.000000000000000000e+00,1.838836892872650342e-01,1.404188550036467031e-01,9.915100863025534672e-02,0.000000000000000000e+00,0.000000000000000000e+00,0.000000000000000000e+00,0.000000000000000000e+00,0.000000000000000000e+00,0.000000000000000000e+00,2.518070280495218749e-02,0.000000000000000000e+00,0.000000000000000000e+00,7.853573714862369104e-02,5.494969396227986774e-03,3.772271177977192663e-02,8.292951254836009034e-02,7.155513680275957245e-02,0.000000000000000000e+00,5.481171367930212646e-02,2.542515742129996398e-02,1.583081691831580984e-01,0.000000000000000000e+00,8.146782259081786215e-02,0.000000000000000000e+00,6.902110476486830737e-02,4.257952355429064917e-02,1.089704222856945418e-02,5.564208928971483420e-02,4.430779824544149592e-02,1.252654155029138683e-01,0.000000000000000000e+00,3.764769241626580304e-02,0.000000000000000000e+00,2.686154157266864434e-02,0.000000000000000000e+00,0.000000000000000000e+00,0.000000000000000000e+00,4.519482263534967820e-02,5.428295852480108374e-01,3.243926682535133721e-02,0.000000000000000000e+00,5.428295852480099493e-01,0.000000000000000000e+00,0.000000000000000000e+00,1.419253249425794783e-01,0.000000000000000000e+00,0.000000000000000000e+00,9.194554739728206388e-03,0.000000000000000000e+00,0.000000000000000000e+00,0.000000000000000000e+00,0.000000000000000000e+00,0.000000000000000000e+00,0.000000000000000000e+00
2.429087332624947915e-01,4.227577160831506864e-02,9.820039534101840384e-02,3.630630446985934345e-02,0.000000000000000000e+00,0.000000000000000000e+00,0.000000000000000000e+00,1.466833585493877625e-03,4.905636900509444120e-02,7.198778114462298094e-02,0.000000000000000000e+00,0.000000000000000000e+00,0.000000000000000000e+00,1.669117235705130375e-01,0.000000000000000000e+00,1.777644126248529854e-01,1.794530834003554565e-01,0.000000000000000000e+00,0.000000000000000000e+00,1.587349194817885834e-01,7.074839377770422710e-02,4.732193392719274971e-02,2.966244981993693824e-02,0.000000000000000000e+00,0.000000000000000000e+00,6.813018457135122663e-02,0.000000000000000000e+00,1.126342602885182231e-01,0.000000000000000000e+00,0.000000000000000000e+00,0.000000000000000000e+00,0.000000000000000000e+00,2.212269476480414540e-02,0.000000000000000000e+00,0.000000000000000000e+00,2.686115378634174045e-01,5.114923717598419961e-02,3.360011717975742995e-02,9.935424841465329004e-02,0.000000000000000000e+00,1.051919020380780168e-01,1.057449218785342093e-01,0.000000000000000000e+00,0.000000000000000000e+00,0.000000000000000000e+00,4.537559325275121458e-02,5.758058601377851957e-03,2.063112022575218710e-02,0.000000000000000000e+00,0.000000000000000000e+00,2.917252113026386207e-01,6.128708567302225407e-02,0.000000000000000000e+00,1.351542818992681472e-01,2.670016657771277085e-02,0.000000000000000000e+00,0.000000000000000000e+00,3.026541320792219478e-02,0.000000000000000000e+00,4.908217056555385510e-02,0.000000000000000000e+00,0.000000000000000000e+00,0.000000000000000000e+00,1.518686057789031540e-01,8.124804135629509760e-02,5.050324610088029187e-02,1.282177535020065096e-01,6.936258089038577213e-02,5.494677088471532078e-03,6.656651868368826386e-02,1.404339954140487179e-01,0.000000000000000000e+00,0.000000000000000000e+00,1.319469651308055880e-01,0.000000000000000000e+00,1.341871144368843860e-01,1.403500680472743317e-02,0.000000000000000000e+00,6.902862047055052797e-02,0.000000000000000000e+00,9.769337184427313164e-03,0.000000000000000000e+00,0.000000000000000000e+00,3.315443142691573142e-01,1.023021790059741448e-01,0.000000000000000000e+00,0.000000000000000000e+00,0.000000000000000000e+00,0.000000000000000000e+00,2.036641674080521755e-02,0.000000000000000000e+00,1.519100283828557149e-02,0.000000000000000000e+00,2.895475435897160860e-02,4.446443767315551993e-02,0.000000000000000000e+00,8.806659909518710361e-02,2.075954326939344688e-02,0.000000000000000000e+00,1.168950845433927022e-01,0.000000000000000000e+00,7.637129564074780774e-02,3.521367736848075858e-02,0.000000000000000000e+00,0.000000000000000000e+00,0.000000000000000000e+00,0.000000000000000000e+00,0.000000000000000000e+00,0.000000000000000000e+00,0.000000000000000000e+00,6.325028224765112672e-02,1.561571577141482592e-01,3.554026635385055394e-02,0.000000000000000000e+00,1.506062475609721563e-01,0.000000000000000000e+00,0.000000000000000000e+00,0.000000000000000000e+00,0.000000000000000000e+00,0.000000000000000000e+00,5.524080230179703732e-02,0.000000000000000000e+00,0.000000000000000000e+00,1.582046647627349811e-02,7.260038432124893415e-02,1.761160728065251924e-01,0.000000000000000000e+00,0.000000000000000000e+00,0.000000000000000000e+00,8.689754383465544962e-02,1.051175780953166050e-01,0.000000000000000000e+00,3.711484456550697558e-02,6.424003590038222800e-02,0.000000000000000000e+00,7.172654988531292075e-02,3.711484456550705191e-02,0.000000000000000000e+00,8.162124007987733854e-02,1.557868770822643661e-02,4.437845020227672299e-02,0.000000000000000000e+00,0.000000000000000000e+00,9.921420452415960489e-02,2.495041454190228408e-02,4.248101284338809402e-02,0.000000000000000000e+00,0.000000000000000000e+00,6.030497611726297336e-02,0.000000000000000000e+00
4.778551328030589129e-02,8.880233104556069235e-02,0.000000000000000000e+00,0.000000000000000000e+00,0.000000000000000000e+00,1.478451603062732322e-01,9.059661197898102869e-02,2.507530379188510281e-02,1.781132131602986002e-02,1.198419963679599465e-01,0.000000000000000000e+00,0.000000000000000000e+00,9.127759495481817253e-02,1.905829167159240334e-01,0.000000000000000000e+00,2.069787799773742474e-03,0.000000000000000000e+00,7.023885214199675209e-02,4.659424789211699669e-02,1.645949453612486901e-01,4.899166965477706054e-02,0.000000000000000000e+00,1.555997553091809094e-02,2.050060528373664759e-01,0.000000000000000000e+00,2.508599427102387383e-02,0.000000000000000000e+00,0.000000000000000000e+00,1.231251822987395189e-01,7.023885214199675209e-02,4.659424789211699669e-02,0.000000000000000000e+00,2.627692298213160638e-02,0.000000000000000000e+00,8.876918326768912237e-02,0.000000000000000000e+00,9.907618330026585207e-02,0.000000000000000000e+00,1.663678844347293850e-01,7.407653382936328634e-03,0.000000000000000000e+00,1.316192999411314180e-01,1.596559848097638401e-01,9.340075794972618750e-02,1.067786776141954053e-01,0.000000000000000000e+00,0.000000000000000000e+00,0.000000000000000000e+00,3.710970341259610394e-02,0.000000000000000000e+00,6.078145192530638730e-02,0.000000000000000000e+00,1.446196925884041251e-01,0.000000000000000000e+00,2.271122316183525058e-01,1.248783755877604235e-01,7.537140950115053806e-02,2.046192268240661777e-02,3.317749121212873464e-02,7.590583065982850486e-02,0.000000000000000000e+00,0.000000000000000000e+00,0.000000000000000000e+00,0.000000000000000000e+00,1.175531893297148689e-01,0.000000000000000000e+00,1.193566789118130980e-02,0.000000000000000000e+00,0.000000000000000000e+00,5.048518686052778925e-02,0.000000000000000000e+00,2.929251423034068269e-02,0.000000000000000000e+00,1.183746335543334194e-01,1.632952361060299173e-01,0.000000000000000000e+00,0.000000000000000000e+00,0.000000000000000000e+00,0.000000000000000000e+00,0.000000000000000000e+00,7.803077434888489039e-02,1.538481888551379920e-02,0.000000000000000000e+00,0.000000000000000000e+00,0.000000000000000000e+00,0.000000000000000000e+00,0.000000000000000000e+00,0.000000000000000000e+00,3.830236768675388676e-02,0.000000000000000000e+00,0.000000000000000000e+00,1.226419825541120723e-01,2.123093888792692008e-01,0.000000000000000000e+00,1.362863265763874510e-01,6.778202579414241424e-02,7.446341406323531142e-02,5.958745429385194602e-03,0.000000000000000000e+00,0.000000000000000000e+00,0.000000000000000000e+00,1.288163345212130495e-01,1.698639490632572469e-01,3.725413155962732648e-02,0.000000000000000000e+00,1.872805002350408921e-01,0.000000000000000000e+00,4.505809695696171707e-02,1.433694934744009913e-02,2.301430985018964592e-01,0.000000000000000000e+00,0.000000000000000000e+00,0.000000000000000000e+00,0.000000000000000000e+00,0.000000000000000000e+00,0.000000000000000000e+00,0.000000000000000000e+00,0.000000000000000000e+00,0.000000000000000000e+00,0.000000000000000000e+00,3.645555952245060904e-02,1.052182548961319991e-01,4.096323743133389872e-02,0.000000000000000000e+00,1.598199691752759388e-01,1.074721529220919736e-01,0.000000000000000000e+00,0.000000000000000000e+00,4.113719904976884285e-03,5.714378326976522482e-01,3.801151400722595219e-02,4.075413212275291741e-02,8.045568625281532271e-02,0.000000000000000000e+00,1.398095951741013532e-01,7.171985345998118655e-01,8.045568625281537822e-02,1.398095951741015197e-01,9.118438306013900707e-01,0.000000000000000000e+00,0.000000000000000000e+00,9.194554739728206388e-03,9.921420452415960489e-02,0.000000000000000000e+00,0.000000000000000000e+00,0.000000000000000000e+00,2.125225197866043580e-01,2.597027040963222760e-02,0.000000000000000000e+00,0.000000000000000000e+00
0.000000000000000000e+00,0.000000000000000000e+00,2.371284105644280715e-01,0.000000000000000000e+00,1.163660714855183076e-01,4.929885414914883524e-02,0.000000000000000000e+00,0.000000000000000000e+00,1.978205995074613366e-01,0.000000000000000000e+00,1.381285912141188565e-01,8.365923723305132564e-02,0.000000000000000000e+00,0.000000000000000000e+00,7.818734465219084884e-02,0.000000000000000000e+00,1.615501365342921491e-01,0.000000000000000000e+00,0.000000000000000000e+00,0.000000000000000000e+00,0.000000000000000000e+00,8.523919521288278456e-02,0.000000000000000000e+00,0.000000000000000000e+00,9.203638889532064771e-02,8.578018878953699855e-02,0.000000000000000000e+00,3.094182022131636289e-02,0.000000000000000000e+00,0.000000000000000000e+00,0.000000000000000000e+00,0.000000000000000000e+00,0.000000000000000000e+00,0.000000000000000000e+00,8.210866911744960084e-02,1.459120235768976426e-01,3.552610902369424117e-02,1.745034655985058802e-02,2.311694857341253448e-02,0.000000000000000000e+00,6.385988834671796344e-02,0.000000000000000000e+00,0.000000000000000000e+00,0.000000000000000000e+00,1.244157157539869940e-01,2.245322741150678203e-01,1.720850050081126903e-01,0.000000000000000000e+00,1.992452299544489602e-01,0.000000000000000000e+00,4.465168709956703931e-03,9.014839795795348554e-02,0.000000000000000000e+00,5.783583048402492210e-02,0.000000000000000000e+00,3.010099051418185789e-02,0.000000000000000000e+00,0.000000000000000000e+00,0.000000000000000000e+00,1.445682738046557003e-01,5.183208295752474506e-03,0.000000000000000000e+00,0.000000000000000000e+00,4.721070102277404729e-02,0.000000000000000000e+00,0.000000000000000000e+00,4.697722376133674910e-02,0.000000000000000000e+00,0.000000000000000000e+00,4.490509919882479384e-03,0.000000000000000000e+00,1.851457942834693754e-02,0.000000000000000000e+00,0.000000000000000000e+00,0.000000000000000000e+00,5.007538654678433954e-02,0.000000000000000000e+00,0.000000000000000000e+00,0.000000000000000000e+00,0.000000000000000000e+00,8.046400511888275250e-03,0.000000000000000000e+00,8.767001546182214000e-02,9.034426715794754981e-02,0.000000000000000000e+00,0.000000000000000000e+00,0.000000000000000000e+00,0.000000000000000000e+00,0.000000000000000000e+00,7.874408124856523139e-02,0.000000000000000000e+00,0.000000000000000000e+00,0.000000000000000000e+00,0.000000000000000000e+00,0.000000000000000000e+00,0.000000000000000000e+00,1.758981550237901509e-02,0.000000000000000000e+00,1.874555756996775513e-01,6.172873726169958442e-02,8.681686247189958350e-02,0.000000000000000000e+00,0.000000000000000000e+00,0.000000000000000000e+00,1.490791406834080651e-02,4.118379718363064657e-02,1.454049767602587084e-01,6.971797481513636319e-02,2.183194168777442476e-02,6.618987010924837211e-02,0.000000000000000000e+00,0.000000000000000000e+00,0.000000000000000000e+00,3.241443361910802123e-02,0.000000000000000000e+00,8.745024299636877663e-02,0.000000000000000000e+00,0.000000000000000000e+00,3.911293274876505299e-02,0.000000000000000000e+00,1.792536403236353465e-02,1.895342159213133093e-01,4.771431296715686332e-02,0.000000000000000000e+00,2.054871649345908768e-02,0.000000000000000000e+00,3.298235825349847550e-02,0.000000000000000000e+00,0.000000000000000000e+00,0.000000000000000000e+00,0.000000000000000000e+00,3.357944949640407489e-02,0.000000000000000000e+00,1.340136431265303296e-01,0.000000000000000000e+00,0.000000000000000000e+00,0.000000000000000000e+00,0.000000000000000000e+00,0.000000000000000000e+00,0.000000000000000000e+00,0.000000000000000000e+00,0.000000000000000000e+00,2.495041454190228408e-02,0.000000000000000000e+00,0.000000000000000000e+00,0.000000000000000000e+00,0.000000000000000000e+00,0.000000000000000000e+00,1.103917756212877965e-01,0.000000000000000000e+00
5.869215620791940619e-02,0.000000000000000000e+00,7.800832353749027892e-02,1.282409388740439193e-01,0.000000000000000000e+00,0.000000000000000000e+00,0.000000000000000000e+00,0.000000000000000000e+00,0.000000000000000000e+00,1.804819379124014966e-01,3.462948452266714772e-02,1.739761551405139342e-02,0.000000000000000000e+00,0.000000000000000000e+00,3.047811504819451095e-03,0.000000000000000000e+00,2.470423096512661121e-02,0.000000000000000000e+00,1.331694063482648585e-02,4.472876255541821666e-02,0.000000000000000000e+00,0.000000000000000000e+00,3.556617884375059928e-03,0.000000000000000000e+00,0.000000000000000000e+00,1.277368827025828213e-01,3.769110411222981183e-02,0.000000000000000000e+00,9.150247220828983119e-02,0.000000000000000000e+00,1.331694063482648585e-02,0.000000000000000000e+00,0.000000000000000000e+00,0.000000000000000000e+00,0.000000000000000000e+00,6.082758011786862373e-02,1.238618813952552800e-01,3.008819180270170396e-02,0.000000000000000000e+00,2.175458778145316144e-02,0.000000000000000000e+00,0.000000000000000000e+00,0.000000000000000000e+00,0.000000000000000000e+00,0.000000000000000000e+00,0.000000000000000000e+00,3.948301298915896096e-02,3.353035985901128835e-03,0.000000000000000000e+00,0.000000000000000000e+00,0.000000000000000000e+00,0.000000000000000000e+00,0.000000000000000000e+00,0.000000000000000000e+00,9.015026166413897535e-02,0.000000000000000000e+00,0.000000000000000000e+00,5.804443569024421434e-02,6.842470092529367998e-02,0.000000000000000000e+00,1.950282113522738142e-02,0.000000000000000000e+00,1.100904344119416414e-02,1.954650573352857690e-02,0.000000000000000000e+00,1.271403788920445477e-01,1.562428300412747537e-02,0.000000000000000000e+00,0.000000000000000000e+00,0.000000000000000000e+00,0.000000000000000000e+00,0.000000000000000000e+00,0.000000000000000000e+00,1.286351873128878734e-02,5.904944011312024399e-02,0.000000000000000000e+00,0.000000000000000000e+00,3.061442917613845655e-02,0.000000000000000000e+00,1.707750980203137092e-01,7.348509432340015468e-02,0.000000000000000000e+00,0.000000000000000000e+00,2.696175781405965588e-02,1.117739484151661633e-01,2.597476794385707860e-02,0.000000000000000000e+00,0.000000000000000000e+00,6.141708492913797862e-02,8.280118676404590872e-02,1.334808990792320932e-02,1.626329412165536392e-02,0.000000000000000000e+00,2.032962208680162697e-02,0.000000000000000000e+00,1.066016235199726547e-01,4.854061015932684651e-03,0.000000000000000000e+00,4.997618769275898737e-02,0.000000000000000000e+00,0.000000000000000000e+00,1.107769872890281004e-01,1.424607233649977968e-02,1.625813145231712054e-01,6.112982539078203048e-02,0.000000000000000000e+00,5.419312670741750770e-02,4.080253847974719961e-02,7.226712472933576048e-02,0.000000000000000000e+00,3.750704732957291926e-02,9.451551819240580632e-02,0.000000000000000000e+00,1.568510673204935937e-02,0.000000000000000000e+00,0.000000000000000000e+00,1.967661857543220039e-01,1.282617569225356635e-01,0.000000000000000000e+00,0.000000000000000000e+00,1.107642284946204897e-01,6.000321171499840844e-02,1.528624514112173205e-01,1.236187699345668300e-01,0.000000000000000000e+00,0.000000000000000000e+00,0.000000000000000000e+00,8.003782678880431989e-02,0.000000000000000000e+00,3.586775335876097605e-04,0.000000000000000000e+00,0.000000000000000000e+00,6.454682194556509156e-01,0.000000000000000000e+00,0.000000000000000000e+00,6.735693741126123901e-02,6.454682194556514707e-01,0.000000000000000000e+00,0.000000000000000000e+00,9.434466643037111577e-01,0.000000000000000000e+00,0.000000000000000000e+00,4.248101284338809402e-02,0.000000000000000000e+00,0.000000000000000000e+00,0.000000000000000000e+00,7.232449688324318893e-02,5.575758197970792640e-02,0.000000000000000000e+00,2.742292952486401897e-02
7.587329542652941974e-03,8.907320458252782069e-02,0.000000000000000000e+00,2.852877705971122724e-02,0.000000000000000000e+00,5.501769867373501599e-02,1.253880912542257309e-01,9.076469532879171548e-03,0.000000000000000000e+00,2.957594136814627184e-02,2.865749600719935328e-02,0.000000000000000000e+00,1.010216297040302941e-01,2.780165306108580911e-02,1.594362626928300108e-02,4.112124981529542006e-02,0.000000000000000000e+00,0.000000000000000000e+00,1.164603700073798820e-01,0.000000000000000000e+00,1.028062888756524351e-01,0.000000000000000000e+00,1.077056058733906474e-01,0.000000000000000000e+00,0.000000000000000000e+00,8.394718131504211311e-02,0.000000000000000000e+00,0.000000000000000000e+00,0.000000000000000000e+00,0.000000000000000000e+00,1.164603700073798820e-01,0.000000000000000000e+00,2.016011686875629483e-01,0.000000000000000000e+00,1.506018680098849538e-01,0.000000000000000000e+00,2.253192194707813456e-02,0.000000000000000000e+00,8.650974801370367451e-02,0.000000000000000000e+00,1.588620552372742301e-02,1.252721025258424735e-02,1.253389524494453455e-01,1.181440868791280296e-01,2.222252966692048887e-02,0.000000000000000000e+00,0.000000000000000000e+00,0.000000000000000000e+00,6.092039702933962388e-03,0.000000000000000000e+00,3.824420421279969839e-02,0.000000000000000000e+00,9.649895896816929053e-02,0.000000000000000000e+00,1.452450441849993668e-01,0.000000000000000000e+00,1.416536024077257039e-01,1.267607044035278657e-02,9.558862756517396905e-03,7.765852710457649480e-03,0.000000000000000000e+00,3.668597003536370853e-03,9.342817686859278270e-02,0.000000000000000000e+00,0.000000000000000000e+00,2.740109928334070327e-02,2.739723153460579819e-01,9.262954066381483970e-03,0.000000000000000000e+00,0.000000000000000000e+00,0.000000000000000000e+00,0.000000000000000000e+00,1.400101598851902912e-03,2.546581729329078225e-01,1.340946583618443932e-01,4.246232347162537391e-02,0.000000000000000000e+00,3.408400758742011205e-02,1.054617721396254593e-01,0.000000000000000000e+00,1.337290386270721665e-01,4.277092996661679969e-02,0.000000000000000000e+00,5.905275912985152170e-02,8.991899116954782389e-02,0.000000000000000000e+00,7.399443460241153514e-02,1.631213765181189958e-03,6.530557141722696801e-02,0.000000000000000000e+00,0.000000000000000000e+00,0.000000000000000000e+00,0.000000000000000000e+00,0.000000000000000000e+00,0.000000000000000000e+00,6.952282372738118055e-02,4.719545187896724558e-02,5.347260242380619429e-03,3.621026794051608599e-02,0.000000000000000000e+00,6.640800014317396749e-02,5.028238757411922916e-02,0.000000000000000000e+00,0.000000000000000000e+00,0.000000000000000000e+00,1.187914062261026249e-01,0.000000000000000000e+00,6.770838400667592016e-02,6.195485841174766528e-02,1.125478335070622671e-01,0.000000000000000000e+00,0.000000000000000000e+00,0.000000000000000000e+00,0.000000000000000000e+00,2.346968613897535555e-02,0.000000000000000000e+00,1.205247805022501006e-01,0.000000000000000000e+00,0.000000000000000000e+00,9.569601452442282052e-03,0.000000000000000000e+00,2.865998983930079149e-03,1.257682432271017142e-02,1.607186518635207173e-01,9.244533979008492941e-02,1.030481407878828214e-02,2.755207481791937391e-02,6.577803100623713650e-02,2.870922035205492745e-02,1.972092652918555067e-01,5.862106606770656897e-02,1.994662660783752886e-02,7.147754242801240832e-02,9.109029292466413325e-03,6.936769014372815186e-03,2.267107433368802105e-01,7.147754242801238056e-02,6.936769014372909728e-03,1.650451774238257396e-01,6.564011941175870724e-02,1.482593203879187943e-02,0.000000000000000000e+00,0.000000000000000000e+00,2.125225197866043580e-01,0.000000000000000000e+00,7.232449688324318893e-02,0.000000000000000000e+00,0.000000000000000000e+00,0.000000000000000000e+00,0.000000000000000000e+00
0.000000000000000000e+00,1.591518550711239488e-01,0.000000000000000000e+00,9.287288338458424275e-02,0.000000000000000000e+00,0.000000000000000000e+00,0.000000000000000000e+00,1.963765045666386322e-01,4.701189137312400401e-02,0.000000000000000000e+00,0.000000000000000000e+00,0.000000000000000000e+00,0.000000000000000000e+00,1.377227386025433598e-01,1.371879348812195532e-01,5.087801297384275667e-02,8.603186989409575269e-02,2.082681210262050664e-01,0.000000000000000000e+00,0.000000000000000000e+00,4.463281717928026249e-02,0.000000000000000000e+00,0.000000000000000000e+00,0.000000000000000000e+00,3.468086849515239489e-02,0.000000000000000000e+00,1.753113330640498069e-01,8.381096190830340797e-02,2.459393830577277784e-03,2.082681210262050664e-01,0.000000000000000000e+00,1.519088183235188794e-01,0.000000000000000000e+00,1.139686672708231652e-01,1.858653738669102662e-01,0.000000000000000000e+00,1.685922067381983580e-01,1.714807975018814989e-01,1.320057421914361262e-01,0.000000000000000000e+00,0.000000000000000000e+00,9.216348774644395059e-02,0.000000000000000000e+00,0.000000000000000000e+00,9.184366208430247425e-02,5.167080664707251331e-02,7.367316207838153774e-02,2.529157531066273945e-01,0.000000000000000000e+00,1.979937744295845181e-01,7.940422564517010673e-02,6.541777620297162255e-02,1.656702996852940091e-01,0.000000000000000000e+00,0.000000000000000000e+00,1.086109545983021500e-02,0.000000000000000000e+00,3.894796145326925862e-02,5.752103674909393727e-02,0.000000000000000000e+00,1.459728417105269349e-01,0.000000000000000000e+00,1.627127889905459202e-01,0.000000000000000000e+00,1.530248836124150150e-02,1.269173343186817404e-01,1.300533655567993052e-01,0.000000000000000000e+00,8.835557734703267108e-02,7.673219045798619631e-02,0.000000000000000000e+00,0.000000000000000000e+00,4.504316699416594655e-02,0.000000000000000000e+00,6.522750659154070638e-03,2.080555801310910932e-02,1.624015814431148952e-01,0.000000000000000000e+00,1.474192595965478567e-02,4.804585417539292136e-02,0.000000000000000000e+00,1.043210618769079695e-01,0.000000000000000000e+00,2.207210682760380599e-02,3.217048198997154301e-02,6.606589396467671405e-02,8.461930126899225302e-02,7.150214555566014596e-02,1.431211394616081489e-01,0.000000000000000000e+00,8.246297826216657245e-03,1.108201363534246781e-02,5.288542147707357699e-02,0.000000000000000000e+00,0.000000000000000000e+00,0.000000000000000000e+00,0.000000000000000000e+00,3.028984584981191108e-02,0.000000000000000000e+00,0.000000000000000000e+00,3.747771350177357685e-02,1.795474976767832409e-01,0.000000000000000000e+00,0.000000000000000000e+00,4.714144166936141966e-03,0.000000000000000000e+00,0.000000000000000000e+00,4.790651739268016185e-02,1.348851654534605760e-01,3.613538505102799336e-02,0.000000000000000000e+00,1.019888342538294301e-01,0.000000000000000000e+00,5.967706034153759387e-02,0.000000000000000000e+00,0.000000000000000000e+00,7.697975463030140575e-02,1.224796087179732540e-01,0.000000000000000000e+00,5.365047437343371806e-02,0.000000000000000000e+00,1.647423821200867389e-01,7.076529401291772881e-02,7.650068094021172938e-02,0.000000000000000000e+00,3.530367474669966477e-01,1.319897896888663213e-01,0.000000000000000000e+00,1.051541584770299409e-01,1.199737079960780384e-01,0.000000000000000000e+00,0.000000000000000000e+00,1.486553069468196930e-01,0.000000000000000000e+00,0.000000000000000000e+00,7.508327300084288725e-02,1.486553069468198873e-01,0.000000000000000000e+00,0.000000000000000000e+00,4.609675266912251906e-02,7.018969953879702905e-02,0.000000000000000000e+00,0.000000000000000000e+00,2.597027040963222760e-02,0.000000000000000000e+00,5.575758197970792640e-02,0.000000000000000000e+00,0.000000000000000000e+00,0.000000000000000000e+00,0.000000000000000000e+00
4.792008531645626989e-04,0.000000000000000000e+00,1.671466157878416861e-02,0.000000000000000000e+00,1.210276268152123413e-01,8.106738754224879218e-02,0.000000000000000000e+00,1.323270354084984599e-02,2.543343717905435786e-02,0.000000000000000000e+00,4.648184217308626298e-02,1.523010523489885804e-01,0.000000000000000000e+00,3.438765574560974370e-02,1.931222293166463821e-02,0.000000000000000000e+00,2.359957971594190893e-02,0.000000000000000000e+00,4.680384661266291657e-02,0.000000000000000000e+00,0.000000000000000000e+00,0.000000000000000000e+00,0.000000000000000000e+00,0.000000000000000000e+00,4.277536193848135646e-03,0.000000000000000000e+00,1.540839490047322263e-02,0.000000000000000000e+00,4.056864316901836673e-03,0.000000000000000000e+00,4.680384661266291657e-02,0.000000000000000000e+00,2.175059918219678090e-02,0.000000000000000000e+00,0.000000000000000000e+00,7.214050947022215918e-04,0.000000000000000000e+00,1.653930482460017615e-01,7.444326572781156948e-02,0.000000000000000000e+00,1.181725332660047978e-01,0.000000000000000000e+00,0.000000000000000000e+00,0.000000000000000000e+00,6.445252053893224531e-02,4.482622544871335893e-03,0.000000000000000000e+00,0.000000000000000000e+00,1.160749742110930571e-01,0.000000000000000000e+00,9.372792638604146576e-03,3.046640964313227125e-03,4.320203168027340196e-02,0.000000000000000000e+00,7.880515489101444504e-02,0.000000000000000000e+00,0.000000000000000000e+00,0.000000000000000000e+00,0.000000000000000000e+00,8.009861233364493072e-02,0.000000000000000000e+00,0.000000000000000000e+00,0.000000000000000000e+00,8.412255194440332318e-02,0.000000000000000000e+00,0.000000000000000000e+00,0.000000000000000000e+00,1.227810116163288723e-01,6.168179237357042377e-02,0.000000000000000000e+00,6.623104107596258783e-02,2.154073724979429713e-02,0.000000000000000000e+00,0.000000000000000000e+00,1.313689925384257766e-02,0.000000000000000000e+00,0.000000000000000000e+00,5.573931470195355592e-02,4.759901943674448022e-02,0.000000000000000000e+00,0.000000000000000000e+00,2.566557116812803047e-02,1.867405046327961227e-01,0.000000000000000000e+00,1.410129169415082553e-02,5.028411862640114194e-02,0.000000000000000000e+00,0.000000000000000000e+00,0.000000000000000000e+00,1.809458820664819612e-01,3.633868556456593124e-02,0.000000000000000000e+00,0.000000000000000000e+00,5.480079130947657778e-03,0.000000000000000000e+00,2.321064457920901658e-02,8.919919556850133824e-02,1.233723269694468327e-01,4.706753870987486627e-02,0.000000000000000000e+00,2.017680044294028474e-01,0.000000000000000000e+00,0.000000000000000000e+00,0.000000000000000000e+00,0.000000000000000000e+00,1.016906286100510981e-01,0.000000000000000000e+00,0.000000000000000000e+00,0.000000000000000000e+00,1.882895289131439678e-02,0.000000000000000000e+00,0.000000000000000000e+00,1.795021797546834941e-01,2.377904766965191138e-02,1.191014457914958968e-01,0.000000000000000000e+00,0.000000000000000000e+00,0.000000000000000000e+00,3.946575357419605107e-02,0.000000000000000000e+00,0.000000000000000000e+00,0.000000000000000000e+00,0.000000000000000000e+00,0.000000000000000000e+00,0.000000000000000000e+00,0.000000000000000000e+00,1.810851918367869517e-01,0.000000000000000000e+00,6.535338682390032239e-02,0.000000000000000000e+00,1.815516037878536215e-01,5.149024443902863041e-02,0.000000000000000000e+00,1.211225033086744535e-01,0.000000000000000000e+00,0.000000000000000000e+00,0.000000000000000000e+00,0.000000000000000000e+00,4.558857785379906435e-02,0.000000000000000000e+00,4.584593480335816262e-02,0.000000000000000000e+00,6.030497611726297336e-02,0.000000000000000000e+00,1.103917756212877965e-01,0.000000000000000000e+00,0.000000000000000000e+00,0.000000000000000000e+00,0.000000000000000000e+00,5.630885390013877501e-02
1.716468848384578583e-01,1.781860058401901065e-02,0.000000000000000000e+00,1.930085861957151760e-01,0.000000000000000000e+00,0.000000000000000000e+00,0.000000000000000000e+00,2.099828239171261379e-02,0.000000000000000000e+00,7.565075803960348566e-02,0.000000000000000000e+00,0.000000000000000000e+00,0.000000000000000000e+00,0.000000000000000000e+00,0.000000000000000000e+00,7.128670321578531310e-02,0.000000000000000000e+00,0.000000000000000000e+00,0.000000000000000000e+00,0.000000000000000000e+00,1.125870891549473063e-01,1.084343638260457932e-01,1.638591095548030119e-01,2.785383758716744595e-02,7.714055892559315564e-02,3.696547430882343027e-02,5.693133687562076939e-02,8.173246461255220807e-02,0.000000000000000000e+00,0.000000000000000000e+00,0.000000000000000000e+00,1.433172025138606046e-02,2.075454646664180447e-01,6.149273394879624377e-02,0.000000000000000000e+00,0.000000000000000000e+00,0.000000000000000000e+00,1.347121800286112947e-01,0.000000000000000000e+00,1.146571696766682247e-01,3.390967771865018021e-02,0.000000000000000000e+00,0.000000000000000000e+00,3.031815599339308942e-02,0.000000000000000000e+00,0.000000000000000000e+00,0.000000000000000000e+00,0.000000000000000000e+00,0.000000000000000000e+00,5.558099744292185895e-02,0.000000000000000000e+00,4.633453331746063136e-02,3.899959570734340582e-03,1.577974578673365103e-01,3.877428322076782730e-02,6.611608195448764880e-02,1.535939241966677860e-01,5.552635260714618853e-02,3.323258041251234141e-02,0.000000000000000000e+00,0.000000000000000000e+00,0.000000000000000000e+00,3.381520777502285136e-02,0.000000000000000000e+00,0.000000000000000000e+00,1.497969431080499736e-01,0.000000000000000000e+00,1.197207137147910695e-02,0.000000000000000000e+00,0.000000000000000000e+00,0.000000000000000000e+00,3.410379543910213584e-02,3.871058423224034428e-02,0.000000000000000000e+00,1.584719626138065759e-02,7.951647746759507585e-02,1.087210038312799026e-02,0.000000000000000000e+00,8.195183598818898962e-03,3.539240629613248090e-02,0.000000000000000000e+00,0.000000000000000000e+00,0.000000000000000000e+00,4.008293954653600194e-02,0.000000000000000000e+00,2.686826326496238870e-01,0.000000000000000000e+00,1.819734829672529919e-01,2.608927038167676085e-02,4.779334135034169276e-03,4.757354054166386403e-02,3.360951370604817190e-02,1.743096941878801917e-02,0.000000000000000000e+00,1.246414545869807267e-01,1.054461460550230045e-01,0.000000000000000000e+00,0.000000000000000000e+00,2.480269047305114910e-02,2.352498166815504554e-01,9.078017666870143165e-03,0.000000000000000000e+00,4.966941202552271895e-02,4.547394215654052690e-02,7.760667665680556770e-02,0.000000000000000000e+00,4.807863685325351050e-02,0.000000000000000000e+00,0.000000000000000000e+00,0.000000000000000000e+00,0.000000000000000000e+00,0.000000000000000000e+00,8.747788427115198162e-02,0.000000000000000000e+00,0.000000000000000000e+00,7.519509292458875782e-02,0.000000000000000000e+00,2.277512611130864950e-01,2.457816171864057528e-02,0.000000000000000000e+00,0.000000000000000000e+00,0.000000000000000000e+00,3.758961348953290121e-02,0.000000000000000000e+00,0.000000000000000000e+00,0.000000000000000000e+00,9.003705134821438083e-02,8.783404294570153290e-05,9.207812686582819706e-02,0.000000000000000000e+00,0.000000000000000000e+00,7.525832267131413178e-02,3.515827645711076810e-02,0.000000000000000000e+00,0.000000000000000000e+00,0.000000000000000000e+00,3.515827645711076810e-02,0.000000000000000000e+00,0.000000000000000000e+00,0.000000000000000000e+00,2.050000821594467892e-02,0.000000000000000000e+00,0.000000000000000000e+00,0.000000000000000000e+00,0.000000000000000000e+00,2.742292952486401897e-02,0.000000000000000000e+00,0.000000000000000000e+00,5.630885390013877501e-02,0.000000000000000000e+00
