0.000000000000000000e+00,0.000000000000000000e+00,1.080488697240971352e-01,3.026075344000787037e-01,0.000000000000000000e+00,0.000000000000000000e+00,0.000000000000000000e+00,0.000000000000000000e+00,1.589028542627096002e-02,3.652500291010636890e-01,0.000000000000000000e+00,0.000000000000000000e+00,0.000000000000000000e+00,0.000000000000000000e+00,0.000000000000000000e+00,2.206973429438203460e-01,1.116829494540109297e-01,0.000000000000000000e+00,0.000000000000000000e+00,2.536105037027232556e-01,2.100422109872374377e-01,8.330783117483098188e-02,3.205375418413197730e-01,8.554763298847747888e-02,0.000000000000000000e+00,2.162760409189752597e-01,0.000000000000000000e+00,0.000000000000000000e+00,0.000000000000000000e+00,0.000000000000000000e+00,0.000000000000000000e+00,0.000000000000000000e+00,9.083917717125059021e-02,0.000000000000000000e+00,1.841126621082280618e-02,5.268699958905534442e-02,4.031688609905029197e-02,5.484969338535216482e-02,2.125444110987793206e-02,7.522768766780603411e-03,0.000000000000000000e+00,0.000000000000000000e+00,0.000000000000000000e+00,0.000000000000000000e+00,0.000000000000000000e+00,0.000000000000000000e+00,0.000000000000000000e+00,0.000000000000000000e+00,0.000000000000000000e+00,0.000000000000000000e+00,7.241742966033265505e-02,0.000000000000000000e+00,0.000000000000000000e+00,8.977747203028760281e-02,1.847980285766622627e-02,2.192374737187430950e-02,4.261839244949426619e-02,0.000000000000000000e+00,5.766711193887965464e-02,0.000000000000000000e+00,1.687699209487306465e-02,8.542415517797455338e-02,0.000000000000000000e+00,0.000000000000000000e+00,5.674355032533692084e-02,0.000000000000000000e+00,1.530806654112635834e-01,0.000000000000000000e+00,6.449181147880810039e-03,1.246605072038728043e-02,2.038372772093567931e-01,0.000000000000000000e+00,0.000000000000000000e+00,4.102239652393348951e-02,1.351980405370240834e-01,0.000000000000000000e+00,0.000000000000000000e+00,1.012547117382332218e-01,7.375770833658382153e-02,0.000000000000000000e+00,0.000000000000000000e+00,0.000000000000000000e+00,0.000000000000000000e+00,0.000000000000000000e+00,0.000000000000000000e+00,0.000000000000000000e+00,0.000000000000000000e+00,1.464942920631671641e-01,0.000000000000000000e+00,0.000000000000000000e+00,2.661722937922217716e-02,0.000000000000000000e+00,1.472730373911524532e-02,0.000000000000000000e+00,2.728998691416506528e-01,4.935638672492147216e-02,4.197278075637001470e-03,0.000000000000000000e+00,0.000000000000000000e+00,1.615579737838231389e-01
0.000000000000000000e+00,0.000000000000000000e+00,0.000000000000000000e+00,1.373408540734731287e-01,0.000000000000000000e+00,3.324346817776987484e-01,0.000000000000000000e+00,2.741551398599291200e-01,0.000000000000000000e+00,1.982128918519768246e-02,3.226116003221893291e-01,3.654162591099900659e-02,0.000000000000000000e+00,1.200729923247564335e-01,2.488124363673309136e-01,8.424098075260538776e-02,0.000000000000000000e+00,1.336492920066367773e-01,1.842589090927506668e-01,1.969722377086722820e-01,1.112287469003998830e-02,0.000000000000000000e+00,0.000000000000000000e+00,0.000000000000000000e+00,0.000000000000000000e+00,0.000000000000000000e+00,0.000000000000000000e+00,0.000000000000000000e+00,0.000000000000000000e+00,1.336492920066367773e-01,1.842589090927506668e-01,1.099500241027032837e-01,0.000000000000000000e+00,8.632122026586032393e-02,8.532710093750414670e-02,2.874904863592857296e-02,1.518307236172175001e-01,0.000000000000000000e+00,3.852010213698783270e-01,1.543789412486081154e-02,0.000000000000000000e+00,6.197686297033214720e-01,9.430355715305055453e-02,3.484245390585034574e-01,5.102525749284307910e-01,5.412332034357029975e-02,1.124089370921386305e-02,0.000000000000000000e+00,1.222103062498439696e-01,0.000000000000000000e+00,0.000000000000000000e+00,2.623592106892426445e-02,3.998534982367255020e-02,3.869090736546153264e-02,1.141231334176419365e-02,1.517541474995320328e-01,0.000000000000000000e+00,0.000000000000000000e+00,1.264130488533548591e-01,0.000000000000000000e+00,0.000000000000000000e+00,4.076901976779755132e-02,5.405310425029148658e-02,6.976585972378200606e-02,0.000000000000000000e+00,1.579150504393848631e-01,1.238451960271579055e-02,0.000000000000000000e+00,0.000000000000000000e+00,0.000000000000000000e+00,0.000000000000000000e+00,1.536341411642350718e-01,2.897588751446600330e-02,2.370815762090743017e-02,4.076596571503224298e-02,9.527524784095967036e-02,1.040732252061104396e-02,3.038849678636571308e-02,0.000000000000000000e+00,8.099373937715950711e-02,0.000000000000000000e+00,2.586699813734305575e-02,1.077532550421346491e-02,0.000000000000000000e+00,1.230826083133253757e-01,1.097594243472439640e-01,1.759104444700539116e-01,0.000000000000000000e+00,1.776506839710017549e-01,1.691367318257007424e-02,4.421146397060281286e-02,2.099944754348040399e-01,6.396633486639435873e-02,8.204251920475866267e-02,1.300690009625678212e-02,0.000000000000000000e+00,2.841753786924998068e-02,7.691501246386063528e-02,0.000000000000000000e+00,5.677012485397009423e-03
1.080488697240971352e-01,0.000000000000000000e+00,0.000000000000000000e+00,0.000000000000000000e+00,1.828579083376064007e-01,0.000000000000000000e+00,0.000000000000000000e+00,0.000000000000000000e+00,7.571560696441548277e-01,1.190082909432039759e-01,0.000000000000000000e+00,0.000000000000000000e+00,0.000000000000000000e+00,0.000000000000000000e+00,1.938273294361310128e-01,0.000000000000000000e+00,5.939071528544206391e-01,1.073560145753102435e-02,0.000000000000000000e+00,1.367544481035184167e-01,0.000000000000000000e+00,1.251997239711677423e-01,0.000000000000000000e+00,0.000000000000000000e+00,7.951206428903409562e-02,8.896104270392060642e-02,2.237676357748696609e-01,0.000000000000000000e+00,2.236662428930544580e-02,1.073560145753102435e-02,0.000000000000000000e+00,0.000000000000000000e+00,9.543631930524765217e-03,0.000000000000000000e+00,4.367685028682831150e-01,2.946851967873238554e-01,3.478870586393586484e-01,1.374461467560089689e-01,1.511132508099786997e-02,0.000000000000000000e+00,1.133031051519919480e-01,0.000000000000000000e+00,0.000000000000000000e+00,0.000000000000000000e+00,4.917634980898709374e-02,3.398732301209798634e-01,7.318932305938534721e-01,0.000000000000000000e+00,0.000000000000000000e+00,0.000000000000000000e+00,0.000000000000000000e+00,0.000000000000000000e+00,1.239429504030236801e-01,2.737562506196579079e-02,0.000000000000000000e+00,0.000000000000000000e+00,5.311599452848057845e-02,2.210327706622524646e-01,4.846866430692159389e-02,1.964338128285040008e-01,0.000000000000000000e+00,0.000000000000000000e+00,0.000000000000000000e+00,3.212268114079466774e-02,0.000000000000000000e+00,1.258551995690892211e-01,0.000000000000000000e+00,1.183487461253282247e-01,4.572259059146330240e-02,2.450240158752064329e-02,0.000000000000000000e+00,1.331523187247897651e-02,0.000000000000000000e+00,0.000000000000000000e+00,1.338002950526101242e-01,9.427273841398645104e-02,0.000000000000000000e+00,0.000000000000000000e+00,0.000000000000000000e+00,2.949801445876537240e-02,0.000000000000000000e+00,6.165106914549017131e-02,0.000000000000000000e+00,0.000000000000000000e+00,4.260915107936379120e-02,0.000000000000000000e+00,1.132749226514623286e-02,0.000000000000000000e+00,0.000000000000000000e+00,1.295887036056078689e-01,1.098412106275253319e-01,0.000000000000000000e+00,0.000000000000000000e+00,1.354785157466198986e-01,1.212919148715765061e-01,9.318809150590820489e-02,5.129509720551021779e-02,0.000000000000000000e+00,0.000000000000000000e+00,2.936981665982891232e-01
3.026075344000787037e-01,1.373408540734731287e-01,0.000000000000000000e+00,0.000000000000000000e+00,0.000000000000000000e+00,4.871952258712031886e-02,1.112126669978697607e-02,0.000000000000000000e+00,0.000000000000000000e+00,4.240605649489292417e-01,8.766757675911198561e-03,0.000000000000000000e+00,8.574944547675520529e-03,0.000000000000000000e+00,0.000000000000000000e+00,5.113935073082849503e-02,3.958975373630067851e-03,0.000000000000000000e+00,3.715862000066810084e-02,2.460759530916245275e-01,1.814632565706432166e-01,4.582671742947933696e-02,2.290414208338256707e-01,2.238156709665089367e-02,1.101899555682175069e-01,2.151262468927128135e-01,1.076175293543357725e-01,0.000000000000000000e+00,0.000000000000000000e+00,0.000000000000000000e+00,3.715862000066810084e-02,1.709626823251010619e-02,0.000000000000000000e+00,0.000000000000000000e+00,0.000000000000000000e+00,0.000000000000000000e+00,0.000000000000000000e+00,0.000000000000000000e+00,6.863217163998681924e-02,1.470888023674036260e-01,0.000000000000000000e+00,1.721648452053611278e-01,2.319031329299321709e-02,0.000000000000000000e+00,0.000000000000000000e+00,0.000000000000000000e+00,0.000000000000000000e+00,6.976521337978436321e-02,3.583639208699530843e-02,0.000000000000000000e+00,0.000000000000000000e+00,1.072073175335135076e-03,9.583548185980272915e-02,1.321443325444202066e-01,0.000000000000000000e+00,1.473916706031914714e-01,2.816859143542024824e-02,0.000000000000000000e+00,1.060549322133952366e-01,0.000000000000000000e+00,0.000000000000000000e+00,1.028805980551529692e-01,5.896773424739477909e-02,1.547023813079076091e-02,0.000000000000000000e+00,8.543717644856479998e-04,1.823698145838523743e-01,6.523136859907856244e-02,0.000000000000000000e+00,0.000000000000000000e+00,1.455645478038460894e-01,0.000000000000000000e+00,5.414458810858060328e-02,1.310427814975285293e-02,9.440562973344995834e-02,6.602525706306594522e-02,5.501196400794042957e-02,1.559254910460848020e-01,6.667533984378479217e-02,0.000000000000000000e+00,1.092892581487911463e-03,9.188118510266643502e-03,0.000000000000000000e+00,0.000000000000000000e+00,0.000000000000000000e+00,0.000000000000000000e+00,3.938047441293796719e-02,0.000000000000000000e+00,1.103420552703470586e-01,1.061239615780731893e-02,0.000000000000000000e+00,1.222861443629942035e-01,0.000000000000000000e+00,7.082541239276440859e-02,6.397098903100910394e-02,9.400916822217242341e-02,0.000000000000000000e+00,0.000000000000000000e+00,0.000000000000000000e+00,1.093581224592524714e-01
0.000000000000000000e+00,0.000000000000000000e+00,1.828579083376064007e-01,0.000000000000000000e+00,0.000000000000000000e+00,1.275639598391469232e-01,0.000000000000000000e+00,0.000000000000000000e+00,2.279681467546411655e-01,0.000000000000000000e+00,2.223393822717728008e-01,2.491904205766583558e-01,0.000000000000000000e+00,0.000000000000000000e+00,0.000000000000000000e+00,0.000000000000000000e+00,1.643488390968548540e-01,1.305299459281006602e-01,7.189757253600084774e-02,1.494244705274951346e-01,0.000000000000000000e+00,1.788813531851096150e-01,0.000000000000000000e+00,2.076317597267798853e-03,1.224053068835904423e-01,0.000000000000000000e+00,0.000000000000000000e+00,0.000000000000000000e+00,0.000000000000000000e+00,1.305299459281006602e-01,7.189757253600084774e-02,1.696141461667047268e-02,0.000000000000000000e+00,1.651945055676761198e-01,0.000000000000000000e+00,1.051622736023740123e-01,0.000000000000000000e+00,2.731947443001975229e-01,0.000000000000000000e+00,0.000000000000000000e+00,2.366271880238584036e-01,0.000000000000000000e+00,0.000000000000000000e+00,9.136611694751337054e-02,7.109270427037962803e-02,8.232420391018205330e-02,2.417713716866706497e-01,0.000000000000000000e+00,1.745750862093867761e-01,8.055026339901877330e-03,0.000000000000000000e+00,7.244428486415889490e-02,4.383954431584541345e-03,5.146215705519659872e-02,1.418989024195575765e-02,0.000000000000000000e+00,0.000000000000000000e+00,2.566446829870909496e-02,3.811232246653208783e-02,1.319968612532828045e-01,0.000000000000000000e+00,0.000000000000000000e+00,5.700972468578816704e-04,2.458491716315604203e-02,6.207064403264003771e-02,8.505066980912492913e-02,2.901944765823992467e-02,7.996992131446765961e-02,1.221930089312779077e-01,0.000000000000000000e+00,5.066490036835909205e-02,0.000000000000000000e+00,6.200662715335999997e-02,0.000000000000000000e+00,0.000000000000000000e+00,1.931511863675420548e-01,0.000000000000000000e+00,1.865669161651641039e-01,3.479322454752718091e-02,8.495612226561219393e-02,1.937767122167814715e-02,2.068427512944252533e-01,1.305801441251906447e-01,7.709451812415238359e-02,3.424075399238206419e-02,0.000000000000000000e+00,0.000000000000000000e+00,0.000000000000000000e+00,0.000000000000000000e+00,4.283963975693332038e-02,0.000000000000000000e+00,0.000000000000000000e+00,0.000000000000000000e+00,9.430672423265770710e-02,2.805039065274578247e-02,0.000000000000000000e+00,0.000000000000000000e+00,4.794809221465026750e-02,1.152304797971877570e-01,4.698879207081771425e-03
0.000000000000000000e+00,3.324346817776987484e-01,0.000000000000000000e+00,4.871952258712031886e-02,1.275639598391469232e-01,0.000000000000000000e+00,8.864512723540601824e-02,1.300987886318169529e-01,0.000000000000000000e+00,9.307597641817479117e-02,6.961812024160569656e-01,6.466783899578976147e-01,0.000000000000000000e+00,1.137142466011012709e-01,9.442246063567123759e-02,0.000000000000000000e+00,0.000000000000000000e+00,0.000000000000000000e+00,1.019178502710588463e-01,1.390481226308741269e-01,0.000000000000000000e+00,0.000000000000000000e+00,0.000000000000000000e+00,2.123945984076338334e-01,0.000000000000000000e+00,1.057686523767893405e-01,0.000000000000000000e+00,0.000000000000000000e+00,1.010969104643704430e-01,0.000000000000000000e+00,1.019178502710588463e-01,0.000000000000000000e+00,0.000000000000000000e+00,0.000000000000000000e+00,0.000000000000000000e+00,0.000000000000000000e+00,1.019942797220301650e-01,0.000000000000000000e+00,3.341638645602890145e-01,9.700014661273737016e-02,1.517057255308411068e-01,4.304479520845415630e-01,2.247903613148061197e-01,1.976758687874843878e-01,4.016667013686592291e-01,8.758413124283566387e-02,0.000000000000000000e+00,1.643835149849952604e-01,7.238099007605316437e-01,0.000000000000000000e+00,0.000000000000000000e+00,1.397617625607377734e-01,2.605214846167477893e-03,9.469610609293780193e-03,1.627112995914023197e-01,2.655106564343626685e-01,9.721343563553960787e-02,0.000000000000000000e+00,0.000000000000000000e+00,2.434898294988721221e-02,0.000000000000000000e+00,3.010079680547309011e-02,0.000000000000000000e+00,0.000000000000000000e+00,0.000000000000000000e+00,0.000000000000000000e+00,1.716006258007521726e-02,1.626000326606669502e-02,0.000000000000000000e+00,0.000000000000000000e+00,2.707782105885372381e-01,2.020596987818119306e-01,1.163009975105607219e-01,0.000000000000000000e+00,0.000000000000000000e+00,9.041041151214064542e-02,0.000000000000000000e+00,0.000000000000000000e+00,0.000000000000000000e+00,0.000000000000000000e+00,1.035236957390273382e-01,8.062647583016173403e-02,1.345446642231331036e-01,0.000000000000000000e+00,8.218429824172490683e-02,0.000000000000000000e+00,1.240595941348866804e-01,0.000000000000000000e+00,1.124705215007144599e-01,1.497713566336828506e-01,0.000000000000000000e+00,1.050742063675253468e-01,9.060234557824312085e-02,0.000000000000000000e+00,3.025234749392527456e-02,1.388303203218382159e-02,7.262438040378428605e-02,4.057447729987934126e-02,1.084938198412809529e-01,8.799430021765063115e-02
0.000000000000000000e+00,0.000000000000000000e+00,0.000000000000000000e+00,1.112126669978697607e-02,0.000000000000000000e+00,8.864512723540601824e-02,0.000000000000000000e+00,5.505345753633156258e-02,0.000000000000000000e+00,6.441675812786859523e-04,0.000000000000000000e+00,7.618675548991739321e-03,4.922017468507576266e-01,7.002881623610063277e-02,0.000000000000000000e+00,8.026699902963330135e-02,0.000000000000000000e+00,0.000000000000000000e+00,2.835814770602937407e-01,0.000000000000000000e+00,0.000000000000000000e+00,0.000000000000000000e+00,1.249535737191122819e-01,1.379988914793365551e-01,0.000000000000000000e+00,0.000000000000000000e+00,0.000000000000000000e+00,0.000000000000000000e+00,0.000000000000000000e+00,0.000000000000000000e+00,2.835814770602937407e-01,7.402985788098857822e-02,3.181109180511385026e-02,1.309775809700288729e-01,0.000000000000000000e+00,0.000000000000000000e+00,0.000000000000000000e+00,0.000000000000000000e+00,1.962923446091382248e-03,4.323057287915350599e-01,0.000000000000000000e+00,9.495857422237792556e-02,3.617322874016089540e-01,6.359856883580174147e-02,1.085805467321528106e-01,0.000000000000000000e+00,0.000000000000000000e+00,9.732451155877064330e-03,1.123374382365368573e-01,2.495524068755681779e-01,1.227762546517686404e-01,5.278441195159350174e-02,2.037025037280722900e-02,0.000000000000000000e+00,6.650681893551396717e-02,7.157768589955451621e-02,1.433703359645242294e-02,0.000000000000000000e+00,0.000000000000000000e+00,0.000000000000000000e+00,0.000000000000000000e+00,7.170398513137449248e-02,0.000000000000000000e+00,0.000000000000000000e+00,0.000000000000000000e+00,0.000000000000000000e+00,0.000000000000000000e+00,0.000000000000000000e+00,0.000000000000000000e+00,0.000000000000000000e+00,0.000000000000000000e+00,0.000000000000000000e+00,4.363791727391676256e-02,4.835456433782208546e-02,2.311324286150754845e-02,0.000000000000000000e+00,8.999191390578414884e-02,0.000000000000000000e+00,1.161921363328662082e-01,0.000000000000000000e+00,1.269084146842045513e-01,0.000000000000000000e+00,8.320277050557581613e-03,0.000000000000000000e+00,0.000000000000000000e+00,6.400212100795987791e-02,1.008453524170072058e-01,2.666511810080327560e-01,4.656113452035191835e-02,0.000000000000000000e+00,0.000000000000000000e+00,1.104893791629302097e-01,0.000000000000000000e+00,0.000000000000000000e+00,4.725580955118989512e-02,0.000000000000000000e+00,0.000000000000000000e+00,0.000000000000000000e+00,7.924961877545269595e-02,0.000000000000000000e+00
0.000000000000000000e+00,2.741551398599291200e-01,0.000000000000000000e+00,0.000000000000000000e+00,0.000000000000000000e+00,1.300987886318169529e-01,5.505345753633156258e-02,0.000000000000000000e+00,0.000000000000000000e+00,0.000000000000000000e+00,1.852597591973091373e-01,0.000000000000000000e+00,0.000000000000000000e+00,3.405728919095925011e-01,2.072756225724242396e-01,1.890125501991636869e-01,0.000000000000000000e+00,0.000000000000000000e+00,0.000000000000000000e+00,0.000000000000000000e+00,0.000000000000000000e+00,0.000000000000000000e+00,2.268246173472334565e-02,0.000000000000000000e+00,0.000000000000000000e+00,0.000000000000000000e+00,0.000000000000000000e+00,9.961850665934218751e-04,0.000000000000000000e+00,0.000000000000000000e+00,0.000000000000000000e+00,1.860039486909730033e-02,0.000000000000000000e+00,0.000000000000000000e+00,0.000000000000000000e+00,0.000000000000000000e+00,9.900988131869792319e-02,1.005067554749476157e-02,3.532713600559865275e-01,2.015110352369198568e-02,0.000000000000000000e+00,5.726405577700847127e-01,0.000000000000000000e+00,5.158461719771313403e-01,4.079500107422156518e-01,0.000000000000000000e+00,0.000000000000000000e+00,0.000000000000000000e+00,6.402474593528328928e-03,1.683771099141318506e-01,4.774865165293083746e-02,8.336178159064060178e-02,0.000000000000000000e+00,0.000000000000000000e+00,0.000000000000000000e+00,8.202590451735462806e-02,0.000000000000000000e+00,3.203192427023596189e-02,2.332002422438152894e-02,0.000000000000000000e+00,2.412226197269392303e-01,2.416294069301100911e-01,1.921042498694945644e-02,1.243613825238871172e-02,0.000000000000000000e+00,1.347743785284918339e-01,0.000000000000000000e+00,1.518445174959221627e-02,0.000000000000000000e+00,7.917035462197202778e-02,4.608101038237728819e-02,5.132158776299496072e-02,1.301345936733908082e-01,0.000000000000000000e+00,9.130432845972151490e-02,0.000000000000000000e+00,3.819605143757868332e-02,0.000000000000000000e+00,0.000000000000000000e+00,0.000000000000000000e+00,0.000000000000000000e+00,0.000000000000000000e+00,0.000000000000000000e+00,1.261012916218353513e-02,1.386625160798165002e-01,2.240193665248573496e-01,2.171901525089496299e-01,4.342277987343580448e-02,3.173163179184747273e-02,0.000000000000000000e+00,0.000000000000000000e+00,0.000000000000000000e+00,1.623175173720470266e-01,0.000000000000000000e+00,0.000000000000000000e+00,5.214612286003783570e-03,3.708821197593639707e-02,4.740834200781004343e-02,1.653782769106867945e-02,0.000000000000000000e+00
1.589028542627096002e-02,0.000000000000000000e+00,7.571560696441548277e-01,0.000000000000000000e+00,2.279681467546411655e-01,0.000000000000000000e+00,0.000000000000000000e+00,0.000000000000000000e+00,0.000000000000000000e+00,8.389029811261074221e-02,1.921923949158588218e-02,0.000000000000000000e+00,0.000000000000000000e+00,0.000000000000000000e+00,9.711524778570466976e-02,0.000000000000000000e+00,4.971444205092087620e-01,4.059055092355350058e-02,0.000000000000000000e+00,1.375927791521343313e-01,1.343830880045385895e-02,6.914764948005389100e-02,0.000000000000000000e+00,0.000000000000000000e+00,1.094297685466337627e-01,0.000000000000000000e+00,1.990919033623210210e-01,0.000000000000000000e+00,0.000000000000000000e+00,4.059055092355350058e-02,0.000000000000000000e+00,0.000000000000000000e+00,0.000000000000000000e+00,0.000000000000000000e+00,3.921915174144524618e-01,2.380059677789699568e-01,3.382660325476539165e-01,1.499364839355908086e-01,1.364951149770124439e-02,0.000000000000000000e+00,1.535575121068841475e-01,0.000000000000000000e+00,0.000000000000000000e+00,0.000000000000000000e+00,9.768380939049964296e-02,2.908005091855311863e-01,6.429515856160761267e-01,0.000000000000000000e+00,0.000000000000000000e+00,0.000000000000000000e+00,0.000000000000000000e+00,0.000000000000000000e+00,2.457290942947943369e-01,5.984349113838130507e-02,0.000000000000000000e+00,0.000000000000000000e+00,0.000000000000000000e+00,2.266979622796633231e-01,3.667128992552885769e-03,2.217813827585399244e-01,0.000000000000000000e+00,0.000000000000000000e+00,0.000000000000000000e+00,4.798879024371958263e-02,0.000000000000000000e+00,1.087323822810169760e-02,0.000000000000000000e+00,1.265651873950149886e-01,1.102762159980267276e-01,0.000000000000000000e+00,0.000000000000000000e+00,0.000000000000000000e+00,0.000000000000000000e+00,0.000000000000000000e+00,1.105826695660017123e-01,1.451760461899716526e-01,0.000000000000000000e+00,0.000000000000000000e+00,0.000000000000000000e+00,0.000000000000000000e+00,0.000000000000000000e+00,6.880744066273764004e-02,0.000000000000000000e+00,0.000000000000000000e+00,0.000000000000000000e+00,0.000000000000000000e+00,0.000000000000000000e+00,0.000000000000000000e+00,0.000000000000000000e+00,2.444780625900352250e-02,3.752588998057973524e-02,0.000000000000000000e+00,0.000000000000000000e+00,1.132848456126206160e-01,1.120739291518345893e-01,1.355258756115365788e-02,0.000000000000000000e+00,0.000000000000000000e+00,0.000000000000000000e+00,2.669287472473652056e-01
3.652500291010636890e-01,1.982128918519768246e-02,1.190082909432039759e-01,4.240605649489292417e-01,0.000000000000000000e+00,9.307597641817479117e-02,6.441675812786859523e-04,0.000000000000000000e+00,8.389029811261074221e-02,0.000000000000000000e+00,2.010661224119799848e-02,7.841900807938885498e-02,0.000000000000000000e+00,0.000000000000000000e+00,0.000000000000000000e+00,1.148368006331975527e-01,1.731848057315543143e-01,0.000000000000000000e+00,8.807235260207470218e-02,2.414922684593821256e-01,9.523127255356465815e-02,1.058287822372395715e-01,2.566564558958139841e-01,1.433719075506338647e-01,0.000000000000000000e+00,3.727483344461600678e-01,0.000000000000000000e+00,0.000000000000000000e+00,0.000000000000000000e+00,0.000000000000000000e+00,8.807235260207470218e-02,0.000000000000000000e+00,6.001546769598969933e-02,0.000000000000000000e+00,0.000000000000000000e+00,0.000000000000000000e+00,0.000000000000000000e+00,0.000000000000000000e+00,0.000000000000000000e+00,7.414366633678395879e-02,5.600874923628455099e-02,7.381724977349075900e-02,0.000000000000000000e+00,7.245838713187519042e-02,0.000000000000000000e+00,4.168329326730487588e-02,1.090952004660080132e-01,0.000000000000000000e+00,2.163561857825684331e-01,0.000000000000000000e+00,0.000000000000000000e+00,3.581129335549126935e-02,0.000000000000000000e+00,3.776270836428621824e-02,1.167496397796313340e-01,8.524113603261598837e-02,2.605728269612310466e-02,0.000000000000000000e+00,1.213976483007128127e-01,0.000000000000000000e+00,0.000000000000000000e+00,9.565601563128647844e-02,0.000000000000000000e+00,0.000000000000000000e+00,0.000000000000000000e+00,0.000000000000000000e+00,1.074902287181848069e-02,0.000000000000000000e+00,0.000000000000000000e+00,0.000000000000000000e+00,7.649928153231215500e-02,0.000000000000000000e+00,5.904381664082862524e-02,1.938775286617087923e-02,1.460354928238625782e-01,1.364866262304453154e-02,0.000000000000000000e+00,3.350532371159345435e-02,0.000000000000000000e+00,0.000000000000000000e+00,0.000000000000000000e+00,0.000000000000000000e+00,0.000000000000000000e+00,0.000000000000000000e+00,7.124745822099147474e-02,0.000000000000000000e+00,2.902468140816823194e-02,3.993386199421644633e-02,8.190431493305377897e-02,2.363805929760705998e-02,0.000000000000000000e+00,2.179233997504241571e-03,6.349591400277870834e-02,9.533365293191845002e-02,1.212433051903442777e-01,7.742490647154604000e-02,6.854851173284177979e-02,3.051503870980736000e-02,5.359739048280908608e-02,2.052570065442710645e-01
0.000000000000000000e+00,3.226116003221893291e-01,0.000000000000000000e+00,8.766757675911198561e-03,2.223393822717728008e-01,6.961812024160569656e-01,0.000000000000000000e+00,1.852597591973091373e-01,1.921923949158588218e-02,2.010661224119799848e-02,0.000000000000000000e+00,5.063774610140230337e-01,0.000000000000000000e+00,9.902207590615436095e-02,2.592135042260982902e-01,0.000000000000000000e+00,2.575049422442555330e-02,0.000000000000000000e+00,1.157804067458506891e-01,7.111034594055314073e-02,0.000000000000000000e+00,0.000000000000000000e+00,0.000000000000000000e+00,2.686819485615112024e-02,9.896531880469876252e-02,5.878044295621337456e-02,0.000000000000000000e+00,0.000000000000000000e+00,5.033686671618131658e-02,0.000000000000000000e+00,1.157804067458506891e-01,9.026293213610797617e-02,0.000000000000000000e+00,0.000000000000000000e+00,0.000000000000000000e+00,0.000000000000000000e+00,0.000000000000000000e+00,0.000000000000000000e+00,1.978555521538125639e-01,0.000000000000000000e+00,1.415198369311654603e-01,3.733783071517847163e-01,2.166272831813153277e-01,2.469733096768687020e-01,4.206477870390863405e-01,2.931784003674159367e-01,1.029858743556165135e-01,1.390280410846727321e-01,6.201118803793281842e-01,0.000000000000000000e+00,0.000000000000000000e+00,1.084639356202951183e-01,0.000000000000000000e+00,0.000000000000000000e+00,3.775341166960933387e-02,2.112791272342002813e-01,3.181164655122947077e-02,0.000000000000000000e+00,1.177600110277668977e-01,2.993311053082065021e-02,3.385972689893901322e-02,2.095453266270655424e-01,5.088637213978684792e-02,1.296464187751073527e-01,0.000000000000000000e+00,1.529892677957654934e-01,1.171858865489885937e-02,2.925738070868845464e-02,0.000000000000000000e+00,0.000000000000000000e+00,2.449261477049779756e-01,1.831184524490740428e-01,5.055533527770875862e-02,0.000000000000000000e+00,0.000000000000000000e+00,1.520428094972888777e-01,0.000000000000000000e+00,4.370793295481920082e-02,6.833545973056385364e-03,0.000000000000000000e+00,1.432178349002988238e-01,7.741953205517577985e-02,1.822600703263949629e-01,0.000000000000000000e+00,2.103174499857234925e-01,0.000000000000000000e+00,1.702617417923197318e-01,0.000000000000000000e+00,5.874339478991728869e-02,2.016412761046317836e-01,0.000000000000000000e+00,8.511132333802035044e-02,5.121802438047096118e-02,0.000000000000000000e+00,0.000000000000000000e+00,2.829211333052442448e-02,0.000000000000000000e+00,3.387284410210136126e-02,9.262751988153805627e-02,1.166834389738776422e-02
0.000000000000000000e+00,3.654162591099900659e-02,0.000000000000000000e+00,0.000000000000000000e+00,2.491904205766583558e-01,6.466783899578976147e-01,7.618675548991739321e-03,0.000000000000000000e+00,0.000000000000000000e+00,7.841900807938885498e-02,5.063774610140230337e-01,0.000000000000000000e+00,0.000000000000000000e+00,6.658414204872685482e-02,0.000000000000000000e+00,0.000000000000000000e+00,0.000000000000000000e+00,0.000000000000000000e+00,7.425089453918189142e-02,1.721927548460574775e-01,0.000000000000000000e+00,0.000000000000000000e+00,0.000000000000000000e+00,1.805515522807267237e-01,6.608127790193997486e-02,2.091565353146663808e-01,4.665725116259476779e-02,0.000000000000000000e+00,8.153573567132979538e-02,0.000000000000000000e+00,7.425089453918189142e-02,0.000000000000000000e+00,0.000000000000000000e+00,7.611322271984657939e-02,0.000000000000000000e+00,1.439486633548904271e-01,0.000000000000000000e+00,1.175736678563634036e-01,9.885289097947373704e-02,1.822688012033404081e-01,3.769664766235514830e-01,1.191718427990093032e-01,8.145576259324188717e-02,3.733023036981047982e-02,4.207478889855363613e-02,0.000000000000000000e+00,0.000000000000000000e+00,1.234215535336542074e-01,7.303398398622020782e-01,0.000000000000000000e+00,0.000000000000000000e+00,7.923283204693404302e-02,0.000000000000000000e+00,3.279923573281986332e-02,1.718801983216545759e-01,2.412612324637146699e-01,1.307609684245686354e-01,0.000000000000000000e+00,0.000000000000000000e+00,1.076226651196931783e-01,0.000000000000000000e+00,4.440950534318029164e-02,0.000000000000000000e+00,0.000000000000000000e+00,0.000000000000000000e+00,0.000000000000000000e+00,1.542750689434366218e-02,8.482570856371053625e-02,0.000000000000000000e+00,0.000000000000000000e+00,3.037213273655692269e-01,2.099592378333117459e-01,2.714615737039793864e-02,0.000000000000000000e+00,7.384719877084541806e-05,7.013859802615074468e-02,0.000000000000000000e+00,2.657948524186693265e-02,0.000000000000000000e+00,0.000000000000000000e+00,4.808372317171739907e-02,5.301625164493436321e-02,1.282668171681771163e-01,5.523676094698595773e-02,7.905990075102677095e-02,0.000000000000000000e+00,1.194703738240930624e-01,0.000000000000000000e+00,1.078251741722921486e-03,1.641791083516208338e-01,0.000000000000000000e+00,4.293990071253832308e-02,0.000000000000000000e+00,2.456395846662376425e-02,6.668685439128774206e-02,6.110868035092434369e-03,2.845409017141382890e-02,0.000000000000000000e+00,1.576279608544500221e-01,1.636932128121919572e-01
0.000000000000000000e+00,0.000000000000000000e+00,0.000000000000000000e+00,8.574944547675520529e-03,0.000000000000000000e+00,0.000000000000000000e+00,4.922017468507576266e-01,0.000000000000000000e+00,0.000000000000000000e+00,0.000000000000000000e+00,0.000000000000000000e+00,0.000000000000000000e+00,0.000000000000000000e+00,3.600615448760709908e-02,0.000000000000000000e+00,4.980101687571754365e-02,0.000000000000000000e+00,0.000000000000000000e+00,1.949224695225685589e-01,0.000000000000000000e+00,3.374347954380452035e-03,2.146510585036984220e-02,0.000000000000000000e+00,2.464707274466163556e-01,0.000000000000000000e+00,2.059431174040860651e-02,0.000000000000000000e+00,1.254568480365388927e-01,1.458251066311969935e-01,0.000000000000000000e+00,1.949224695225685589e-01,2.857798756920414962e-01,6.884161292630053275e-02,0.000000000000000000e+00,7.181311577808145719e-02,0.000000000000000000e+00,0.000000000000000000e+00,0.000000000000000000e+00,0.000000000000000000e+00,1.315491824281346707e-02,0.000000000000000000e+00,0.000000000000000000e+00,5.576152359857535767e-01,0.000000000000000000e+00,0.000000000000000000e+00,0.000000000000000000e+00,0.000000000000000000e+00,2.220435597429621169e-02,0.000000000000000000e+00,1.446035011949737548e-01,0.000000000000000000e+00,0.000000000000000000e+00,3.277000773404608464e-02,0.000000000000000000e+00,1.699869680052281118e-01,0.000000000000000000e+00,7.253504738487455417e-02,0.000000000000000000e+00,0.000000000000000000e+00,0.000000000000000000e+00,9.492046839799732350e-02,5.754853647101955405e-02,7.071046953160796400e-02,0.000000000000000000e+00,4.902525748200881051e-03,0.000000000000000000e+00,0.000000000000000000e+00,0.000000000000000000e+00,5.783969606827491818e-03,4.619127284130743194e-02,0.000000000000000000e+00,0.000000000000000000e+00,0.000000000000000000e+00,5.029143965610403250e-02,0.000000000000000000e+00,0.000000000000000000e+00,1.265145969103630974e-01,6.161242176091976525e-02,1.070053681441699017e-01,3.780688110069174712e-02,8.909568708746271049e-02,7.592077762313825806e-04,0.000000000000000000e+00,0.000000000000000000e+00,1.974432174127415535e-03,7.246088862928191932e-02,0.000000000000000000e+00,2.262274775338392885e-01,9.427605695922816609e-02,0.000000000000000000e+00,0.000000000000000000e+00,9.516606570776614538e-02,8.740800542289112185e-02,1.138399259654619411e-01,0.000000000000000000e+00,0.000000000000000000e+00,0.000000000000000000e+00,2.165729360614399371e-03,5.403161362340543755e-02,0.000000000000000000e+00
0.000000000000000000e+00,1.200729923247564335e-01,0.000000000000000000e+00,0.000000000000000000e+00,0.000000000000000000e+00,1.137142466011012709e-01,7.002881623610063277e-02,3.405728919095925011e-01,0.000000000000000000e+00,0.000000000000000000e+00,9.902207590615436095e-02,6.658414204872685482e-02,3.600615448760709908e-02,0.000000000000000000e+00,0.000000000000000000e+00,5.226189183858092474e-02,0.000000000000000000e+00,8.236187098048253219e-02,0.000000000000000000e+00,0.000000000000000000e+00,0.000000000000000000e+00,0.000000000000000000e+00,0.000000000000000000e+00,1.445127620775582267e-01,0.000000000000000000e+00,0.000000000000000000e+00,0.000000000000000000e+00,0.000000000000000000e+00,0.000000000000000000e+00,8.236187098048253219e-02,0.000000000000000000e+00,0.000000000000000000e+00,0.000000000000000000e+00,4.938837643291062174e-02,0.000000000000000000e+00,0.000000000000000000e+00,0.000000000000000000e+00,3.386306257193535951e-03,1.406490929850904292e-01,3.865325126697394947e-02,2.666067735669677002e-02,3.029034080238587889e-01,1.227072018290212424e-01,2.449748071331308841e-01,1.230292564101078678e-01,0.000000000000000000e+00,0.000000000000000000e+00,2.119493342576988237e-01,7.942991695329248980e-03,8.512986245051355760e-02,5.705868353291589090e-02,7.525845225607674660e-03,7.642710062953212563e-03,5.969846049416201172e-02,0.000000000000000000e+00,7.298970159207252006e-02,0.000000000000000000e+00,1.612915278519556350e-01,0.000000000000000000e+00,0.000000000000000000e+00,1.531428581214621942e-01,9.819394162256518677e-02,0.000000000000000000e+00,0.000000000000000000e+00,0.000000000000000000e+00,0.000000000000000000e+00,6.867863672375532080e-03,1.769034422281801078e-01,0.000000000000000000e+00,2.909985630127696205e-02,0.000000000000000000e+00,0.000000000000000000e+00,0.000000000000000000e+00,1.059611085366147093e-01,0.000000000000000000e+00,0.000000000000000000e+00,4.194819961220132287e-02,0.000000000000000000e+00,0.000000000000000000e+00,0.000000000000000000e+00,1.343436477459737932e-01,0.000000000000000000e+00,0.000000000000000000e+00,5.952797570414579409e-02,2.883303821897669622e-02,1.022608074996287919e-01,4.439377795138425842e-02,0.000000000000000000e+00,7.311917568030007475e-02,0.000000000000000000e+00,0.000000000000000000e+00,4.606495443644427999e-03,1.441893926024122585e-01,0.000000000000000000e+00,9.376087088268760319e-03,0.000000000000000000e+00,0.000000000000000000e+00,0.000000000000000000e+00,8.220644620666081592e-02,1.077161518165296178e-02
0.000000000000000000e+00,2.488124363673309136e-01,1.938273294361310128e-01,0.000000000000000000e+00,0.000000000000000000e+00,9.442246063567123759e-02,0.000000000000000000e+00,2.072756225724242396e-01,9.711524778570466976e-02,0.000000000000000000e+00,2.592135042260982902e-01,0.000000000000000000e+00,0.000000000000000000e+00,0.000000000000000000e+00,0.000000000000000000e+00,0.000000000000000000e+00,2.539022766030166189e-01,0.000000000000000000e+00,1.032160221914788477e-03,0.000000000000000000e+00,0.000000000000000000e+00,0.000000000000000000e+00,0.000000000000000000e+00,0.000000000000000000e+00,7.106426360689209465e-02,0.000000000000000000e+00,1.558063745466017891e-01,7.142725745362413226e-03,0.000000000000000000e+00,0.000000000000000000e+00,1.032160221914788477e-03,1.169253619093844204e-01,2.079593255185644557e-02,0.000000000000000000e+00,7.769984850107207464e-02,6.392515105984443446e-02,1.600254963434559197e-01,0.000000000000000000e+00,1.746539432967390559e-01,0.000000000000000000e+00,1.434151401560667359e-02,2.065300204326703248e-01,0.000000000000000000e+00,1.828976788899460970e-01,2.322088122297394086e-01,3.014198624686789674e-01,2.921257396723111466e-01,0.000000000000000000e+00,0.000000000000000000e+00,0.000000000000000000e+00,0.000000000000000000e+00,0.000000000000000000e+00,0.000000000000000000e+00,0.000000000000000000e+00,0.000000000000000000e+00,1.042295131535693337e-01,0.000000000000000000e+00,0.000000000000000000e+00,1.318141923149698108e-02,1.030590411955579766e-01,0.000000000000000000e+00,0.000000000000000000e+00,7.985302632300905756e-02,1.394580030035106610e-01,0.000000000000000000e+00,1.283858452372816372e-01,8.383421725618567244e-02,0.000000000000000000e+00,1.491643778017504030e-02,1.779534093047416554e-01,0.000000000000000000e+00,1.401199111865741309e-01,0.000000000000000000e+00,0.000000000000000000e+00,5.886922738894964646e-02,1.573879486010943130e-01,0.000000000000000000e+00,0.000000000000000000e+00,0.000000000000000000e+00,0.000000000000000000e+00,0.000000000000000000e+00,1.067280601558436154e-01,7.445243775529093722e-02,0.000000000000000000e+00,1.315152957530920097e-01,2.679431711617294778e-02,0.000000000000000000e+00,0.000000000000000000e+00,1.107304448306679623e-01,2.397421389334935260e-01,6.117333217161607939e-02,0.000000000000000000e+00,6.408816697671668172e-02,0.000000000000000000e+00,0.000000000000000000e+00,1.456139738245705931e-02,0.000000000000000000e+00,1.749972028702656557e-02,1.716903166518887747e-03,0.000000000000000000e+00
2.206973429438203460e-01,8.424098075260538776e-02,0.000000000000000000e+00,5.113935073082849503e-02,0.000000000000000000e+00,0.000000000000000000e+00,8.026699902963330135e-02,1.890125501991636869e-01,0.000000000000000000e+00,1.148368006331975527e-01,0.000000000000000000e+00,0.000000000000000000e+00,4.980101687571754365e-02,5.226189183858092474e-02,0.000000000000000000e+00,0.000000000000000000e+00,0.000000000000000000e+00,0.000000000000000000e+00,0.000000000000000000e+00,2.773504637633582570e-01,3.386785587432945832e-02,1.307848612733384652e-01,5.843834229391473706e-02,0.000000000000000000e+00,0.000000000000000000e+00,0.000000000000000000e+00,0.000000000000000000e+00,0.000000000000000000e+00,0.000000000000000000e+00,0.000000000000000000e+00,0.000000000000000000e+00,0.000000000000000000e+00,2.904565742714158849e-03,1.464920274272962508e-01,1.225115557608301153e-01,0.000000000000000000e+00,1.557265248886011699e-01,0.000000000000000000e+00,1.821215300945817628e-01,1.648632582786657419e-01,0.000000000000000000e+00,1.595882606125265668e-01,9.268435223212205532e-02,1.136025123923316976e-01,9.694977711376917551e-02,0.000000000000000000e+00,0.000000000000000000e+00,0.000000000000000000e+00,0.000000000000000000e+00,1.234787938754555447e-01,7.776803074265942195e-02,0.000000000000000000e+00,0.000000000000000000e+00,4.765404771630347980e-02,0.000000000000000000e+00,0.000000000000000000e+00,0.000000000000000000e+00,4.859537812291218895e-02,4.717949425286048493e-02,0.000000000000000000e+00,1.546952497562636974e-01,6.684693071383744634e-02,0.000000000000000000e+00,0.000000000000000000e+00,0.000000000000000000e+00,0.000000000000000000e+00,1.523870597397966042e-01,1.539594073039504130e-01,0.000000000000000000e+00,0.000000000000000000e+00,3.284608529973430391e-02,0.000000000000000000e+00,1.980313302526355845e-01,7.565264966003464042e-02,9.444588207520208945e-02,0.000000000000000000e+00,4.656785998235404844e-02,0.000000000000000000e+00,2.251073026843340430e-01,0.000000000000000000e+00,0.000000000000000000e+00,1.816082451883051230e-02,0.000000000000000000e+00,6.599497695158720867e-02,0.000000000000000000e+00,0.000000000000000000e+00,0.000000000000000000e+00,7.995213875836640338e-02,0.000000000000000000e+00,0.000000000000000000e+00,1.953816829475690450e-02,4.631412356020142562e-02,0.000000000000000000e+00,2.348875490145004019e-02,1.406227544795613238e-01,0.000000000000000000e+00,0.000000000000000000e+00,0.000000000000000000e+00,1.336994673111381593e-01,3.951355449588137003e-02
1.116829494540109297e-01,0.000000000000000000e+00,5.939071528544206391e-01,3.958975373630067851e-03,1.643488390968548540e-01,0.000000000000000000e+00,0.000000000000000000e+00,0.000000000000000000e+00,4.971444205092087620e-01,1.731848057315543143e-01,2.575049422442555330e-02,0.000000000000000000e+00,0.000000000000000000e+00,0.000000000000000000e+00,2.539022766030166189e-01,0.000000000000000000e+00,0.000000000000000000e+00,0.000000000000000000e+00,0.000000000000000000e+00,2.738660465511524172e-02,1.491930975599167937e-02,0.000000000000000000e+00,0.000000000000000000e+00,0.000000000000000000e+00,1.089912972916322331e-01,1.165184995941956070e-01,2.506619183680060536e-01,1.532213691935878919e-01,0.000000000000000000e+00,0.000000000000000000e+00,0.000000000000000000e+00,0.000000000000000000e+00,3.703792412391807010e-02,0.000000000000000000e+00,1.450834482676556514e-01,2.556812603827833263e-01,1.208535384728514073e-01,7.802692284943701928e-02,0.000000000000000000e+00,0.000000000000000000e+00,1.153945308896049959e-01,0.000000000000000000e+00,0.000000000000000000e+00,0.000000000000000000e+00,0.000000000000000000e+00,5.530742204214973423e-01,6.472866405239254828e-01,5.289606320477548140e-02,0.000000000000000000e+00,0.000000000000000000e+00,0.000000000000000000e+00,0.000000000000000000e+00,1.546890982345486276e-01,0.000000000000000000e+00,0.000000000000000000e+00,0.000000000000000000e+00,1.738324299981303805e-02,7.995458596217679126e-02,4.898433507666970221e-02,1.995007293880023680e-01,0.000000000000000000e+00,0.000000000000000000e+00,2.985179675208071703e-02,1.546440625122998645e-02,0.000000000000000000e+00,2.585115226955572026e-02,1.417417293883019846e-01,1.548943298730826035e-01,2.006012009348972225e-01,1.932199245428838918e-01,0.000000000000000000e+00,8.486371693364307134e-02,0.000000000000000000e+00,0.000000000000000000e+00,7.401734228065767751e-02,2.009015539456140420e-01,2.431794137462787997e-02,3.423911259735776258e-02,0.000000000000000000e+00,4.970093914337362501e-02,0.000000000000000000e+00,1.326971263275000257e-01,4.338301334513294805e-03,1.960795027144465741e-02,4.822717139854240664e-02,0.000000000000000000e+00,3.436251117054234944e-02,0.000000000000000000e+00,8.175836747220616152e-02,5.612300574470189402e-02,4.064140407017573231e-03,0.000000000000000000e+00,0.000000000000000000e+00,6.643267364315276480e-02,0.000000000000000000e+00,0.000000000000000000e+00,5.004721892861983129e-02,0.000000000000000000e+00,0.000000000000000000e+00,3.029486454678062546e-01
0.000000000000000000e+00,1.336492920066367773e-01,1.073560145753102435e-02,0.000000000000000000e+00,1.305299459281006602e-01,0.000000000000000000e+00,0.000000000000000000e+00,0.000000000000000000e+00,4.059055092355350058e-02,0.000000000000000000e+00,0.000000000000000000e+00,0.000000000000000000e+00,0.000000000000000000e+00,8.236187098048253219e-02,0.000000000000000000e+00,0.000000000000000000e+00,0.000000000000000000e+00,0.000000000000000000e+00,0.000000000000000000e+00,3.252541575090810849e-02,0.000000000000000000e+00,7.154943956669192195e-03,0.000000000000000000e+00,1.687284953023141243e-01,5.061158115893738679e-02,0.000000000000000000e+00,0.000000000000000000e+00,0.000000000000000000e+00,0.000000000000000000e+00,1.000000000000000000e+00,0.000000000000000000e+00,1.745496264644355311e-01,0.000000000000000000e+00,3.236225110994773724e-01,1.884397835655964581e-01,0.000000000000000000e+00,0.000000000000000000e+00,1.615301287559299803e-01,0.000000000000000000e+00,0.000000000000000000e+00,0.000000000000000000e+00,0.000000000000000000e+00,0.000000000000000000e+00,8.034603156137354318e-02,2.621771861915206392e-01,0.000000000000000000e+00,8.974815482887421592e-02,0.000000000000000000e+00,0.000000000000000000e+00,2.576917303201607945e-01,2.689074893837457847e-02,1.881170733457503824e-02,0.000000000000000000e+00,7.718056442387127847e-02,0.000000000000000000e+00,0.000000000000000000e+00,0.000000000000000000e+00,8.258600206273511435e-02,0.000000000000000000e+00,0.000000000000000000e+00,0.000000000000000000e+00,0.000000000000000000e+00,3.881665255511543289e-02,0.000000000000000000e+00,1.859257997484598801e-01,7.657676904821289487e-03,0.000000000000000000e+00,0.000000000000000000e+00,4.188901330366435333e-02,0.000000000000000000e+00,0.000000000000000000e+00,0.000000000000000000e+00,3.929096139144449412e-03,0.000000000000000000e+00,0.000000000000000000e+00,3.890631891202192549e-02,8.168297499068138956e-02,0.000000000000000000e+00,0.000000000000000000e+00,1.102459361927500964e-01,0.000000000000000000e+00,1.049620481204579098e-01,2.568313696844073957e-02,0.000000000000000000e+00,0.000000000000000000e+00,0.000000000000000000e+00,6.542617426686317406e-02,1.628701602411532917e-02,0.000000000000000000e+00,0.000000000000000000e+00,1.292298937073755316e-01,0.000000000000000000e+00,3.083352655880611248e-02,6.068044907973466073e-02,7.667946533719353919e-02,0.000000000000000000e+00,1.021339856230975007e-01,7.535831262410980225e-02,2.543422263815028894e-03,0.000000000000000000e+00
0.000000000000000000e+00,1.842589090927506668e-01,0.000000000000000000e+00,3.715862000066810084e-02,7.189757253600084774e-02,1.019178502710588463e-01,2.835814770602937407e-01,0.000000000000000000e+00,0.000000000000000000e+00,8.807235260207470218e-02,1.157804067458506891e-01,7.425089453918189142e-02,1.949224695225685589e-01,0.000000000000000000e+00,1.032160221914788477e-03,0.000000000000000000e+00,0.000000000000000000e+00,0.000000000000000000e+00,0.000000000000000000e+00,0.000000000000000000e+00,5.972313423882738559e-02,8.993188439257648881e-02,0.000000000000000000e+00,0.000000000000000000e+00,8.251487937967573461e-02,8.535943309128876666e-02,0.000000000000000000e+00,1.394959537034746733e-01,1.773595230763265473e-02,0.000000000000000000e+00,9.999999999999997780e-01,5.574089183043227924e-02,8.920916499880054973e-03,7.108352970342775301e-02,0.000000000000000000e+00,0.000000000000000000e+00,0.000000000000000000e+00,0.000000000000000000e+00,0.000000000000000000e+00,1.409524655916520319e-01,1.056435276546735524e-02,5.184495984608104846e-02,1.321917405339093632e-01,1.603319875379799198e-01,9.365196303078382467e-02,0.000000000000000000e+00,0.000000000000000000e+00,0.000000000000000000e+00,2.024110253076787935e-01,0.000000000000000000e+00,1.833920391907891967e-01,0.000000000000000000e+00,8.430085344620691368e-02,1.269841183172524396e-02,1.427022272867941033e-01,3.233122395834260587e-02,0.000000000000000000e+00,0.000000000000000000e+00,4.496694691717832010e-02,0.000000000000000000e+00,0.000000000000000000e+00,0.000000000000000000e+00,7.349724826440154346e-02,7.712788841038374643e-02,1.038196378191600239e-01,1.036429049000643643e-02,9.132195397503961587e-02,0.000000000000000000e+00,0.000000000000000000e+00,0.000000000000000000e+00,8.630586940301361934e-03,0.000000000000000000e+00,2.132090828619759293e-02,0.000000000000000000e+00,0.000000000000000000e+00,1.311092218513160157e-01,0.000000000000000000e+00,7.305818206392339365e-03,1.872218085443390356e-03,1.125232466051795249e-01,4.734318699409800768e-02,8.387295035023431544e-02,1.029943422737118475e-01,9.947948669523740128e-03,1.256004381240136691e-01,9.755933200929584048e-02,1.356861897879600432e-01,0.000000000000000000e+00,0.000000000000000000e+00,0.000000000000000000e+00,1.192855950701540713e-02,1.489179624401345547e-01,0.000000000000000000e+00,4.619903030635551244e-02,0.000000000000000000e+00,0.000000000000000000e+00,0.000000000000000000e+00,3.522631100274474514e-03,1.356571509149295807e-02,0.000000000000000000e+00
2.536105037027232556e-01,1.969722377086722820e-01,1.367544481035184167e-01,2.460759530916245275e-01,1.494244705274951346e-01,1.390481226308741269e-01,0.000000000000000000e+00,0.000000000000000000e+00,1.375927791521343313e-01,2.414922684593821256e-01,7.111034594055314073e-02,1.721927548460574775e-01,0.000000000000000000e+00,0.000000000000000000e+00,0.000000000000000000e+00,2.773504637633582570e-01,2.738660465511524172e-02,3.252541575090810849e-02,0.000000000000000000e+00,0.000000000000000000e+00,0.000000000000000000e+00,8.063913308001123548e-02,1.123419542415660943e-01,1.411270560417471065e-01,0.000000000000000000e+00,4.565486050216041591e-02,0.000000000000000000e+00,0.000000000000000000e+00,3.268921784624594790e-02,3.252541575090810849e-02,0.000000000000000000e+00,0.000000000000000000e+00,0.000000000000000000e+00,9.143016107644895418e-02,0.000000000000000000e+00,4.532725813693438272e-02,8.429095863650107323e-02,3.719639361732976490e-02,8.763125619373796082e-02,1.581161466483960165e-01,0.000000000000000000e+00,1.318669696718149098e-01,0.000000000000000000e+00,0.000000000000000000e+00,1.952667310399355260e-01,2.435362904692691538e-02,5.544101455756172969e-02,3.893397387757435713e-02,2.180405646365073113e-02,0.000000000000000000e+00,0.000000000000000000e+00,0.000000000000000000e+00,2.825534273009262798e-02,1.556954911993115309e-01,2.915805418919179687e-02,3.258876692982055900e-02,0.000000000000000000e+00,1.160127670621729501e-01,1.673142200328063198e-02,1.187877793348683826e-02,0.000000000000000000e+00,7.075148829859537192e-02,0.000000000000000000e+00,0.000000000000000000e+00,0.000000000000000000e+00,0.000000000000000000e+00,1.860389708170256950e-02,5.041669486691047197e-02,0.000000000000000000e+00,0.000000000000000000e+00,1.170070135016112040e-01,0.000000000000000000e+00,3.116843148862968871e-02,1.612862395189722936e-02,5.920108200306981039e-02,0.000000000000000000e+00,0.000000000000000000e+00,4.075181252278234356e-02,1.718260529900668965e-01,0.000000000000000000e+00,0.000000000000000000e+00,6.420372940089159874e-02,0.000000000000000000e+00,0.000000000000000000e+00,0.000000000000000000e+00,0.000000000000000000e+00,0.000000000000000000e+00,0.000000000000000000e+00,0.000000000000000000e+00,8.320696982903014183e-02,2.630158477914690610e-02,2.009926523388286812e-01,0.000000000000000000e+00,6.864486068651519390e-02,1.643455171684111427e-01,1.559069442943058353e-02,0.000000000000000000e+00,1.652167383168976766e-01,6.726925572690600763e-02,3.195977305298070559e-01
2.100422109872374377e-01,1.112287469003998830e-02,0.000000000000000000e+00,1.814632565706432166e-01,0.000000000000000000e+00,0.000000000000000000e+00,0.000000000000000000e+00,0.000000000000000000e+00,1.343830880045385895e-02,9.523127255356465815e-02,0.000000000000000000e+00,0.000000000000000000e+00,3.374347954380452035e-03,0.000000000000000000e+00,0.000000000000000000e+00,3.386785587432945832e-02,1.491930975599167937e-02,0.000000000000000000e+00,5.972313423882738559e-02,0.000000000000000000e+00,0.000000000000000000e+00,1.590885629075977636e-01,1.908711178689231902e-02,7.554599835159139798e-02,0.000000000000000000e+00,1.427593874038963484e-01,0.000000000000000000e+00,0.000000000000000000e+00,0.000000000000000000e+00,0.000000000000000000e+00,5.972313423882738559e-02,0.000000000000000000e+00,2.314668355555843035e-02,4.570415366599177992e-02,1.199212969048955579e-01,3.739325693123685124e-03,9.146898910057084386e-02,6.978228209222123168e-02,1.538991436024388371e-01,0.000000000000000000e+00,0.000000000000000000e+00,0.000000000000000000e+00,1.167480807459254366e-01,0.000000000000000000e+00,0.000000000000000000e+00,0.000000000000000000e+00,0.000000000000000000e+00,0.000000000000000000e+00,0.000000000000000000e+00,0.000000000000000000e+00,0.000000000000000000e+00,0.000000000000000000e+00,1.412421914761653186e-01,6.920712052904393410e-03,9.026807759922708674e-02,2.230791360443570154e-02,1.491991160267311378e-03,0.000000000000000000e+00,2.483842578665993589e-02,0.000000000000000000e+00,0.000000000000000000e+00,0.000000000000000000e+00,7.527931203197345267e-02,3.083425830078413699e-02,1.553028458398063305e-01,0.000000000000000000e+00,2.982026226824909254e-01,9.389883608648758040e-02,1.225780756018040873e-01,2.760489688803895864e-02,2.669265005312154715e-02,4.503361959540207876e-02,9.989642174977467204e-02,4.556799576226248927e-02,1.459851449469484752e-01,5.961950085691468393e-02,0.000000000000000000e+00,1.275318156176936668e-01,3.448383321361819798e-02,6.138464896227214390e-02,0.000000000000000000e+00,0.000000000000000000e+00,0.000000000000000000e+00,0.000000000000000000e+00,0.000000000000000000e+00,0.000000000000000000e+00,2.728567695597373596e-02,7.501051133043051822e-02,0.000000000000000000e+00,0.000000000000000000e+00,8.958148595562824557e-02,3.636621652220537598e-02,1.281164269160756791e-02,0.000000000000000000e+00,1.060710594021923719e-01,1.049425383584026150e-01,0.000000000000000000e+00,1.076791361548824766e-02,0.000000000000000000e+00,9.794607428116747228e-02
8.330783117483098188e-02,0.000000000000000000e+00,1.251997239711677423e-01,4.582671742947933696e-02,1.788813531851096150e-01,0.000000000000000000e+00,0.000000000000000000e+00,0.000000000000000000e+00,6.914764948005389100e-02,1.058287822372395715e-01,0.000000000000000000e+00,0.000000000000000000e+00,2.146510585036984220e-02,0.000000000000000000e+00,0.000000000000000000e+00,1.307848612733384652e-01,0.000000000000000000e+00,7.154943956669192195e-03,8.993188439257648881e-02,8.063913308001123548e-02,1.590885629075977636e-01,0.000000000000000000e+00,3.962592923904015296e-02,0.000000000000000000e+00,1.391282288412591939e-01,5.053361091007442518e-02,0.000000000000000000e+00,1.653318533641856894e-02,0.000000000000000000e+00,7.154943956669192195e-03,8.993188439257648881e-02,9.023543648188091931e-03,4.788681243242566554e-02,1.603109697054188598e-01,1.028707554687283421e-01,1.649016713208124041e-01,0.000000000000000000e+00,0.000000000000000000e+00,0.000000000000000000e+00,0.000000000000000000e+00,2.630440087603913915e-02,0.000000000000000000e+00,9.706813962099623827e-03,0.000000000000000000e+00,0.000000000000000000e+00,1.097965861472416649e-01,8.634482286947388341e-02,0.000000000000000000e+00,0.000000000000000000e+00,0.000000000000000000e+00,1.100110494672697503e-01,5.466576367729368557e-03,3.963443967921025102e-04,1.303689339987049722e-01,1.292791253800169848e-01,0.000000000000000000e+00,5.048146930623158279e-03,6.244522111612346715e-03,1.216699889355922076e-01,1.062910364795380397e-01,0.000000000000000000e+00,0.000000000000000000e+00,0.000000000000000000e+00,0.000000000000000000e+00,5.615879960533508991e-02,1.094152048327031723e-01,8.881461416409969223e-03,0.000000000000000000e+00,1.554817103791360788e-01,0.000000000000000000e+00,0.000000000000000000e+00,0.000000000000000000e+00,0.000000000000000000e+00,2.303310320601058281e-02,0.000000000000000000e+00,0.000000000000000000e+00,5.236568735851699491e-02,6.591348168638587468e-02,1.101595658232676217e-01,2.842355346905132973e-02,6.617542560394082396e-02,3.757290888130446291e-03,0.000000000000000000e+00,1.852228880666517349e-02,0.000000000000000000e+00,0.000000000000000000e+00,0.000000000000000000e+00,9.379051878794344987e-02,0.000000000000000000e+00,0.000000000000000000e+00,1.547412489508056543e-01,6.851470428674627522e-02,0.000000000000000000e+00,1.083624275986354996e-01,2.448353278936058475e-01,6.001573395895382079e-02,0.000000000000000000e+00,1.302534901473620388e-02,1.408578345777719565e-02,6.014394556419667970e-02
3.205375418413197730e-01,0.000000000000000000e+00,0.000000000000000000e+00,2.290414208338256707e-01,0.000000000000000000e+00,0.000000000000000000e+00,1.249535737191122819e-01,2.268246173472334565e-02,0.000000000000000000e+00,2.566564558958139841e-01,0.000000000000000000e+00,0.000000000000000000e+00,0.000000000000000000e+00,0.000000000000000000e+00,0.000000000000000000e+00,5.843834229391473706e-02,0.000000000000000000e+00,0.000000000000000000e+00,0.000000000000000000e+00,1.123419542415660943e-01,1.908711178689231902e-02,3.962592923904015296e-02,0.000000000000000000e+00,1.571513926476620360e-01,0.000000000000000000e+00,2.159893819525360581e-01,2.960293858776895382e-02,0.000000000000000000e+00,0.000000000000000000e+00,0.000000000000000000e+00,0.000000000000000000e+00,0.000000000000000000e+00,2.481616962611784827e-01,9.078865369540986552e-03,4.732680479636278137e-03,0.000000000000000000e+00,6.239527056213410583e-03,6.869816655072830125e-03,7.627935968196433714e-02,2.160800092291181307e-01,0.000000000000000000e+00,1.171403977575754540e-01,2.301112011060286316e-02,0.000000000000000000e+00,0.000000000000000000e+00,0.000000000000000000e+00,0.000000000000000000e+00,0.000000000000000000e+00,0.000000000000000000e+00,1.032996977792709214e-01,4.720209299986952850e-02,0.000000000000000000e+00,0.000000000000000000e+00,0.000000000000000000e+00,0.000000000000000000e+00,6.381712705255905560e-02,1.238313022998972501e-01,0.000000000000000000e+00,0.000000000000000000e+00,0.000000000000000000e+00,0.000000000000000000e+00,1.121594757805646769e-01,0.000000000000000000e+00,6.833286899682475268e-02,7.353680872394377510e-02,0.000000000000000000e+00,0.000000000000000000e+00,8.845954902043591528e-02,0.000000000000000000e+00,0.000000000000000000e+00,1.418087307633859873e-01,0.000000000000000000e+00,4.489750316806236097e-02,5.014583289847052844e-02,6.377231320924761637e-02,0.000000000000000000e+00,0.000000000000000000e+00,0.000000000000000000e+00,1.341905389346148558e-01,0.000000000000000000e+00,8.761957271185821794e-02,0.000000000000000000e+00,3.201047079932739514e-02,0.000000000000000000e+00,0.000000000000000000e+00,0.000000000000000000e+00,0.000000000000000000e+00,8.694774259241942749e-02,0.000000000000000000e+00,0.000000000000000000e+00,3.141283709693711013e-02,3.328517934005482959e-02,0.000000000000000000e+00,0.000000000000000000e+00,1.952785676385394020e-01,1.431222497640015912e-01,0.000000000000000000e+00,7.361240530474691401e-02,0.000000000000000000e+00,8.817218892186534651e-02
8.554763298847747888e-02,0.000000000000000000e+00,0.000000000000000000e+00,2.238156709665089367e-02,2.076317597267798853e-03,2.123945984076338334e-01,1.379988914793365551e-01,0.000000000000000000e+00,0.000000000000000000e+00,1.433719075506338647e-01,2.686819485615112024e-02,1.805515522807267237e-01,2.464707274466163556e-01,1.445127620775582267e-01,0.000000000000000000e+00,0.000000000000000000e+00,0.000000000000000000e+00,1.687284953023141243e-01,0.000000000000000000e+00,1.411270560417471065e-01,7.554599835159139798e-02,0.000000000000000000e+00,1.571513926476620360e-01,0.000000000000000000e+00,0.000000000000000000e+00,2.942979317805476808e-02,4.444151443349404068e-02,0.000000000000000000e+00,7.177354111463053743e-02,1.687284953023141243e-01,0.000000000000000000e+00,0.000000000000000000e+00,8.016099087666572753e-02,0.000000000000000000e+00,0.000000000000000000e+00,0.000000000000000000e+00,0.000000000000000000e+00,0.000000000000000000e+00,0.000000000000000000e+00,0.000000000000000000e+00,0.000000000000000000e+00,0.000000000000000000e+00,2.261089184335617064e-01,0.000000000000000000e+00,0.000000000000000000e+00,0.000000000000000000e+00,0.000000000000000000e+00,1.502324673878387140e-01,2.088007532137345357e-01,0.000000000000000000e+00,0.000000000000000000e+00,0.000000000000000000e+00,0.000000000000000000e+00,3.805670732477110796e-02,1.329737579805246039e-01,1.727680608798312090e-01,1.432145162558956519e-01,0.000000000000000000e+00,0.000000000000000000e+00,1.820986566046066402e-01,0.000000000000000000e+00,2.619173810700034521e-02,0.000000000000000000e+00,0.000000000000000000e+00,4.483314144342295110e-02,0.000000000000000000e+00,0.000000000000000000e+00,0.000000000000000000e+00,1.005972856776652172e-02,0.000000000000000000e+00,6.204018208865495765e-02,1.210962116087846707e-01,0.000000000000000000e+00,0.000000000000000000e+00,0.000000000000000000e+00,0.000000000000000000e+00,1.176966913863435570e-02,3.405947875188119339e-02,0.000000000000000000e+00,0.000000000000000000e+00,1.087923976830111883e-01,5.767604535741825689e-02,0.000000000000000000e+00,0.000000000000000000e+00,0.000000000000000000e+00,0.000000000000000000e+00,0.000000000000000000e+00,5.682063189621330140e-03,1.391149885048550416e-01,0.000000000000000000e+00,0.000000000000000000e+00,2.093365532823353581e-01,3.963903065469630976e-02,0.000000000000000000e+00,2.536519549292463593e-01,1.894480933217028429e-02,9.878284366368328406e-02,1.611576274478294241e-02,3.175780535243234726e-02,1.859180378194539851e-01
0.000000000000000000e+00,0.000000000000000000e+00,7.951206428903409562e-02,1.101899555682175069e-01,1.224053068835904423e-01,0.000000000000000000e+00,0.000000000000000000e+00,0.000000000000000000e+00,1.094297685466337627e-01,0.000000000000000000e+00,9.896531880469876252e-02,6.608127790193997486e-02,0.000000000000000000e+00,0.000000000000000000e+00,7.106426360689209465e-02,0.000000000000000000e+00,1.089912972916322331e-01,5.061158115893738679e-02,8.251487937967573461e-02,0.000000000000000000e+00,0.000000000000000000e+00,1.391282288412591939e-01,0.000000000000000000e+00,0.000000000000000000e+00,0.000000000000000000e+00,0.000000000000000000e+00,5.991892724037645168e-02,2.597187894167491407e-01,0.000000000000000000e+00,5.061158115893738679e-02,8.251487937967573461e-02,0.000000000000000000e+00,2.258788252125469923e-02,2.587368414228985794e-02,0.000000000000000000e+00,1.038353384080295538e-01,0.000000000000000000e+00,1.469905411375900528e-01,0.000000000000000000e+00,0.000000000000000000e+00,1.231140301251432562e-01,0.000000000000000000e+00,0.000000000000000000e+00,0.000000000000000000e+00,0.000000000000000000e+00,1.351824322300415951e-02,2.048351209238246096e-01,7.659723805908855154e-02,9.287190580448459465e-02,0.000000000000000000e+00,0.000000000000000000e+00,2.730848844358960137e-02,4.240468413167624434e-02,1.725560916486216789e-01,0.000000000000000000e+00,0.000000000000000000e+00,1.102532582278687723e-01,0.000000000000000000e+00,0.000000000000000000e+00,8.432178221747492486e-02,0.000000000000000000e+00,0.000000000000000000e+00,1.671440797019601021e-01,5.487358658713916565e-02,0.000000000000000000e+00,1.960878560855982278e-01,0.000000000000000000e+00,8.775607847491148639e-02,1.520077504083176545e-01,0.000000000000000000e+00,0.000000000000000000e+00,2.867695323645451377e-02,4.630039278364082161e-02,0.000000000000000000e+00,0.000000000000000000e+00,1.976224335455575298e-01,5.111449843341508981e-02,0.000000000000000000e+00,1.729400962381533180e-02,0.000000000000000000e+00,7.569716791145567059e-02,7.863437646577603468e-02,8.621980673823032015e-02,5.133926703040261191e-02,0.000000000000000000e+00,1.084780919707465860e-02,1.660739194640019900e-01,0.000000000000000000e+00,3.055188878839894262e-02,1.380064400659533272e-02,7.040145967533148474e-02,0.000000000000000000e+00,0.000000000000000000e+00,8.726481679797390423e-02,0.000000000000000000e+00,0.000000000000000000e+00,1.031372067799475253e-02,0.000000000000000000e+00,7.312233014725437463e-02,7.408516240507564965e-02
2.162760409189752597e-01,0.000000000000000000e+00,8.896104270392060642e-02,2.151262468927128135e-01,0.000000000000000000e+00,1.057686523767893405e-01,0.000000000000000000e+00,0.000000000000000000e+00,0.000000000000000000e+00,3.727483344461600678e-01,5.878044295621337456e-02,2.091565353146663808e-01,2.059431174040860651e-02,0.000000000000000000e+00,0.000000000000000000e+00,0.000000000000000000e+00,1.165184995941956070e-01,0.000000000000000000e+00,8.535943309128876666e-02,4.565486050216041591e-02,1.427593874038963484e-01,5.053361091007442518e-02,2.159893819525360581e-01,2.942979317805476808e-02,0.000000000000000000e+00,0.000000000000000000e+00,0.000000000000000000e+00,9.960513168177477505e-02,1.258633043971090770e-01,0.000000000000000000e+00,8.535943309128876666e-02,0.000000000000000000e+00,1.000835639118242831e-01,0.000000000000000000e+00,0.000000000000000000e+00,1.340675390797444466e-01,4.022617886647399110e-02,0.000000000000000000e+00,1.422500107372862144e-01,1.456554213248002771e-01,7.062384219366253657e-02,0.000000000000000000e+00,1.188963830570182456e-01,0.000000000000000000e+00,0.000000000000000000e+00,7.644025000365739508e-02,0.000000000000000000e+00,1.888673961040546884e-02,2.536557760740250078e-01,0.000000000000000000e+00,0.000000000000000000e+00,0.000000000000000000e+00,0.000000000000000000e+00,5.140880633293309909e-02,1.717682721420753789e-01,3.743432546702302188e-02,0.000000000000000000e+00,5.595106262221788418e-03,1.109010038569619716e-01,0.000000000000000000e+00,0.000000000000000000e+00,1.393037286405228170e-01,0.000000000000000000e+00,0.000000000000000000e+00,0.000000000000000000e+00,0.000000000000000000e+00,7.970820949251626597e-02,1.391481924177121743e-01,0.000000000000000000e+00,8.339594336424657750e-03,1.156874946608143634e-01,0.000000000000000000e+00,0.000000000000000000e+00,4.286564220726778174e-02,8.604175744426696693e-02,0.000000000000000000e+00,0.000000000000000000e+00,9.125236061598047954e-03,0.000000000000000000e+00,2.290045404431649556e-02,1.747947144789170071e-01,0.000000000000000000e+00,0.000000000000000000e+00,0.000000000000000000e+00,1.410941930015934334e-02,0.000000000000000000e+00,2.375252552682909080e-02,0.000000000000000000e+00,6.100246956298864542e-02,3.593863189479752640e-02,0.000000000000000000e+00,0.000000000000000000e+00,0.000000000000000000e+00,1.057035952142350160e-01,7.866252158083500423e-02,2.258171803543209122e-01,0.000000000000000000e+00,0.000000000000000000e+00,0.000000000000000000e+00,1.759412472228684132e-01
0.000000000000000000e+00,0.000000000000000000e+00,2.237676357748696609e-01,1.076175293543357725e-01,0.000000000000000000e+00,0.000000000000000000e+00,0.000000000000000000e+00,0.000000000000000000e+00,1.990919033623210210e-01,0.000000000000000000e+00,0.000000000000000000e+00,4.665725116259476779e-02,0.000000000000000000e+00,0.000000000000000000e+00,1.558063745466017891e-01,0.000000000000000000e+00,2.506619183680060536e-01,0.000000000000000000e+00,0.000000000000000000e+00,0.000000000000000000e+00,0.000000000000000000e+00,0.000000000000000000e+00,2.960293858776895382e-02,4.444151443349404068e-02,5.991892724037645168e-02,0.000000000000000000e+00,0.000000000000000000e+00,0.000000000000000000e+00,1.173255906862390868e-01,0.000000000000000000e+00,0.000000000000000000e+00,0.000000000000000000e+00,5.325079534057163000e-02,0.000000000000000000e+00,6.442127684219747796e-02,0.000000000000000000e+00,0.000000000000000000e+00,1.882152232660826152e-01,0.000000000000000000e+00,4.954780801435313548e-02,0.000000000000000000e+00,0.000000000000000000e+00,0.000000000000000000e+00,0.000000000000000000e+00,0.000000000000000000e+00,5.496736395123966168e-02,2.537165011764476175e-01,2.241389199304045510e-01,0.000000000000000000e+00,4.561608640731951853e-02,0.000000000000000000e+00,1.016351692980092813e-01,1.848030044074219225e-01,0.000000000000000000e+00,0.000000000000000000e+00,0.000000000000000000e+00,2.252767936632306400e-01,1.090316489493229624e-01,0.000000000000000000e+00,0.000000000000000000e+00,0.000000000000000000e+00,1.800555446069219620e-02,1.479813474612858004e-02,0.000000000000000000e+00,0.000000000000000000e+00,0.000000000000000000e+00,0.000000000000000000e+00,0.000000000000000000e+00,1.347600519627161972e-02,8.435497956126580821e-02,0.000000000000000000e+00,0.000000000000000000e+00,0.000000000000000000e+00,7.169764019732974281e-03,2.277538336064036384e-01,1.107697704087490798e-01,1.014174197926694249e-01,0.000000000000000000e+00,0.000000000000000000e+00,0.000000000000000000e+00,2.364399247058127096e-03,1.766203124493104237e-03,0.000000000000000000e+00,0.000000000000000000e+00,2.462200148682869294e-03,0.000000000000000000e+00,0.000000000000000000e+00,1.403913492784147343e-01,1.095865732737249659e-01,5.327313359562528550e-02,5.019707200181089402e-02,0.000000000000000000e+00,0.000000000000000000e+00,0.000000000000000000e+00,0.000000000000000000e+00,0.000000000000000000e+00,0.000000000000000000e+00,0.000000000000000000e+00,0.000000000000000000e+00,1.014836323015168851e-01
0.000000000000000000e+00,0.000000000000000000e+00,0.000000000000000000e+00,0.000000000000000000e+00,0.000000000000000000e+00,0.000000000000000000e+00,0.000000000000000000e+00,9.961850665934218751e-04,0.000000000000000000e+00,0.000000000000000000e+00,0.000000000000000000e+00,0.000000000000000000e+00,1.254568480365388927e-01,0.000000000000000000e+00,7.142725745362413226e-03,0.000000000000000000e+00,1.532213691935878919e-01,0.000000000000000000e+00,1.394959537034746733e-01,0.000000000000000000e+00,0.000000000000000000e+00,1.653318533641856894e-02,0.000000000000000000e+00,0.000000000000000000e+00,2.597187894167491407e-01,9.960513168177477505e-02,0.000000000000000000e+00,0.000000000000000000e+00,1.135864327695478709e-01,0.000000000000000000e+00,1.394959537034746733e-01,1.184889113568853361e-02,0.000000000000000000e+00,0.000000000000000000e+00,0.000000000000000000e+00,1.411485619963472882e-01,0.000000000000000000e+00,0.000000000000000000e+00,0.000000000000000000e+00,0.000000000000000000e+00,8.456123374256080405e-02,0.000000000000000000e+00,0.000000000000000000e+00,0.000000000000000000e+00,0.000000000000000000e+00,1.032796682840377706e-01,0.000000000000000000e+00,8.816003913668279957e-02,0.000000000000000000e+00,0.000000000000000000e+00,1.156701226036483537e-01,0.000000000000000000e+00,3.300263676474803759e-02,4.645751170394823992e-02,2.342088162597912374e-02,0.000000000000000000e+00,6.797859912791710812e-02,7.309662483384972431e-02,4.678285935173215337e-02,2.199693585578227362e-02,1.906995780062633039e-01,0.000000000000000000e+00,6.146982589615293535e-02,0.000000000000000000e+00,0.000000000000000000e+00,1.606296696913442623e-01,6.192807737408648205e-02,2.571007092717886994e-02,9.705799372603753083e-02,1.288492077425849314e-01,2.410070841923815654e-02,0.000000000000000000e+00,1.813160425875746246e-02,4.685720817347483608e-02,0.000000000000000000e+00,3.391494082133054283e-02,1.526412862761707401e-01,0.000000000000000000e+00,0.000000000000000000e+00,7.853170172905739321e-02,0.000000000000000000e+00,5.969262729042155990e-02,3.620654351091526224e-02,2.591218736840508186e-01,2.591783048764194075e-01,2.118685762865720745e-01,1.153713881543983327e-01,5.575212630625166199e-02,0.000000000000000000e+00,0.000000000000000000e+00,0.000000000000000000e+00,0.000000000000000000e+00,0.000000000000000000e+00,1.987524017591981995e-01,0.000000000000000000e+00,0.000000000000000000e+00,0.000000000000000000e+00,0.000000000000000000e+00,0.000000000000000000e+00,0.000000000000000000e+00
0.000000000000000000e+00,0.000000000000000000e+00,2.236662428930544580e-02,0.000000000000000000e+00,0.000000000000000000e+00,1.010969104643704430e-01,0.000000000000000000e+00,0.000000000000000000e+00,0.000000000000000000e+00,0.000000000000000000e+00,5.033686671618131658e-02,8.153573567132979538e-02,1.458251066311969935e-01,0.000000000000000000e+00,0.000000000000000000e+00,0.000000000000000000e+00,0.000000000000000000e+00,0.000000000000000000e+00,1.773595230763265473e-02,3.268921784624594790e-02,0.000000000000000000e+00,0.000000000000000000e+00,0.000000000000000000e+00,7.177354111463053743e-02,0.000000000000000000e+00,1.258633043971090770e-01,1.173255906862390868e-01,1.135864327695478709e-01,0.000000000000000000e+00,0.000000000000000000e+00,1.773595230763265473e-02,0.000000000000000000e+00,0.000000000000000000e+00,9.086465360246225378e-03,0.000000000000000000e+00,0.000000000000000000e+00,0.000000000000000000e+00,0.000000000000000000e+00,0.000000000000000000e+00,7.789600666297365195e-03,2.396284947923564210e-02,0.000000000000000000e+00,4.070808406900760373e-02,0.000000000000000000e+00,0.000000000000000000e+00,7.663768219499728779e-03,0.000000000000000000e+00,1.496462434145932607e-01,8.051147316052048586e-02,0.000000000000000000e+00,0.000000000000000000e+00,9.924606326407531265e-02,9.810628484986427811e-02,1.611786090835098939e-01,8.917360748217229016e-02,0.000000000000000000e+00,4.921524078930381019e-02,5.216002233521915832e-02,1.037048596567472641e-02,0.000000000000000000e+00,2.120764091882099828e-02,0.000000000000000000e+00,6.924080858028616725e-02,0.000000000000000000e+00,1.712001557224476431e-02,3.214706297573375476e-02,4.232870341580338355e-03,0.000000000000000000e+00,0.000000000000000000e+00,0.000000000000000000e+00,0.000000000000000000e+00,0.000000000000000000e+00,6.810640281464611784e-04,1.209169123224477713e-02,0.000000000000000000e+00,0.000000000000000000e+00,4.476788366364935212e-02,0.000000000000000000e+00,1.381970555115859534e-01,0.000000000000000000e+00,1.367198856288756592e-01,1.024929308055701066e-01,0.000000000000000000e+00,0.000000000000000000e+00,0.000000000000000000e+00,0.000000000000000000e+00,0.000000000000000000e+00,6.690637001959161279e-02,1.662016353984565598e-01,9.834839049424907997e-02,7.876551642310884727e-02,0.000000000000000000e+00,4.203990524115362726e-02,8.281025401339897618e-02,0.000000000000000000e+00,6.789407046464485118e-02,7.587625443325547725e-02,0.000000000000000000e+00,0.000000000000000000e+00,2.458965910662376866e-02
0.000000000000000000e+00,1.336492920066367773e-01,1.073560145753102435e-02,0.000000000000000000e+00,1.305299459281006602e-01,0.000000000000000000e+00,0.000000000000000000e+00,0.000000000000000000e+00,4.059055092355350058e-02,0.000000000000000000e+00,0.000000000000000000e+00,0.000000000000000000e+00,0.000000000000000000e+00,8.236187098048253219e-02,0.000000000000000000e+00,0.000000000000000000e+00,0.000000000000000000e+00,1.000000000000000000e+00,0.000000000000000000e+00,3.252541575090810849e-02,0.000000000000000000e+00,7.154943956669192195e-03,0.000000000000000000e+00,1.687284953023141243e-01,5.061158115893738679e-02,0.000000000000000000e+00,0.000000000000000000e+00,0.000000000000000000e+00,0.000000000000000000e+00,0.000000000000000000e+00,0.000000000000000000e+00,1.745496264644355311e-01,0.000000000000000000e+00,3.236225110994773724e-01,1.884397835655964581e-01,0.000000000000000000e+00,0.000000000000000000e+00,1.615301287559299803e-01,0.000000000000000000e+00,0.000000000000000000e+00,0.000000000000000000e+00,0.000000000000000000e+00,0.000000000000000000e+00,8.034603156137354318e-02,2.621771861915206392e-01,0.000000000000000000e+00,8.974815482887421592e-02,0.000000000000000000e+00,0.000000000000000000e+00,2.576917303201607945e-01,2.689074893837457847e-02,1.881170733457503824e-02,0.000000000000000000e+00,7.718056442387127847e-02,0.000000000000000000e+00,0.000000000000000000e+00,0.000000000000000000e+00,8.258600206273511435e-02,0.000000000000000000e+00,0.000000000000000000e+00,0.000000000000000000e+00,0.000000000000000000e+00,3.881665255511543289e-02,0.000000000000000000e+00,1.859257997484598801e-01,7.657676904821289487e-03,0.000000000000000000e+00,0.000000000000000000e+00,4.188901330366435333e-02,0.000000000000000000e+00,0.000000000000000000e+00,0.000000000000000000e+00,3.929096139144449412e-03,0.000000000000000000e+00,0.000000000000000000e+00,3.890631891202192549e-02,8.168297499068138956e-02,0.000000000000000000e+00,0.000000000000000000e+00,1.102459361927500964e-01,0.000000000000000000e+00,1.049620481204579098e-01,2.568313696844073957e-02,0.000000000000000000e+00,0.000000000000000000e+00,0.000000000000000000e+00,6.542617426686317406e-02,1.628701602411532917e-02,0.000000000000000000e+00,0.000000000000000000e+00,1.292298937073755316e-01,0.000000000000000000e+00,3.083352655880611248e-02,6.068044907973466073e-02,7.667946533719353919e-02,0.000000000000000000e+00,1.021339856230975146e-01,7.535831262410977449e-02,2.543422263815049711e-03,0.000000000000000000e+00
0.000000000000000000e+00,1.842589090927506668e-01,0.000000000000000000e+00,3.715862000066810084e-02,7.189757253600084774e-02,1.019178502710588463e-01,2.835814770602937407e-01,0.000000000000000000e+00,0.000000000000000000e+00,8.807235260207470218e-02,1.157804067458506891e-01,7.425089453918189142e-02,1.949224695225685589e-01,0.000000000000000000e+00,1.032160221914788477e-03,0.000000000000000000e+00,0.000000000000000000e+00,0.000000000000000000e+00,9.999999999999997780e-01,0.000000000000000000e+00,5.972313423882738559e-02,8.993188439257648881e-02,0.000000000000000000e+00,0.000000000000000000e+00,8.251487937967573461e-02,8.535943309128876666e-02,0.000000000000000000e+00,1.394959537034746733e-01,1.773595230763265473e-02,0.000000000000000000e+00,0.000000000000000000e+00,5.574089183043227924e-02,8.920916499880054973e-03,7.108352970342775301e-02,0.000000000000000000e+00,0.000000000000000000e+00,0.000000000000000000e+00,0.000000000000000000e+00,0.000000000000000000e+00,1.409524655916520319e-01,1.056435276546735524e-02,5.184495984608104846e-02,1.321917405339093632e-01,1.603319875379799198e-01,9.365196303078382467e-02,0.000000000000000000e+00,0.000000000000000000e+00,0.000000000000000000e+00,2.024110253076787935e-01,0.000000000000000000e+00,1.833920391907891967e-01,0.000000000000000000e+00,8.430085344620691368e-02,1.269841183172524396e-02,1.427022272867941033e-01,3.233122395834260587e-02,0.000000000000000000e+00,0.000000000000000000e+00,4.496694691717832010e-02,0.000000000000000000e+00,0.000000000000000000e+00,0.000000000000000000e+00,7.349724826440154346e-02,7.712788841038374643e-02,1.038196378191600239e-01,1.036429049000643643e-02,9.132195397503961587e-02,0.000000000000000000e+00,0.000000000000000000e+00,0.000000000000000000e+00,8.630586940301361934e-03,0.000000000000000000e+00,2.132090828619759293e-02,0.000000000000000000e+00,0.000000000000000000e+00,1.311092218513160157e-01,0.000000000000000000e+00,7.305818206392339365e-03,1.872218085443390356e-03,1.125232466051795249e-01,4.734318699409800768e-02,8.387295035023431544e-02,1.029943422737118475e-01,9.947948669523740128e-03,1.256004381240136691e-01,9.755933200929584048e-02,1.356861897879600432e-01,0.000000000000000000e+00,0.000000000000000000e+00,0.000000000000000000e+00,1.192855950701540713e-02,1.489179624401345547e-01,0.000000000000000000e+00,4.619903030635551244e-02,0.000000000000000000e+00,0.000000000000000000e+00,0.000000000000000000e+00,3.522631100274557781e-03,1.356571509149308297e-02,0.000000000000000000e+00
0.000000000000000000e+00,1.099500241027032837e-01,0.000000000000000000e+00,1.709626823251010619e-02,1.696141461667047268e-02,0.000000000000000000e+00,7.402985788098857822e-02,1.860039486909730033e-02,0.000000000000000000e+00,0.000000000000000000e+00,9.026293213610797617e-02,0.000000000000000000e+00,2.857798756920414962e-01,0.000000000000000000e+00,1.169253619093844204e-01,0.000000000000000000e+00,0.000000000000000000e+00,1.745496264644355311e-01,5.574089183043227924e-02,0.000000000000000000e+00,0.000000000000000000e+00,9.023543648188091931e-03,0.000000000000000000e+00,0.000000000000000000e+00,0.000000000000000000e+00,0.000000000000000000e+00,0.000000000000000000e+00,1.184889113568853361e-02,0.000000000000000000e+00,1.745496264644355311e-01,5.574089183043227924e-02,0.000000000000000000e+00,0.000000000000000000e+00,0.000000000000000000e+00,9.297331747044063066e-02,0.000000000000000000e+00,0.000000000000000000e+00,0.000000000000000000e+00,0.000000000000000000e+00,0.000000000000000000e+00,0.000000000000000000e+00,3.517873460142653674e-02,9.779669102259097579e-02,8.687569303666915765e-02,2.258393721044468228e-01,2.014927341039947917e-01,1.162018806544920096e-01,1.094608122138410536e-02,0.000000000000000000e+00,1.747877453492397426e-01,8.095944500556980297e-03,2.147847756380338868e-02,6.028641543927262120e-02,0.000000000000000000e+00,2.498400641241909498e-02,0.000000000000000000e+00,6.931238571287906547e-02,2.471088820471478709e-03,1.101933025152852935e-01,0.000000000000000000e+00,2.474784795842702861e-02,0.000000000000000000e+00,1.160214341943475447e-01,1.627869319492874015e-02,5.300658870222334923e-03,5.672911941647388462e-02,0.000000000000000000e+00,0.000000000000000000e+00,2.261023162127178548e-02,2.645906132591376025e-02,0.000000000000000000e+00,3.047089178301867762e-02,8.131175406553144136e-02,0.000000000000000000e+00,3.802831222032360126e-02,0.000000000000000000e+00,1.153322427321188115e-01,2.551065790207907025e-01,4.872964417604539605e-02,1.850283495409569268e-01,9.105171910571863148e-02,0.000000000000000000e+00,2.373328248430887910e-02,0.000000000000000000e+00,1.403406897346845539e-01,3.538630078844304944e-02,0.000000000000000000e+00,1.016262916521434995e-01,0.000000000000000000e+00,1.618918586372279644e-02,6.480357061205192781e-02,1.166346511864753549e-01,1.139057558785922103e-01,7.002429337634066830e-02,0.000000000000000000e+00,0.000000000000000000e+00,0.000000000000000000e+00,1.380564133901174828e-01,0.000000000000000000e+00,0.000000000000000000e+00
9.083917717125059021e-02,0.000000000000000000e+00,9.543631930524765217e-03,0.000000000000000000e+00,0.000000000000000000e+00,0.000000000000000000e+00,3.181109180511385026e-02,0.000000000000000000e+00,0.000000000000000000e+00,6.001546769598969933e-02,0.000000000000000000e+00,0.000000000000000000e+00,6.884161292630053275e-02,0.000000000000000000e+00,2.079593255185644557e-02,2.904565742714158849e-03,3.703792412391807010e-02,0.000000000000000000e+00,8.920916499880054973e-03,0.000000000000000000e+00,2.314668355555843035e-02,4.788681243242566554e-02,2.481616962611784827e-01,8.016099087666572753e-02,2.258788252125469923e-02,1.000835639118242831e-01,5.325079534057163000e-02,0.000000000000000000e+00,0.000000000000000000e+00,0.000000000000000000e+00,8.920916499880054973e-03,0.000000000000000000e+00,0.000000000000000000e+00,0.000000000000000000e+00,3.857117431869290514e-02,0.000000000000000000e+00,5.690735911353476256e-02,0.000000000000000000e+00,8.432748551951904648e-04,0.000000000000000000e+00,3.458482867551649492e-02,0.000000000000000000e+00,1.941593055360240835e-03,2.202588803814248264e-02,0.000000000000000000e+00,0.000000000000000000e+00,0.000000000000000000e+00,0.000000000000000000e+00,6.110297778947766309e-03,0.000000000000000000e+00,0.000000000000000000e+00,0.000000000000000000e+00,9.325768856930771039e-03,9.178626893472949244e-02,5.477569901473942904e-02,0.000000000000000000e+00,2.100806714716143553e-01,0.000000000000000000e+00,0.000000000000000000e+00,1.044154796989031075e-01,0.000000000000000000e+00,0.000000000000000000e+00,0.000000000000000000e+00,0.000000000000000000e+00,0.000000000000000000e+00,0.000000000000000000e+00,0.000000000000000000e+00,1.090970267334462340e-02,4.418283589376637704e-02,5.656536333407666262e-03,0.000000000000000000e+00,6.353054826861215254e-02,0.000000000000000000e+00,1.080236686009362346e-01,0.000000000000000000e+00,9.099280533119150083e-02,0.000000000000000000e+00,0.000000000000000000e+00,2.440038618413194887e-02,0.000000000000000000e+00,7.337805805169417273e-02,2.097282457078976370e-02,1.876670068089467472e-02,5.011716986800092422e-02,0.000000000000000000e+00,1.627181580134827998e-01,0.000000000000000000e+00,0.000000000000000000e+00,7.200952705333746318e-02,1.406840786470548582e-02,0.000000000000000000e+00,0.000000000000000000e+00,0.000000000000000000e+00,0.000000000000000000e+00,9.564803422292886270e-02,1.177985763054966023e-01,0.000000000000000000e+00,0.000000000000000000e+00,0.000000000000000000e+00,7.715725380399016640e-03
0.000000000000000000e+00,8.632122026586032393e-02,0.000000000000000000e+00,0.000000000000000000e+00,1.651945055676761198e-01,0.000000000000000000e+00,1.309775809700288729e-01,0.000000000000000000e+00,0.000000000000000000e+00,0.000000000000000000e+00,0.000000000000000000e+00,7.611322271984657939e-02,0.000000000000000000e+00,4.938837643291062174e-02,0.000000000000000000e+00,1.464920274272962508e-01,0.000000000000000000e+00,3.236225110994773724e-01,7.108352970342775301e-02,9.143016107644895418e-02,4.570415366599177992e-02,1.603109697054188598e-01,9.078865369540986552e-03,0.000000000000000000e+00,2.587368414228985794e-02,0.000000000000000000e+00,0.000000000000000000e+00,0.000000000000000000e+00,9.086465360246225378e-03,3.236225110994773724e-01,7.108352970342775301e-02,0.000000000000000000e+00,0.000000000000000000e+00,0.000000000000000000e+00,0.000000000000000000e+00,0.000000000000000000e+00,0.000000000000000000e+00,2.199978190890647667e-01,0.000000000000000000e+00,4.173259316668015417e-01,0.000000000000000000e+00,0.000000000000000000e+00,3.615225036896649313e-02,0.000000000000000000e+00,7.033045843189639212e-02,0.000000000000000000e+00,0.000000000000000000e+00,1.304469181032762160e-02,0.000000000000000000e+00,5.042418479272401388e-01,1.144782423293999943e-02,0.000000000000000000e+00,0.000000000000000000e+00,1.465209769888932700e-01,0.000000000000000000e+00,0.000000000000000000e+00,0.000000000000000000e+00,6.414997813417594452e-02,0.000000000000000000e+00,0.000000000000000000e+00,7.324571048339043045e-02,0.000000000000000000e+00,0.000000000000000000e+00,0.000000000000000000e+00,2.206773796210743654e-01,1.577525138401328353e-02,0.000000000000000000e+00,3.985927210495668338e-02,0.000000000000000000e+00,0.000000000000000000e+00,0.000000000000000000e+00,0.000000000000000000e+00,5.496605421675825748e-02,4.361761336751423385e-02,0.000000000000000000e+00,0.000000000000000000e+00,4.579089164115457411e-02,5.126288049421848236e-03,2.014543417665596303e-01,6.278954345706369566e-03,0.000000000000000000e+00,7.029869757614326531e-03,1.598456007168896909e-02,1.983915307062461553e-03,0.000000000000000000e+00,2.957704525306006915e-02,7.754150225478749839e-03,8.973954631355263167e-02,0.000000000000000000e+00,0.000000000000000000e+00,2.080169963131668076e-01,1.505347834489529496e-02,0.000000000000000000e+00,9.405895996678209636e-02,1.722165003022848584e-01,0.000000000000000000e+00,0.000000000000000000e+00,2.543361557146405980e-02,2.879786076350868834e-02,0.000000000000000000e+00
1.841126621082280618e-02,8.532710093750414670e-02,4.367685028682831150e-01,0.000000000000000000e+00,0.000000000000000000e+00,0.000000000000000000e+00,0.000000000000000000e+00,0.000000000000000000e+00,3.921915174144524618e-01,0.000000000000000000e+00,0.000000000000000000e+00,0.000000000000000000e+00,7.181311577808145719e-02,0.000000000000000000e+00,7.769984850107207464e-02,1.225115557608301153e-01,1.450834482676556514e-01,1.884397835655964581e-01,0.000000000000000000e+00,0.000000000000000000e+00,1.199212969048955579e-01,1.028707554687283421e-01,4.732680479636278137e-03,0.000000000000000000e+00,0.000000000000000000e+00,0.000000000000000000e+00,6.442127684219747796e-02,0.000000000000000000e+00,0.000000000000000000e+00,1.884397835655964581e-01,0.000000000000000000e+00,9.297331747044063066e-02,3.857117431869290514e-02,0.000000000000000000e+00,0.000000000000000000e+00,0.000000000000000000e+00,4.167696323435368111e-01,0.000000000000000000e+00,9.917172783765684785e-02,0.000000000000000000e+00,0.000000000000000000e+00,0.000000000000000000e+00,0.000000000000000000e+00,0.000000000000000000e+00,1.256973976800403181e-01,1.497541547223556480e-01,3.193258238896414247e-01,0.000000000000000000e+00,0.000000000000000000e+00,0.000000000000000000e+00,0.000000000000000000e+00,0.000000000000000000e+00,1.597043085444935506e-01,2.785596716357017708e-02,0.000000000000000000e+00,0.000000000000000000e+00,8.863940783066744100e-03,1.487310305608807171e-01,1.495969824626351696e-01,1.019695935959620825e-01,1.010326861610646304e-02,0.000000000000000000e+00,0.000000000000000000e+00,4.346900095361495853e-02,7.883050508431591052e-02,3.107523306442525057e-02,0.000000000000000000e+00,1.040925863268572608e-02,8.403400776403939509e-02,0.000000000000000000e+00,0.000000000000000000e+00,0.000000000000000000e+00,7.252475800781467419e-02,0.000000000000000000e+00,1.244969634865084884e-01,0.000000000000000000e+00,8.760865259792809112e-02,8.731317209762454179e-02,4.596361757711747709e-05,7.665888073395719926e-02,7.454038541228205639e-02,1.864390315834164175e-02,0.000000000000000000e+00,0.000000000000000000e+00,0.000000000000000000e+00,2.591718399852038779e-02,0.000000000000000000e+00,4.758745557835927092e-02,0.000000000000000000e+00,0.000000000000000000e+00,0.000000000000000000e+00,0.000000000000000000e+00,0.000000000000000000e+00,5.248144549696708017e-02,8.079813373810583454e-02,6.483019668346415298e-02,6.388191069622245477e-02,0.000000000000000000e+00,0.000000000000000000e+00,5.042379329941418936e-02
5.268699958905534442e-02,2.874904863592857296e-02,2.946851967873238554e-01,0.000000000000000000e+00,1.051622736023740123e-01,0.000000000000000000e+00,0.000000000000000000e+00,0.000000000000000000e+00,2.380059677789699568e-01,0.000000000000000000e+00,0.000000000000000000e+00,1.439486633548904271e-01,0.000000000000000000e+00,0.000000000000000000e+00,6.392515105984443446e-02,0.000000000000000000e+00,2.556812603827833263e-01,0.000000000000000000e+00,0.000000000000000000e+00,4.532725813693438272e-02,3.739325693123685124e-03,1.649016713208124041e-01,0.000000000000000000e+00,0.000000000000000000e+00,1.038353384080295538e-01,1.340675390797444466e-01,0.000000000000000000e+00,1.411485619963472882e-01,0.000000000000000000e+00,0.000000000000000000e+00,0.000000000000000000e+00,0.000000000000000000e+00,0.000000000000000000e+00,0.000000000000000000e+00,0.000000000000000000e+00,0.000000000000000000e+00,1.582023100222140766e-02,0.000000000000000000e+00,0.000000000000000000e+00,0.000000000000000000e+00,2.731207322797737369e-01,0.000000000000000000e+00,0.000000000000000000e+00,0.000000000000000000e+00,0.000000000000000000e+00,2.173753027389782599e-01,2.797931737223555704e-01,0.000000000000000000e+00,0.000000000000000000e+00,0.000000000000000000e+00,8.761859241877234528e-02,0.000000000000000000e+00,0.000000000000000000e+00,5.413279222829930903e-02,2.358381942134146758e-02,0.000000000000000000e+00,0.000000000000000000e+00,0.000000000000000000e+00,3.926127833426706903e-02,8.912250036002762610e-02,5.466544623598378061e-02,0.000000000000000000e+00,0.000000000000000000e+00,9.666892696298874654e-02,6.325620938685022621e-03,2.733961722317993642e-03,9.598306420995855390e-03,0.000000000000000000e+00,7.025891201375193684e-02,1.616811199148720374e-02,1.269380641704343504e-01,7.116700129693558086e-02,0.000000000000000000e+00,2.605298127441305761e-02,0.000000000000000000e+00,0.000000000000000000e+00,0.000000000000000000e+00,1.024628077240434809e-01,0.000000000000000000e+00,1.969813458944111306e-01,0.000000000000000000e+00,1.039434510911800835e-01,0.000000000000000000e+00,2.689188583805584010e-01,1.330662545946945385e-01,0.000000000000000000e+00,0.000000000000000000e+00,0.000000000000000000e+00,0.000000000000000000e+00,1.263272963599518794e-01,1.174942262288862366e-01,0.000000000000000000e+00,1.988855024041461667e-02,1.549579084460398215e-01,1.151520735810788038e-01,1.634325683376304864e-02,9.864005259271821369e-02,0.000000000000000000e+00,0.000000000000000000e+00,1.296242532600664632e-01
4.031688609905029197e-02,1.518307236172175001e-01,3.478870586393586484e-01,0.000000000000000000e+00,0.000000000000000000e+00,1.019942797220301650e-01,0.000000000000000000e+00,9.900988131869792319e-02,3.382660325476539165e-01,0.000000000000000000e+00,0.000000000000000000e+00,0.000000000000000000e+00,0.000000000000000000e+00,0.000000000000000000e+00,1.600254963434559197e-01,1.557265248886011699e-01,1.208535384728514073e-01,0.000000000000000000e+00,0.000000000000000000e+00,8.429095863650107323e-02,9.146898910057084386e-02,0.000000000000000000e+00,6.239527056213410583e-03,0.000000000000000000e+00,0.000000000000000000e+00,4.022617886647399110e-02,0.000000000000000000e+00,0.000000000000000000e+00,0.000000000000000000e+00,0.000000000000000000e+00,0.000000000000000000e+00,0.000000000000000000e+00,5.690735911353476256e-02,0.000000000000000000e+00,4.167696323435368111e-01,1.582023100222140766e-02,0.000000000000000000e+00,0.000000000000000000e+00,5.719603632682581651e-01,0.000000000000000000e+00,0.000000000000000000e+00,1.102868662847392434e-01,0.000000000000000000e+00,0.000000000000000000e+00,2.380484396314860307e-01,8.958418259120012883e-02,3.460587068540561806e-02,0.000000000000000000e+00,0.000000000000000000e+00,0.000000000000000000e+00,0.000000000000000000e+00,0.000000000000000000e+00,1.139319036339969671e-01,0.000000000000000000e+00,1.063085352843617590e-02,3.198393987067173205e-02,0.000000000000000000e+00,8.762622238562954580e-02,1.291323295502441737e-01,9.907213310072127133e-02,8.392057814140790883e-02,7.361976825090637416e-03,0.000000000000000000e+00,1.800730947303874618e-01,5.115057661107182130e-02,0.000000000000000000e+00,1.744327222550922513e-02,1.217788360241656570e-01,5.605090968088886905e-03,0.000000000000000000e+00,0.000000000000000000e+00,1.307959415650548074e-01,2.997170595662874970e-02,0.000000000000000000e+00,9.063810199376853838e-02,0.000000000000000000e+00,5.355032673443566038e-02,0.000000000000000000e+00,2.550963782169665336e-02,0.000000000000000000e+00,2.021184970579285867e-02,0.000000000000000000e+00,2.050097317608852443e-02,0.000000000000000000e+00,1.493843751866592851e-01,1.015625960940932104e-01,0.000000000000000000e+00,2.479188825860225917e-02,0.000000000000000000e+00,0.000000000000000000e+00,3.214366360783022653e-02,9.993455622048313947e-02,0.000000000000000000e+00,4.636973166332397644e-02,1.246386667616380256e-01,1.316124487373357688e-01,1.451082744475771791e-01,0.000000000000000000e+00,0.000000000000000000e+00,3.763870706291917723e-02
5.484969338535216482e-02,0.000000000000000000e+00,1.374461467560089689e-01,0.000000000000000000e+00,2.731947443001975229e-01,0.000000000000000000e+00,0.000000000000000000e+00,1.005067554749476157e-02,1.499364839355908086e-01,0.000000000000000000e+00,0.000000000000000000e+00,1.175736678563634036e-01,0.000000000000000000e+00,3.386306257193535951e-03,0.000000000000000000e+00,0.000000000000000000e+00,7.802692284943701928e-02,1.615301287559299803e-01,0.000000000000000000e+00,3.719639361732976490e-02,6.978228209222123168e-02,0.000000000000000000e+00,6.869816655072830125e-03,0.000000000000000000e+00,1.469905411375900528e-01,0.000000000000000000e+00,1.882152232660826152e-01,0.000000000000000000e+00,0.000000000000000000e+00,1.615301287559299803e-01,0.000000000000000000e+00,0.000000000000000000e+00,0.000000000000000000e+00,2.199978190890647667e-01,0.000000000000000000e+00,0.000000000000000000e+00,0.000000000000000000e+00,0.000000000000000000e+00,0.000000000000000000e+00,9.531416584669173686e-02,9.950134654036341120e-02,0.000000000000000000e+00,0.000000000000000000e+00,0.000000000000000000e+00,0.000000000000000000e+00,0.000000000000000000e+00,4.119116795388524238e-02,1.211356864407320127e-01,0.000000000000000000e+00,1.156604054543333704e-01,1.834845823473429255e-02,1.140137116489763625e-01,0.000000000000000000e+00,9.898895729070353311e-02,0.000000000000000000e+00,6.857585459469832390e-02,0.000000000000000000e+00,7.649483268610704489e-02,1.064248432873141081e-02,0.000000000000000000e+00,0.000000000000000000e+00,0.000000000000000000e+00,6.960993432658270363e-02,0.000000000000000000e+00,1.321769568284681395e-01,0.000000000000000000e+00,4.770929921780424354e-02,1.154809170447605171e-01,0.000000000000000000e+00,0.000000000000000000e+00,0.000000000000000000e+00,0.000000000000000000e+00,7.233926578624239045e-02,0.000000000000000000e+00,5.846177320478231076e-02,1.239980211448665909e-01,8.260392014777379055e-03,0.000000000000000000e+00,3.873632066536426138e-02,0.000000000000000000e+00,4.093532155729331240e-02,0.000000000000000000e+00,0.000000000000000000e+00,1.944406387836599900e-02,0.000000000000000000e+00,0.000000000000000000e+00,1.739078456929229466e-01,0.000000000000000000e+00,0.000000000000000000e+00,0.000000000000000000e+00,7.226631357086585328e-02,0.000000000000000000e+00,0.000000000000000000e+00,0.000000000000000000e+00,1.502120753315629442e-01,0.000000000000000000e+00,0.000000000000000000e+00,0.000000000000000000e+00,9.120563099697541476e-02,0.000000000000000000e+00
2.125444110987793206e-02,3.852010213698783270e-01,1.511132508099786997e-02,6.863217163998681924e-02,0.000000000000000000e+00,3.341638645602890145e-01,1.962923446091382248e-03,3.532713600559865275e-01,1.364951149770124439e-02,0.000000000000000000e+00,1.978555521538125639e-01,9.885289097947373704e-02,0.000000000000000000e+00,1.406490929850904292e-01,1.746539432967390559e-01,1.821215300945817628e-01,0.000000000000000000e+00,0.000000000000000000e+00,0.000000000000000000e+00,8.763125619373796082e-02,1.538991436024388371e-01,0.000000000000000000e+00,7.627935968196433714e-02,0.000000000000000000e+00,0.000000000000000000e+00,1.422500107372862144e-01,0.000000000000000000e+00,0.000000000000000000e+00,0.000000000000000000e+00,0.000000000000000000e+00,0.000000000000000000e+00,0.000000000000000000e+00,8.432748551951904648e-04,0.000000000000000000e+00,9.917172783765684785e-02,0.000000000000000000e+00,5.719603632682581651e-01,0.000000000000000000e+00,0.000000000000000000e+00,2.291791859349105384e-02,0.000000000000000000e+00,5.305030964494912293e-01,7.210454010466163521e-02,0.000000000000000000e+00,4.021581974398917847e-01,1.238193150128501924e-03,0.000000000000000000e+00,4.091256817150376590e-02,1.260563705409272206e-01,0.000000000000000000e+00,9.091282249490995060e-02,0.000000000000000000e+00,4.842025053378300192e-02,1.419361720790740175e-02,0.000000000000000000e+00,1.679136738625809366e-01,0.000000000000000000e+00,0.000000000000000000e+00,1.580436225473383360e-02,0.000000000000000000e+00,9.237476251589021858e-02,1.504262424754885807e-01,4.432299466307845770e-02,8.272483362014446118e-02,0.000000000000000000e+00,0.000000000000000000e+00,2.021502280376088756e-01,1.397313637438716283e-01,0.000000000000000000e+00,7.824139608273183999e-02,8.147051734784244159e-02,1.853185805329995994e-01,6.573160353526910638e-02,1.252170379903782063e-02,2.167295831215235169e-03,0.000000000000000000e+00,1.709873019042040115e-02,0.000000000000000000e+00,7.564995909408947505e-02,0.000000000000000000e+00,0.000000000000000000e+00,0.000000000000000000e+00,0.000000000000000000e+00,0.000000000000000000e+00,1.089159345321111250e-01,0.000000000000000000e+00,1.823859277745666363e-01,5.099507212792439570e-03,1.031035185532617332e-01,0.000000000000000000e+00,0.000000000000000000e+00,9.725430391749743941e-02,1.219417494680987563e-03,0.000000000000000000e+00,1.410918754055109220e-02,2.030414618363588775e-01,5.042867981275934997e-02,6.024833871988233280e-02,0.000000000000000000e+00,2.236983463275474954e-02
7.522768766780603411e-03,1.543789412486081154e-02,0.000000000000000000e+00,1.470888023674036260e-01,0.000000000000000000e+00,9.700014661273737016e-02,4.323057287915350599e-01,2.015110352369198568e-02,0.000000000000000000e+00,7.414366633678395879e-02,0.000000000000000000e+00,1.822688012033404081e-01,1.315491824281346707e-02,3.865325126697394947e-02,0.000000000000000000e+00,1.648632582786657419e-01,0.000000000000000000e+00,0.000000000000000000e+00,1.409524655916520319e-01,1.581161466483960165e-01,0.000000000000000000e+00,0.000000000000000000e+00,2.160800092291181307e-01,0.000000000000000000e+00,0.000000000000000000e+00,1.456554213248002771e-01,4.954780801435313548e-02,0.000000000000000000e+00,7.789600666297365195e-03,0.000000000000000000e+00,1.409524655916520319e-01,0.000000000000000000e+00,0.000000000000000000e+00,4.173259316668015417e-01,0.000000000000000000e+00,0.000000000000000000e+00,0.000000000000000000e+00,9.531416584669173686e-02,2.291791859349105384e-02,0.000000000000000000e+00,0.000000000000000000e+00,1.381912982633873577e-01,1.210365994145083390e-01,0.000000000000000000e+00,0.000000000000000000e+00,0.000000000000000000e+00,0.000000000000000000e+00,1.195140544250690995e-01,8.145277623610124029e-02,2.011357362957454376e-01,4.809467420321212466e-02,1.893473965776004339e-02,0.000000000000000000e+00,7.374131990314701512e-02,5.932309864612052286e-03,3.147127777732999787e-02,0.000000000000000000e+00,5.632539974471517663e-02,0.000000000000000000e+00,0.000000000000000000e+00,0.000000000000000000e+00,3.619198551308807493e-02,0.000000000000000000e+00,0.000000000000000000e+00,0.000000000000000000e+00,0.000000000000000000e+00,0.000000000000000000e+00,0.000000000000000000e+00,0.000000000000000000e+00,0.000000000000000000e+00,0.000000000000000000e+00,0.000000000000000000e+00,3.661966602507064905e-02,1.068274632852182077e-01,5.700137905811625272e-02,0.000000000000000000e+00,0.000000000000000000e+00,0.000000000000000000e+00,1.078960133535738219e-01,0.000000000000000000e+00,3.842975656086470432e-02,0.000000000000000000e+00,0.000000000000000000e+00,1.219769036016977656e-02,0.000000000000000000e+00,6.528135095280546141e-02,0.000000000000000000e+00,1.055244121146007852e-01,0.000000000000000000e+00,0.000000000000000000e+00,0.000000000000000000e+00,1.165811969283272048e-01,0.000000000000000000e+00,5.640928777027628960e-02,2.044326724380735039e-03,2.526100408621906324e-02,0.000000000000000000e+00,3.612264593190762929e-02,0.000000000000000000e+00,0.000000000000000000e+00
0.000000000000000000e+00,0.000000000000000000e+00,1.133031051519919480e-01,0.000000000000000000e+00,2.366271880238584036e-01,1.517057255308411068e-01,0.000000000000000000e+00,0.000000000000000000e+00,1.535575121068841475e-01,5.600874923628455099e-02,1.415198369311654603e-01,3.769664766235514830e-01,0.000000000000000000e+00,2.666067735669677002e-02,1.434151401560667359e-02,0.000000000000000000e+00,1.153945308896049959e-01,0.000000000000000000e+00,1.056435276546735524e-02,0.000000000000000000e+00,0.000000000000000000e+00,2.630440087603913915e-02,0.000000000000000000e+00,0.000000000000000000e+00,1.231140301251432562e-01,7.062384219366253657e-02,0.000000000000000000e+00,8.456123374256080405e-02,2.396284947923564210e-02,0.000000000000000000e+00,1.056435276546735524e-02,0.000000000000000000e+00,3.458482867551649492e-02,0.000000000000000000e+00,0.000000000000000000e+00,2.731207322797737369e-01,0.000000000000000000e+00,9.950134654036341120e-02,0.000000000000000000e+00,0.000000000000000000e+00,0.000000000000000000e+00,0.000000000000000000e+00,0.000000000000000000e+00,2.383849665760388176e-02,0.000000000000000000e+00,1.700761003400282426e-02,1.044794442099009069e-01,6.397983506262693021e-02,2.544470679748682129e-01,0.000000000000000000e+00,1.884277507680428773e-02,1.562862649800397241e-01,0.000000000000000000e+00,3.274830489842128073e-02,0.000000000000000000e+00,2.534310510574978512e-02,4.289020003146308546e-02,0.000000000000000000e+00,1.300143845813438170e-02,1.743282146300953114e-02,0.000000000000000000e+00,6.069497143658406785e-02,0.000000000000000000e+00,0.000000000000000000e+00,0.000000000000000000e+00,8.342740116722116572e-02,2.286766526563457913e-02,0.000000000000000000e+00,4.436580567115773477e-02,0.000000000000000000e+00,5.424267040293816178e-02,1.152959457926205356e-01,0.000000000000000000e+00,0.000000000000000000e+00,0.000000000000000000e+00,6.169356933088337991e-02,0.000000000000000000e+00,4.745522570715051541e-02,0.000000000000000000e+00,5.654740957245374400e-02,2.587244077488577015e-02,5.331599700594201463e-02,4.500293404374705597e-02,1.912039099321277968e-01,8.799825093237137463e-02,0.000000000000000000e+00,7.702449161842919723e-02,0.000000000000000000e+00,0.000000000000000000e+00,5.034551100648921446e-02,0.000000000000000000e+00,0.000000000000000000e+00,0.000000000000000000e+00,5.901019377038897035e-03,4.187614350430948068e-02,1.639718449685640886e-02,5.215792029139901947e-02,1.139987619523567114e-02,6.593537537728735853e-02,1.109072637321970312e-01
0.000000000000000000e+00,6.197686297033214720e-01,0.000000000000000000e+00,1.721648452053611278e-01,0.000000000000000000e+00,4.304479520845415630e-01,9.495857422237792556e-02,5.726405577700847127e-01,0.000000000000000000e+00,7.381724977349075900e-02,3.733783071517847163e-01,1.191718427990093032e-01,0.000000000000000000e+00,3.029034080238587889e-01,2.065300204326703248e-01,1.595882606125265668e-01,0.000000000000000000e+00,0.000000000000000000e+00,5.184495984608104846e-02,1.318669696718149098e-01,0.000000000000000000e+00,0.000000000000000000e+00,1.171403977575754540e-01,0.000000000000000000e+00,0.000000000000000000e+00,0.000000000000000000e+00,0.000000000000000000e+00,0.000000000000000000e+00,0.000000000000000000e+00,0.000000000000000000e+00,5.184495984608104846e-02,3.517873460142653674e-02,0.000000000000000000e+00,0.000000000000000000e+00,0.000000000000000000e+00,0.000000000000000000e+00,1.102868662847392434e-01,0.000000000000000000e+00,5.305030964494912293e-01,1.381912982633873577e-01,0.000000000000000000e+00,0.000000000000000000e+00,1.372175016325011820e-01,4.179774677668314231e-01,5.326281291242332960e-01,0.000000000000000000e+00,0.000000000000000000e+00,2.652318054104824130e-02,2.128117509759953896e-01,0.000000000000000000e+00,6.551081095817958000e-02,7.311845995617335947e-03,0.000000000000000000e+00,0.000000000000000000e+00,0.000000000000000000e+00,1.863186144961941904e-01,0.000000000000000000e+00,0.000000000000000000e+00,9.954136756656638274e-02,0.000000000000000000e+00,6.973376734612898864e-02,2.039445035423435582e-01,0.000000000000000000e+00,1.038734351108664133e-01,0.000000000000000000e+00,5.181506743199490450e-02,0.000000000000000000e+00,3.800063823089115667e-02,0.000000000000000000e+00,0.000000000000000000e+00,1.538717835220385077e-01,1.279779025694351702e-01,5.594842983782441492e-02,6.258304082194912632e-02,1.468240253610517999e-02,5.171128103331649323e-03,4.255010328982945095e-02,0.000000000000000000e+00,0.000000000000000000e+00,0.000000000000000000e+00,0.000000000000000000e+00,0.000000000000000000e+00,1.910527977891921664e-02,0.000000000000000000e+00,1.158641039333584699e-01,4.022151506318297209e-02,1.723720103258934433e-01,0.000000000000000000e+00,1.652186067560845184e-01,6.436609950264793323e-02,0.000000000000000000e+00,2.249366501016100139e-01,1.728242874212831126e-01,0.000000000000000000e+00,0.000000000000000000e+00,1.053319830721520522e-01,3.591599387874697125e-02,8.987281934209839784e-02,0.000000000000000000e+00,0.000000000000000000e+00
0.000000000000000000e+00,9.430355715305055453e-02,0.000000000000000000e+00,2.319031329299321709e-02,0.000000000000000000e+00,2.247903613148061197e-01,3.617322874016089540e-01,0.000000000000000000e+00,0.000000000000000000e+00,0.000000000000000000e+00,2.166272831813153277e-01,8.145576259324188717e-02,5.576152359857535767e-01,1.227072018290212424e-01,0.000000000000000000e+00,9.268435223212205532e-02,0.000000000000000000e+00,0.000000000000000000e+00,1.321917405339093632e-01,0.000000000000000000e+00,1.167480807459254366e-01,9.706813962099623827e-03,2.301112011060286316e-02,2.261089184335617064e-01,0.000000000000000000e+00,1.188963830570182456e-01,0.000000000000000000e+00,0.000000000000000000e+00,4.070808406900760373e-02,0.000000000000000000e+00,1.321917405339093632e-01,9.779669102259097579e-02,1.941593055360240835e-03,3.615225036896649313e-02,0.000000000000000000e+00,0.000000000000000000e+00,0.000000000000000000e+00,0.000000000000000000e+00,7.210454010466163521e-02,1.210365994145083390e-01,0.000000000000000000e+00,1.372175016325011820e-01,0.000000000000000000e+00,1.330513296949030477e-01,0.000000000000000000e+00,0.000000000000000000e+00,0.000000000000000000e+00,3.932657028184882719e-02,2.306269346523793784e-01,8.344998048059755480e-02,5.800156978977961952e-03,4.185162555689700414e-02,0.000000000000000000e+00,0.000000000000000000e+00,2.130774597155508099e-01,1.039903919805983123e-01,6.321757116635781659e-02,0.000000000000000000e+00,1.350414189252229641e-02,0.000000000000000000e+00,7.745179098974767917e-02,1.254439984914253459e-01,6.120213888068359517e-03,1.004703952094207486e-01,3.403736225628711809e-02,0.000000000000000000e+00,0.000000000000000000e+00,0.000000000000000000e+00,0.000000000000000000e+00,0.000000000000000000e+00,8.929721870477502765e-02,9.723862894070126051e-02,1.106114680853478027e-01,6.852925891760237864e-02,2.647303410658287393e-02,0.000000000000000000e+00,0.000000000000000000e+00,1.262710201226311113e-01,7.902015909213670752e-02,7.459861371661632989e-02,0.000000000000000000e+00,0.000000000000000000e+00,0.000000000000000000e+00,0.000000000000000000e+00,4.392385765836098743e-02,0.000000000000000000e+00,0.000000000000000000e+00,4.144027246169782602e-02,0.000000000000000000e+00,2.338836792553627975e-02,0.000000000000000000e+00,1.113263804148177383e-01,1.127358342782606437e-01,7.905268842267812457e-02,0.000000000000000000e+00,5.273005061228226709e-02,0.000000000000000000e+00,0.000000000000000000e+00,3.957765222098580393e-02,0.000000000000000000e+00
0.000000000000000000e+00,3.484245390585034574e-01,0.000000000000000000e+00,0.000000000000000000e+00,9.136611694751337054e-02,1.976758687874843878e-01,6.359856883580174147e-02,5.158461719771313403e-01,0.000000000000000000e+00,7.245838713187519042e-02,2.469733096768687020e-01,3.733023036981047982e-02,0.000000000000000000e+00,2.449748071331308841e-01,1.828976788899460970e-01,1.136025123923316976e-01,0.000000000000000000e+00,8.034603156137354318e-02,1.603319875379799198e-01,0.000000000000000000e+00,0.000000000000000000e+00,0.000000000000000000e+00,0.000000000000000000e+00,0.000000000000000000e+00,0.000000000000000000e+00,0.000000000000000000e+00,0.000000000000000000e+00,0.000000000000000000e+00,0.000000000000000000e+00,8.034603156137354318e-02,1.603319875379799198e-01,8.687569303666915765e-02,2.202588803814248264e-02,0.000000000000000000e+00,0.000000000000000000e+00,0.000000000000000000e+00,0.000000000000000000e+00,0.000000000000000000e+00,0.000000000000000000e+00,0.000000000000000000e+00,2.383849665760388176e-02,4.179774677668314231e-01,1.330513296949030477e-01,0.000000000000000000e+00,3.744363038229381324e-01,1.213151314645752321e-01,7.945103714298157316e-04,0.000000000000000000e+00,1.815486750353751400e-01,0.000000000000000000e+00,0.000000000000000000e+00,4.583770982170246033e-02,0.000000000000000000e+00,0.000000000000000000e+00,0.000000000000000000e+00,1.271049708706102066e-01,0.000000000000000000e+00,0.000000000000000000e+00,0.000000000000000000e+00,0.000000000000000000e+00,7.894376365930319550e-02,1.211014307581762539e-01,0.000000000000000000e+00,0.000000000000000000e+00,0.000000000000000000e+00,1.092586469238209096e-01,0.000000000000000000e+00,1.229714020756385306e-02,0.000000000000000000e+00,3.003481687927095356e-02,6.638216195084681304e-02,9.617959410995487179e-02,1.279726899021610964e-01,0.000000000000000000e+00,1.134835408926031936e-01,1.930039928668808302e-01,0.000000000000000000e+00,0.000000000000000000e+00,0.000000000000000000e+00,1.910767337465886506e-02,0.000000000000000000e+00,5.154726126415240528e-02,6.622640466831995754e-02,7.207009520113745460e-02,9.683150953247232628e-02,8.419925598562603974e-02,1.160883891952677049e-01,0.000000000000000000e+00,7.228718261090674724e-02,5.797504222084698400e-02,0.000000000000000000e+00,5.264928980061747699e-02,1.114732451069471719e-01,0.000000000000000000e+00,0.000000000000000000e+00,0.000000000000000000e+00,9.643225887729602042e-02,0.000000000000000000e+00,0.000000000000000000e+00,1.434255138075059277e-02
0.000000000000000000e+00,5.102525749284307910e-01,4.917634980898709374e-02,0.000000000000000000e+00,7.109270427037962803e-02,4.016667013686592291e-01,1.085805467321528106e-01,4.079500107422156518e-01,9.768380939049964296e-02,0.000000000000000000e+00,4.206477870390863405e-01,4.207478889855363613e-02,0.000000000000000000e+00,1.230292564101078678e-01,2.322088122297394086e-01,9.694977711376917551e-02,0.000000000000000000e+00,2.621771861915206392e-01,9.365196303078382467e-02,1.952667310399355260e-01,0.000000000000000000e+00,0.000000000000000000e+00,0.000000000000000000e+00,0.000000000000000000e+00,0.000000000000000000e+00,0.000000000000000000e+00,0.000000000000000000e+00,0.000000000000000000e+00,0.000000000000000000e+00,2.621771861915206392e-01,9.365196303078382467e-02,2.258393721044468228e-01,0.000000000000000000e+00,7.033045843189639212e-02,1.256973976800403181e-01,0.000000000000000000e+00,2.380484396314860307e-01,0.000000000000000000e+00,4.021581974398917847e-01,0.000000000000000000e+00,0.000000000000000000e+00,5.326281291242332960e-01,0.000000000000000000e+00,3.744363038229381324e-01,0.000000000000000000e+00,1.043052445432092745e-01,9.721420107937657484e-02,0.000000000000000000e+00,1.644791856595772817e-01,1.136884469567625289e-01,2.677368251760912921e-02,1.941365220869165076e-02,9.582162212558131831e-02,0.000000000000000000e+00,0.000000000000000000e+00,6.925818769386798968e-02,0.000000000000000000e+00,4.332468362963758091e-02,6.283598775668249731e-04,0.000000000000000000e+00,0.000000000000000000e+00,2.438746560415806092e-02,0.000000000000000000e+00,5.699422687292751699e-02,0.000000000000000000e+00,1.241846375883241121e-01,0.000000000000000000e+00,0.000000000000000000e+00,0.000000000000000000e+00,2.570135473624352018e-02,0.000000000000000000e+00,5.808707593531730468e-02,9.153928129347373155e-02,0.000000000000000000e+00,4.301349678933945320e-02,9.758776099891095651e-03,0.000000000000000000e+00,0.000000000000000000e+00,3.692409532992184384e-02,0.000000000000000000e+00,0.000000000000000000e+00,0.000000000000000000e+00,1.430857449865856612e-01,0.000000000000000000e+00,7.315269745112179534e-02,0.000000000000000000e+00,1.715618051181218850e-01,0.000000000000000000e+00,0.000000000000000000e+00,6.421114473331852868e-02,0.000000000000000000e+00,2.236046783976798902e-01,5.407510630430584220e-02,0.000000000000000000e+00,0.000000000000000000e+00,0.000000000000000000e+00,4.787777772046070135e-02,9.755264231374394246e-02,0.000000000000000000e+00,0.000000000000000000e+00
0.000000000000000000e+00,5.412332034357029975e-02,3.398732301209798634e-01,0.000000000000000000e+00,8.232420391018205330e-02,8.758413124283566387e-02,0.000000000000000000e+00,0.000000000000000000e+00,2.908005091855311863e-01,4.168329326730487588e-02,2.931784003674159367e-01,0.000000000000000000e+00,0.000000000000000000e+00,0.000000000000000000e+00,3.014198624686789674e-01,0.000000000000000000e+00,5.530742204214973423e-01,0.000000000000000000e+00,0.000000000000000000e+00,2.435362904692691538e-02,0.000000000000000000e+00,1.097965861472416649e-01,0.000000000000000000e+00,0.000000000000000000e+00,1.351824322300415951e-02,7.644025000365739508e-02,5.496736395123966168e-02,1.032796682840377706e-01,7.663768219499728779e-03,0.000000000000000000e+00,0.000000000000000000e+00,2.014927341039947917e-01,0.000000000000000000e+00,0.000000000000000000e+00,1.497541547223556480e-01,2.173753027389782599e-01,8.958418259120012883e-02,0.000000000000000000e+00,1.238193150128501924e-03,0.000000000000000000e+00,1.700761003400282426e-02,0.000000000000000000e+00,0.000000000000000000e+00,1.213151314645752321e-01,1.043052445432092745e-01,0.000000000000000000e+00,5.402642189938775541e-01,1.187579907093132443e-02,1.447690299970959965e-02,0.000000000000000000e+00,0.000000000000000000e+00,7.321065700166845547e-02,1.216082920849749921e-01,0.000000000000000000e+00,0.000000000000000000e+00,0.000000000000000000e+00,0.000000000000000000e+00,1.809515926808838437e-02,1.763805025647145475e-01,1.872672409601071897e-01,3.110868927939453715e-03,1.932428304721107298e-02,1.170323515819374771e-01,6.522989590306405017e-02,0.000000000000000000e+00,9.483733380187275852e-02,3.538581044919004992e-02,0.000000000000000000e+00,1.352247018447645388e-01,2.004797100385399822e-01,0.000000000000000000e+00,9.284628451849491482e-02,3.286471685794581377e-02,0.000000000000000000e+00,9.483668908169622103e-02,1.768137151056766720e-01,1.810502302718828421e-02,1.767786456742386769e-01,0.000000000000000000e+00,1.478050980806252801e-01,1.997214641149314823e-02,1.436034253927588600e-01,0.000000000000000000e+00,0.000000000000000000e+00,1.002231808467905216e-01,0.000000000000000000e+00,0.000000000000000000e+00,0.000000000000000000e+00,3.600996964615645057e-02,8.433662229962558821e-02,4.320240293126551001e-02,0.000000000000000000e+00,4.948248406026570234e-02,8.838381131083326847e-02,0.000000000000000000e+00,0.000000000000000000e+00,3.994330695410927556e-04,5.652276201452334503e-02,0.000000000000000000e+00,1.999214485327129309e-01
0.000000000000000000e+00,1.124089370921386305e-02,7.318932305938534721e-01,0.000000000000000000e+00,2.417713716866706497e-01,0.000000000000000000e+00,0.000000000000000000e+00,0.000000000000000000e+00,6.429515856160761267e-01,1.090952004660080132e-01,1.029858743556165135e-01,0.000000000000000000e+00,0.000000000000000000e+00,0.000000000000000000e+00,2.921257396723111466e-01,0.000000000000000000e+00,6.472866405239254828e-01,8.974815482887421592e-02,0.000000000000000000e+00,5.544101455756172969e-02,0.000000000000000000e+00,8.634482286947388341e-02,0.000000000000000000e+00,0.000000000000000000e+00,2.048351209238246096e-01,0.000000000000000000e+00,2.537165011764476175e-01,0.000000000000000000e+00,0.000000000000000000e+00,8.974815482887421592e-02,0.000000000000000000e+00,1.162018806544920096e-01,0.000000000000000000e+00,0.000000000000000000e+00,3.193258238896414247e-01,2.797931737223555704e-01,3.460587068540561806e-02,4.119116795388524238e-02,0.000000000000000000e+00,0.000000000000000000e+00,1.044794442099009069e-01,0.000000000000000000e+00,0.000000000000000000e+00,7.945103714298157316e-04,9.721420107937657484e-02,5.402642189938775541e-01,0.000000000000000000e+00,2.684711585069621959e-02,0.000000000000000000e+00,0.000000000000000000e+00,0.000000000000000000e+00,1.511305100786413877e-02,1.413981225150883203e-01,1.091248340550014795e-03,0.000000000000000000e+00,0.000000000000000000e+00,0.000000000000000000e+00,1.835075352404479387e-01,1.113953247190452300e-01,2.137782595228195082e-01,0.000000000000000000e+00,0.000000000000000000e+00,3.123700239827317815e-02,6.141784602716226366e-02,0.000000000000000000e+00,1.533022954418515327e-01,0.000000000000000000e+00,1.208148809659778666e-02,1.556763275230788612e-01,8.718197608460367953e-02,0.000000000000000000e+00,0.000000000000000000e+00,0.000000000000000000e+00,0.000000000000000000e+00,8.028027676561366732e-02,8.644457802939317648e-02,2.336520693567382956e-02,7.693543954668555229e-02,0.000000000000000000e+00,1.015996104736523326e-01,3.059992141467875876e-02,8.888384783780989284e-02,0.000000000000000000e+00,0.000000000000000000e+00,2.605911168361626368e-02,0.000000000000000000e+00,0.000000000000000000e+00,0.000000000000000000e+00,0.000000000000000000e+00,1.405629205091575018e-01,2.871390841602605368e-02,0.000000000000000000e+00,3.306365069057596445e-02,8.680586647805406397e-02,0.000000000000000000e+00,6.394273296424091146e-02,0.000000000000000000e+00,1.723193433249413375e-02,0.000000000000000000e+00,2.066066906353939414e-01
0.000000000000000000e+00,0.000000000000000000e+00,0.000000000000000000e+00,6.976521337978436321e-02,0.000000000000000000e+00,1.643835149849952604e-01,9.732451155877064330e-03,0.000000000000000000e+00,0.000000000000000000e+00,0.000000000000000000e+00,1.390280410846727321e-01,1.234215535336542074e-01,2.220435597429621169e-02,2.119493342576988237e-01,0.000000000000000000e+00,0.000000000000000000e+00,5.289606320477548140e-02,0.000000000000000000e+00,0.000000000000000000e+00,3.893397387757435713e-02,0.000000000000000000e+00,0.000000000000000000e+00,0.000000000000000000e+00,1.502324673878387140e-01,7.659723805908855154e-02,1.888673961040546884e-02,2.241389199304045510e-01,8.816003913668279957e-02,1.496462434145932607e-01,0.000000000000000000e+00,0.000000000000000000e+00,1.094608122138410536e-02,0.000000000000000000e+00,1.304469181032762160e-02,0.000000000000000000e+00,0.000000000000000000e+00,0.000000000000000000e+00,1.211356864407320127e-01,4.091256817150376590e-02,1.195140544250690995e-01,6.397983506262693021e-02,2.652318054104824130e-02,3.932657028184882719e-02,0.000000000000000000e+00,0.000000000000000000e+00,1.187579907093132443e-02,2.684711585069621959e-02,0.000000000000000000e+00,1.005514864096637706e-02,8.614970516651198826e-03,6.405593074507635876e-02,2.069591209656709008e-01,4.536961371799971832e-02,9.231928050897873772e-02,0.000000000000000000e+00,6.649129516839147325e-02,5.990811278309771809e-02,7.552839711198539030e-02,2.950482565525992806e-02,0.000000000000000000e+00,0.000000000000000000e+00,8.073769811267782204e-02,8.721478764081634638e-02,0.000000000000000000e+00,0.000000000000000000e+00,0.000000000000000000e+00,5.823460859390044292e-02,0.000000000000000000e+00,1.263294705135034612e-01,1.657362959796088164e-02,1.207514914201318901e-01,0.000000000000000000e+00,0.000000000000000000e+00,2.692629705922179595e-02,0.000000000000000000e+00,0.000000000000000000e+00,3.579035432724181343e-02,7.937849097139296206e-02,4.284080445587794272e-02,0.000000000000000000e+00,1.050303931156594262e-01,0.000000000000000000e+00,0.000000000000000000e+00,0.000000000000000000e+00,9.111141995434567792e-03,0.000000000000000000e+00,4.304094263689273170e-02,0.000000000000000000e+00,1.447995719067250442e-01,6.488175371158186322e-02,0.000000000000000000e+00,7.398427608967461655e-02,1.403417975494749004e-01,0.000000000000000000e+00,0.000000000000000000e+00,0.000000000000000000e+00,0.000000000000000000e+00,0.000000000000000000e+00,6.525718874775984779e-02,0.000000000000000000e+00
0.000000000000000000e+00,1.222103062498439696e-01,0.000000000000000000e+00,3.583639208699530843e-02,1.745750862093867761e-01,7.238099007605316437e-01,1.123374382365368573e-01,6.402474593528328928e-03,0.000000000000000000e+00,2.163561857825684331e-01,6.201118803793281842e-01,7.303398398622020782e-01,0.000000000000000000e+00,7.942991695329248980e-03,0.000000000000000000e+00,0.000000000000000000e+00,0.000000000000000000e+00,0.000000000000000000e+00,2.024110253076787935e-01,2.180405646365073113e-02,0.000000000000000000e+00,0.000000000000000000e+00,0.000000000000000000e+00,2.088007532137345357e-01,9.287190580448459465e-02,2.536557760740250078e-01,0.000000000000000000e+00,0.000000000000000000e+00,8.051147316052048586e-02,0.000000000000000000e+00,2.024110253076787935e-01,0.000000000000000000e+00,6.110297778947766309e-03,0.000000000000000000e+00,0.000000000000000000e+00,0.000000000000000000e+00,0.000000000000000000e+00,0.000000000000000000e+00,1.260563705409272206e-01,8.145277623610124029e-02,2.544470679748682129e-01,2.128117509759953896e-01,2.306269346523793784e-01,1.815486750353751400e-01,1.644791856595772817e-01,1.447690299970959965e-02,0.000000000000000000e+00,1.005514864096637706e-02,0.000000000000000000e+00,0.000000000000000000e+00,0.000000000000000000e+00,1.584519013791486075e-01,0.000000000000000000e+00,2.431070086495115690e-02,1.876623360477169822e-01,2.320576034944683008e-01,6.234872413077452435e-02,0.000000000000000000e+00,2.041635261717466426e-02,1.266577173196897776e-01,0.000000000000000000e+00,1.009951830447020915e-01,3.727140191228631855e-02,9.376524719916816408e-02,0.000000000000000000e+00,1.175115316771926585e-02,2.151427269313590379e-02,2.578869087062672302e-02,0.000000000000000000e+00,0.000000000000000000e+00,2.263828405714118919e-01,2.247931532741375693e-01,3.965189188546636156e-02,0.000000000000000000e+00,0.000000000000000000e+00,9.760270129424926389e-02,0.000000000000000000e+00,0.000000000000000000e+00,0.000000000000000000e+00,0.000000000000000000e+00,2.118355948649831150e-02,4.464084289977979236e-02,1.500482189811269684e-01,3.246148213286753625e-02,0.000000000000000000e+00,0.000000000000000000e+00,1.483518387470212918e-01,0.000000000000000000e+00,1.295182151838757678e-01,1.188222295829071962e-01,0.000000000000000000e+00,6.189661093959189508e-02,0.000000000000000000e+00,2.091104610618897686e-02,0.000000000000000000e+00,1.108816365456572889e-01,6.373869573211873862e-02,0.000000000000000000e+00,1.759546358556631496e-01,1.216975660507055301e-01
0.000000000000000000e+00,0.000000000000000000e+00,0.000000000000000000e+00,0.000000000000000000e+00,8.055026339901877330e-03,0.000000000000000000e+00,2.495524068755681779e-01,1.683771099141318506e-01,0.000000000000000000e+00,0.000000000000000000e+00,0.000000000000000000e+00,0.000000000000000000e+00,1.446035011949737548e-01,8.512986245051355760e-02,0.000000000000000000e+00,1.234787938754555447e-01,0.000000000000000000e+00,2.576917303201607945e-01,0.000000000000000000e+00,0.000000000000000000e+00,0.000000000000000000e+00,0.000000000000000000e+00,1.032996977792709214e-01,0.000000000000000000e+00,0.000000000000000000e+00,0.000000000000000000e+00,4.561608640731951853e-02,0.000000000000000000e+00,0.000000000000000000e+00,2.576917303201607945e-01,0.000000000000000000e+00,1.747877453492397426e-01,0.000000000000000000e+00,5.042418479272401388e-01,0.000000000000000000e+00,0.000000000000000000e+00,0.000000000000000000e+00,1.156604054543333704e-01,0.000000000000000000e+00,2.011357362957454376e-01,0.000000000000000000e+00,0.000000000000000000e+00,8.344998048059755480e-02,0.000000000000000000e+00,1.136884469567625289e-01,0.000000000000000000e+00,0.000000000000000000e+00,8.614970516651198826e-03,0.000000000000000000e+00,0.000000000000000000e+00,3.029543560595979526e-02,3.171946215999202345e-02,0.000000000000000000e+00,2.593227805535260055e-02,0.000000000000000000e+00,0.000000000000000000e+00,1.090857640962921149e-01,3.901543581249572457e-02,0.000000000000000000e+00,0.000000000000000000e+00,2.279120713911131912e-01,7.354620228396471782e-02,0.000000000000000000e+00,0.000000000000000000e+00,2.879023460673467705e-01,1.014479667832530185e-01,0.000000000000000000e+00,1.558165532046504320e-03,0.000000000000000000e+00,0.000000000000000000e+00,0.000000000000000000e+00,0.000000000000000000e+00,8.678312186505943160e-02,5.819775105901786594e-03,0.000000000000000000e+00,0.000000000000000000e+00,1.530218397325819601e-01,0.000000000000000000e+00,1.796494107728335843e-01,0.000000000000000000e+00,2.423738365089124491e-02,0.000000000000000000e+00,5.333892723652634837e-02,1.500763120145082175e-02,1.514021022276150485e-03,1.341107734879285474e-01,2.306970756719455701e-02,1.607533215145705019e-01,0.000000000000000000e+00,0.000000000000000000e+00,4.753886259193661201e-02,0.000000000000000000e+00,1.896564887663576907e-02,0.000000000000000000e+00,0.000000000000000000e+00,0.000000000000000000e+00,2.222329751603846493e-02,0.000000000000000000e+00,0.000000000000000000e+00,0.000000000000000000e+00
7.241742966033265505e-02,0.000000000000000000e+00,0.000000000000000000e+00,0.000000000000000000e+00,0.000000000000000000e+00,0.000000000000000000e+00,1.227762546517686404e-01,4.774865165293083746e-02,0.000000000000000000e+00,0.000000000000000000e+00,0.000000000000000000e+00,0.000000000000000000e+00,0.000000000000000000e+00,5.705868353291589090e-02,0.000000000000000000e+00,7.776803074265942195e-02,0.000000000000000000e+00,2.689074893837457847e-02,1.833920391907891967e-01,0.000000000000000000e+00,0.000000000000000000e+00,1.100110494672697503e-01,4.720209299986952850e-02,0.000000000000000000e+00,0.000000000000000000e+00,0.000000000000000000e+00,0.000000000000000000e+00,1.156701226036483537e-01,0.000000000000000000e+00,2.689074893837457847e-02,1.833920391907891967e-01,8.095944500556980297e-03,0.000000000000000000e+00,1.144782423293999943e-02,0.000000000000000000e+00,8.761859241877234528e-02,0.000000000000000000e+00,1.834845823473429255e-02,9.091282249490995060e-02,4.809467420321212466e-02,1.884277507680428773e-02,6.551081095817958000e-02,5.800156978977961952e-03,0.000000000000000000e+00,2.677368251760912921e-02,0.000000000000000000e+00,0.000000000000000000e+00,6.405593074507635876e-02,0.000000000000000000e+00,3.029543560595979526e-02,0.000000000000000000e+00,7.477180613117088981e-02,0.000000000000000000e+00,0.000000000000000000e+00,0.000000000000000000e+00,6.770193205830523503e-03,0.000000000000000000e+00,0.000000000000000000e+00,0.000000000000000000e+00,0.000000000000000000e+00,1.042989112943733393e-01,1.045599897177351689e-02,0.000000000000000000e+00,8.932910635474872185e-02,1.590090151962637033e-01,6.600657672590948266e-02,7.558831524443343497e-02,0.000000000000000000e+00,5.459224182399750880e-02,0.000000000000000000e+00,0.000000000000000000e+00,0.000000000000000000e+00,8.407309388197088673e-02,0.000000000000000000e+00,0.000000000000000000e+00,0.000000000000000000e+00,0.000000000000000000e+00,0.000000000000000000e+00,1.424544764941250777e-02,0.000000000000000000e+00,1.333718171469693015e-02,0.000000000000000000e+00,1.423657772946575473e-01,1.985941571725328147e-01,9.599503725646582608e-02,0.000000000000000000e+00,2.169318836551213311e-02,0.000000000000000000e+00,0.000000000000000000e+00,0.000000000000000000e+00,0.000000000000000000e+00,1.627499245518012061e-01,0.000000000000000000e+00,1.828416334097975743e-02,1.086274212583595578e-01,0.000000000000000000e+00,7.623757337209478846e-02,8.434689743987137944e-02,0.000000000000000000e+00,0.000000000000000000e+00
0.000000000000000000e+00,2.623592106892426445e-02,0.000000000000000000e+00,1.072073175335135076e-03,7.244428486415889490e-02,1.397617625607377734e-01,5.278441195159350174e-02,8.336178159064060178e-02,0.000000000000000000e+00,3.581129335549126935e-02,1.084639356202951183e-01,7.923283204693404302e-02,0.000000000000000000e+00,7.525845225607674660e-03,0.000000000000000000e+00,0.000000000000000000e+00,0.000000000000000000e+00,1.881170733457503824e-02,0.000000000000000000e+00,0.000000000000000000e+00,0.000000000000000000e+00,5.466576367729368557e-03,0.000000000000000000e+00,0.000000000000000000e+00,2.730848844358960137e-02,0.000000000000000000e+00,1.016351692980092813e-01,0.000000000000000000e+00,9.924606326407531265e-02,1.881170733457503824e-02,0.000000000000000000e+00,2.147847756380338868e-02,0.000000000000000000e+00,0.000000000000000000e+00,0.000000000000000000e+00,0.000000000000000000e+00,0.000000000000000000e+00,1.140137116489763625e-01,0.000000000000000000e+00,1.893473965776004339e-02,1.562862649800397241e-01,7.311845995617335947e-03,4.185162555689700414e-02,4.583770982170246033e-02,1.941365220869165076e-02,7.321065700166845547e-02,1.511305100786413877e-02,2.069591209656709008e-01,1.584519013791486075e-01,3.171946215999202345e-02,7.477180613117088981e-02,0.000000000000000000e+00,0.000000000000000000e+00,0.000000000000000000e+00,0.000000000000000000e+00,0.000000000000000000e+00,4.337936833741090625e-02,0.000000000000000000e+00,0.000000000000000000e+00,0.000000000000000000e+00,0.000000000000000000e+00,0.000000000000000000e+00,1.141831572465357991e-01,0.000000000000000000e+00,0.000000000000000000e+00,9.773584266043172653e-02,5.041524299419489208e-02,0.000000000000000000e+00,4.489694573633408459e-02,6.526878578151529275e-02,3.305943520854702500e-02,0.000000000000000000e+00,6.714650789476298010e-02,0.000000000000000000e+00,1.737003654100102434e-01,4.089777806647802022e-02,2.627385592911810064e-02,0.000000000000000000e+00,5.239277250755548787e-02,0.000000000000000000e+00,0.000000000000000000e+00,0.000000000000000000e+00,4.387738855639704283e-02,8.721589093965473327e-02,0.000000000000000000e+00,0.000000000000000000e+00,4.276227636291062006e-02,1.710565731818925739e-01,0.000000000000000000e+00,1.170441187262811489e-01,0.000000000000000000e+00,7.001346501759800334e-02,7.339768048288426716e-02,0.000000000000000000e+00,0.000000000000000000e+00,0.000000000000000000e+00,3.651690197652229797e-02,5.155566004921707801e-02,3.082987988198913551e-02,0.000000000000000000e+00
0.000000000000000000e+00,3.998534982367255020e-02,1.239429504030236801e-01,9.583548185980272915e-02,4.383954431584541345e-03,2.605214846167477893e-03,2.037025037280722900e-02,0.000000000000000000e+00,2.457290942947943369e-01,0.000000000000000000e+00,0.000000000000000000e+00,0.000000000000000000e+00,3.277000773404608464e-02,7.642710062953212563e-03,0.000000000000000000e+00,0.000000000000000000e+00,1.546890982345486276e-01,0.000000000000000000e+00,8.430085344620691368e-02,2.825534273009262798e-02,1.412421914761653186e-01,3.963443967921025102e-04,0.000000000000000000e+00,0.000000000000000000e+00,4.240468413167624434e-02,0.000000000000000000e+00,1.848030044074219225e-01,3.300263676474803759e-02,9.810628484986427811e-02,0.000000000000000000e+00,8.430085344620691368e-02,6.028641543927262120e-02,9.325768856930771039e-03,0.000000000000000000e+00,1.597043085444935506e-01,0.000000000000000000e+00,1.139319036339969671e-01,0.000000000000000000e+00,4.842025053378300192e-02,0.000000000000000000e+00,0.000000000000000000e+00,0.000000000000000000e+00,0.000000000000000000e+00,0.000000000000000000e+00,9.582162212558131831e-02,1.216082920849749921e-01,1.413981225150883203e-01,4.536961371799971832e-02,0.000000000000000000e+00,0.000000000000000000e+00,0.000000000000000000e+00,0.000000000000000000e+00,0.000000000000000000e+00,0.000000000000000000e+00,1.427902735489202934e-01,3.583405748039178440e-02,1.109366436495877184e-01,4.501005331295755002e-02,0.000000000000000000e+00,3.225453670451820798e-02,0.000000000000000000e+00,0.000000000000000000e+00,5.280192599748687043e-02,0.000000000000000000e+00,0.000000000000000000e+00,0.000000000000000000e+00,5.455619729720442151e-03,0.000000000000000000e+00,9.656663421328250119e-02,1.022665728466847362e-01,0.000000000000000000e+00,0.000000000000000000e+00,2.619662237172983715e-02,7.080012422283632478e-02,8.128056953655532491e-02,1.606374097379797278e-02,0.000000000000000000e+00,0.000000000000000000e+00,4.110437059027492734e-02,2.116552142151482616e-02,6.621958222405693872e-02,4.125061284209560752e-02,0.000000000000000000e+00,0.000000000000000000e+00,0.000000000000000000e+00,1.324463381173570653e-01,0.000000000000000000e+00,1.679465685332730274e-02,1.701917528747681763e-02,1.452097974976729496e-02,1.827055247784703518e-01,8.390910553783219317e-02,4.574607018780026124e-02,0.000000000000000000e+00,0.000000000000000000e+00,0.000000000000000000e+00,0.000000000000000000e+00,5.836054663667177705e-02,0.000000000000000000e+00,4.563663648327111189e-02
8.977747203028760281e-02,3.869090736546153264e-02,2.737562506196579079e-02,1.321443325444202066e-01,5.146215705519659872e-02,9.469610609293780193e-03,0.000000000000000000e+00,0.000000000000000000e+00,5.984349113838130507e-02,3.776270836428621824e-02,0.000000000000000000e+00,3.279923573281986332e-02,0.000000000000000000e+00,5.969846049416201172e-02,0.000000000000000000e+00,4.765404771630347980e-02,0.000000000000000000e+00,7.718056442387127847e-02,1.269841183172524396e-02,1.556954911993115309e-01,6.920712052904393410e-03,1.303689339987049722e-01,0.000000000000000000e+00,3.805670732477110796e-02,1.725560916486216789e-01,5.140880633293309909e-02,0.000000000000000000e+00,4.645751170394823992e-02,1.611786090835098939e-01,7.718056442387127847e-02,1.269841183172524396e-02,0.000000000000000000e+00,9.178626893472949244e-02,1.465209769888932700e-01,2.785596716357017708e-02,5.413279222829930903e-02,0.000000000000000000e+00,9.898895729070353311e-02,1.419361720790740175e-02,7.374131990314701512e-02,3.274830489842128073e-02,0.000000000000000000e+00,0.000000000000000000e+00,0.000000000000000000e+00,0.000000000000000000e+00,0.000000000000000000e+00,1.091248340550014795e-03,9.231928050897873772e-02,2.431070086495115690e-02,2.593227805535260055e-02,0.000000000000000000e+00,0.000000000000000000e+00,0.000000000000000000e+00,0.000000000000000000e+00,0.000000000000000000e+00,0.000000000000000000e+00,4.334238946305524198e-02,7.171664357055784755e-02,4.467220959561490207e-02,5.345218260754586170e-02,0.000000000000000000e+00,0.000000000000000000e+00,2.087912563900137103e-02,0.000000000000000000e+00,5.392193810464870896e-02,3.912706543928341080e-02,7.813707706461748073e-03,7.616865114534640546e-02,0.000000000000000000e+00,0.000000000000000000e+00,3.568351611110572030e-02,0.000000000000000000e+00,0.000000000000000000e+00,1.516712449425726417e-01,0.000000000000000000e+00,1.327737419847051514e-01,1.486038241612469279e-01,1.419625836671977726e-01,1.494726961278707578e-01,0.000000000000000000e+00,9.201905211860465783e-02,4.389478838108709646e-02,0.000000000000000000e+00,1.244644959073735735e-01,0.000000000000000000e+00,3.604342731519506824e-03,0.000000000000000000e+00,0.000000000000000000e+00,7.194876976782771383e-02,0.000000000000000000e+00,8.252970921058551401e-02,0.000000000000000000e+00,0.000000000000000000e+00,0.000000000000000000e+00,1.385371097059295842e-01,0.000000000000000000e+00,8.081477161101338624e-02,0.000000000000000000e+00,0.000000000000000000e+00,1.223008738720455929e-01
1.847980285766622627e-02,1.141231334176419365e-02,0.000000000000000000e+00,0.000000000000000000e+00,1.418989024195575765e-02,1.627112995914023197e-01,6.650681893551396717e-02,0.000000000000000000e+00,0.000000000000000000e+00,1.167496397796313340e-01,3.775341166960933387e-02,1.718801983216545759e-01,1.699869680052281118e-01,0.000000000000000000e+00,0.000000000000000000e+00,0.000000000000000000e+00,0.000000000000000000e+00,0.000000000000000000e+00,1.427022272867941033e-01,2.915805418919179687e-02,9.026807759922708674e-02,1.292791253800169848e-01,0.000000000000000000e+00,1.329737579805246039e-01,0.000000000000000000e+00,1.717682721420753789e-01,0.000000000000000000e+00,2.342088162597912374e-02,8.917360748217229016e-02,0.000000000000000000e+00,1.427022272867941033e-01,2.498400641241909498e-02,5.477569901473942904e-02,0.000000000000000000e+00,0.000000000000000000e+00,2.358381942134146758e-02,1.063085352843617590e-02,0.000000000000000000e+00,0.000000000000000000e+00,5.932309864612052286e-03,0.000000000000000000e+00,0.000000000000000000e+00,2.130774597155508099e-01,0.000000000000000000e+00,0.000000000000000000e+00,0.000000000000000000e+00,0.000000000000000000e+00,0.000000000000000000e+00,1.876623360477169822e-01,0.000000000000000000e+00,0.000000000000000000e+00,0.000000000000000000e+00,1.427902735489202934e-01,0.000000000000000000e+00,0.000000000000000000e+00,8.408345126350952325e-02,2.397496100312940942e-02,1.269615763155595989e-03,1.531331693419565043e-01,4.371213353761432829e-02,6.021998607609378718e-02,0.000000000000000000e+00,3.237298967925775900e-02,0.000000000000000000e+00,0.000000000000000000e+00,0.000000000000000000e+00,0.000000000000000000e+00,0.000000000000000000e+00,0.000000000000000000e+00,0.000000000000000000e+00,3.973851653657865801e-02,7.227362181753518855e-02,0.000000000000000000e+00,4.633415703227877769e-02,1.237789183878946070e-01,0.000000000000000000e+00,0.000000000000000000e+00,8.463410241306452975e-02,0.000000000000000000e+00,8.735168504038021142e-02,8.422123220308756764e-02,0.000000000000000000e+00,3.939200511593617116e-02,0.000000000000000000e+00,9.837024863359787596e-02,0.000000000000000000e+00,0.000000000000000000e+00,7.840922392332008717e-02,5.030528853783929055e-02,0.000000000000000000e+00,6.753405279481111689e-02,7.202443874553006442e-02,4.452222487936753972e-03,1.301891751249406037e-01,6.205906033665505028e-03,0.000000000000000000e+00,0.000000000000000000e+00,6.655381375685351375e-02,0.000000000000000000e+00,7.980303120810722239e-02
2.192374737187430950e-02,1.517541474995320328e-01,0.000000000000000000e+00,1.473916706031914714e-01,0.000000000000000000e+00,2.655106564343626685e-01,7.157768589955451621e-02,8.202590451735462806e-02,0.000000000000000000e+00,8.524113603261598837e-02,2.112791272342002813e-01,2.412612324637146699e-01,0.000000000000000000e+00,7.298970159207252006e-02,1.042295131535693337e-01,0.000000000000000000e+00,0.000000000000000000e+00,0.000000000000000000e+00,3.233122395834260587e-02,3.258876692982055900e-02,2.230791360443570154e-02,0.000000000000000000e+00,6.381712705255905560e-02,1.727680608798312090e-01,0.000000000000000000e+00,3.743432546702302188e-02,0.000000000000000000e+00,0.000000000000000000e+00,0.000000000000000000e+00,0.000000000000000000e+00,3.233122395834260587e-02,0.000000000000000000e+00,0.000000000000000000e+00,0.000000000000000000e+00,0.000000000000000000e+00,0.000000000000000000e+00,3.198393987067173205e-02,6.857585459469832390e-02,1.679136738625809366e-01,3.147127777732999787e-02,2.534310510574978512e-02,1.863186144961941904e-01,1.039903919805983123e-01,1.271049708706102066e-01,6.925818769386798968e-02,0.000000000000000000e+00,0.000000000000000000e+00,6.649129516839147325e-02,2.320576034944683008e-01,0.000000000000000000e+00,6.770193205830523503e-03,0.000000000000000000e+00,3.583405748039178440e-02,0.000000000000000000e+00,8.408345126350952325e-02,0.000000000000000000e+00,0.000000000000000000e+00,0.000000000000000000e+00,1.029053148575599375e-01,1.884106620287331543e-02,1.291909348262270107e-01,0.000000000000000000e+00,0.000000000000000000e+00,3.296275283411709278e-02,0.000000000000000000e+00,0.000000000000000000e+00,1.552071019202281299e-01,1.068785629251050445e-02,0.000000000000000000e+00,1.058466408114660390e-01,1.866614727426673670e-01,1.998648611400671293e-01,7.460865537890586791e-03,0.000000000000000000e+00,0.000000000000000000e+00,0.000000000000000000e+00,7.581460219315006022e-02,3.141663178540706619e-02,0.000000000000000000e+00,0.000000000000000000e+00,0.000000000000000000e+00,0.000000000000000000e+00,4.706036564980132370e-02,5.032829612365204153e-02,4.468091506135028756e-02,4.824155147643278962e-02,2.304431959843053490e-02,2.733553448164402488e-02,4.316656594149409498e-02,2.423626088657120647e-01,0.000000000000000000e+00,2.450275054682314602e-02,8.825616430017395320e-02,0.000000000000000000e+00,0.000000000000000000e+00,2.511001147899743352e-02,0.000000000000000000e+00,0.000000000000000000e+00,0.000000000000000000e+00,0.000000000000000000e+00
4.261839244949426619e-02,0.000000000000000000e+00,5.311599452848057845e-02,2.816859143542024824e-02,0.000000000000000000e+00,9.721343563553960787e-02,1.433703359645242294e-02,0.000000000000000000e+00,0.000000000000000000e+00,2.605728269612310466e-02,3.181164655122947077e-02,1.307609684245686354e-01,7.253504738487455417e-02,0.000000000000000000e+00,0.000000000000000000e+00,0.000000000000000000e+00,1.738324299981303805e-02,0.000000000000000000e+00,0.000000000000000000e+00,0.000000000000000000e+00,1.491991160267311378e-03,5.048146930623158279e-03,1.238313022998972501e-01,1.432145162558956519e-01,1.102532582278687723e-01,0.000000000000000000e+00,2.252767936632306400e-01,6.797859912791710812e-02,4.921524078930381019e-02,0.000000000000000000e+00,0.000000000000000000e+00,6.931238571287906547e-02,2.100806714716143553e-01,0.000000000000000000e+00,8.863940783066744100e-03,0.000000000000000000e+00,0.000000000000000000e+00,0.000000000000000000e+00,0.000000000000000000e+00,0.000000000000000000e+00,4.289020003146308546e-02,0.000000000000000000e+00,6.321757116635781659e-02,0.000000000000000000e+00,0.000000000000000000e+00,0.000000000000000000e+00,0.000000000000000000e+00,5.990811278309771809e-02,6.234872413077452435e-02,1.090857640962921149e-01,0.000000000000000000e+00,4.337936833741090625e-02,1.109366436495877184e-01,4.334238946305524198e-02,2.397496100312940942e-02,0.000000000000000000e+00,0.000000000000000000e+00,0.000000000000000000e+00,0.000000000000000000e+00,0.000000000000000000e+00,2.331693374559759210e-02,0.000000000000000000e+00,0.000000000000000000e+00,0.000000000000000000e+00,0.000000000000000000e+00,0.000000000000000000e+00,0.000000000000000000e+00,0.000000000000000000e+00,0.000000000000000000e+00,1.651001377835631112e-01,1.083426546891900072e-01,0.000000000000000000e+00,1.769146846167194143e-01,1.570729372450310468e-01,3.504515084021356253e-02,0.000000000000000000e+00,0.000000000000000000e+00,3.136724982188356103e-02,1.094930835667129593e-01,0.000000000000000000e+00,1.011947615106521814e-01,2.625337746658502197e-02,3.822301997998717865e-02,1.143495176886486914e-01,3.107900350651646854e-02,1.903860306892331614e-02,0.000000000000000000e+00,1.171130198314900978e-01,0.000000000000000000e+00,1.328961155947680495e-01,4.219451134133325038e-03,0.000000000000000000e+00,1.381926925055811106e-02,0.000000000000000000e+00,1.900134490967476594e-02,8.447450075676862791e-02,0.000000000000000000e+00,0.000000000000000000e+00,0.000000000000000000e+00,1.444291817262199906e-01
0.000000000000000000e+00,0.000000000000000000e+00,2.210327706622524646e-01,0.000000000000000000e+00,2.566446829870909496e-02,0.000000000000000000e+00,0.000000000000000000e+00,3.203192427023596189e-02,2.266979622796633231e-01,0.000000000000000000e+00,0.000000000000000000e+00,0.000000000000000000e+00,0.000000000000000000e+00,1.612915278519556350e-01,0.000000000000000000e+00,4.859537812291218895e-02,7.995458596217679126e-02,8.258600206273511435e-02,0.000000000000000000e+00,1.160127670621729501e-01,0.000000000000000000e+00,6.244522111612346715e-03,0.000000000000000000e+00,0.000000000000000000e+00,0.000000000000000000e+00,5.595106262221788418e-03,1.090316489493229624e-01,7.309662483384972431e-02,5.216002233521915832e-02,8.258600206273511435e-02,0.000000000000000000e+00,2.471088820471478709e-03,0.000000000000000000e+00,6.414997813417594452e-02,1.487310305608807171e-01,0.000000000000000000e+00,8.762622238562954580e-02,7.649483268610704489e-02,0.000000000000000000e+00,5.632539974471517663e-02,0.000000000000000000e+00,0.000000000000000000e+00,0.000000000000000000e+00,0.000000000000000000e+00,4.332468362963758091e-02,1.809515926808838437e-02,1.835075352404479387e-01,7.552839711198539030e-02,0.000000000000000000e+00,3.901543581249572457e-02,0.000000000000000000e+00,0.000000000000000000e+00,4.501005331295755002e-02,7.171664357055784755e-02,1.269615763155595989e-03,0.000000000000000000e+00,0.000000000000000000e+00,0.000000000000000000e+00,7.317300001385396158e-02,1.018349818710977683e-01,0.000000000000000000e+00,0.000000000000000000e+00,2.651648074657163637e-02,4.705765061341428412e-02,0.000000000000000000e+00,4.209231760738361972e-02,0.000000000000000000e+00,1.626721880275914522e-01,0.000000000000000000e+00,2.480039158852548678e-02,0.000000000000000000e+00,0.000000000000000000e+00,0.000000000000000000e+00,1.513616859110321067e-01,1.449760049955942272e-02,0.000000000000000000e+00,7.703283162080043489e-02,2.802824699758966337e-02,5.390351506871852993e-02,3.704477104305899798e-02,8.900248195499374515e-02,0.000000000000000000e+00,0.000000000000000000e+00,0.000000000000000000e+00,7.904564817762585460e-02,1.294957449078125780e-02,5.781459480372312665e-02,6.161488486722733332e-02,0.000000000000000000e+00,0.000000000000000000e+00,5.200046258846165864e-02,0.000000000000000000e+00,0.000000000000000000e+00,1.078202598789369943e-01,5.988952653862392693e-03,6.558297443553748329e-02,0.000000000000000000e+00,0.000000000000000000e+00,1.622713723331811395e-02,1.467133451676033706e-01
5.766711193887965464e-02,1.264130488533548591e-01,4.846866430692159389e-02,1.060549322133952366e-01,3.811232246653208783e-02,0.000000000000000000e+00,0.000000000000000000e+00,2.332002422438152894e-02,3.667128992552885769e-03,1.213976483007128127e-01,1.177600110277668977e-01,0.000000000000000000e+00,0.000000000000000000e+00,0.000000000000000000e+00,1.318141923149698108e-02,4.717949425286048493e-02,4.898433507666970221e-02,0.000000000000000000e+00,4.496694691717832010e-02,1.673142200328063198e-02,2.483842578665993589e-02,1.216699889355922076e-01,0.000000000000000000e+00,0.000000000000000000e+00,0.000000000000000000e+00,1.109010038569619716e-01,0.000000000000000000e+00,4.678285935173215337e-02,1.037048596567472641e-02,0.000000000000000000e+00,4.496694691717832010e-02,1.101933025152852935e-01,0.000000000000000000e+00,0.000000000000000000e+00,1.495969824626351696e-01,3.926127833426706903e-02,1.291323295502441737e-01,1.064248432873141081e-02,1.580436225473383360e-02,0.000000000000000000e+00,1.300143845813438170e-02,9.954136756656638274e-02,1.350414189252229641e-02,0.000000000000000000e+00,6.283598775668249731e-04,1.763805025647145475e-01,1.113953247190452300e-01,2.950482565525992806e-02,2.041635261717466426e-02,0.000000000000000000e+00,0.000000000000000000e+00,0.000000000000000000e+00,0.000000000000000000e+00,4.467220959561490207e-02,1.531331693419565043e-01,1.029053148575599375e-01,0.000000000000000000e+00,7.317300001385396158e-02,0.000000000000000000e+00,7.003416670063550287e-02,0.000000000000000000e+00,0.000000000000000000e+00,2.242922272433909292e-01,1.071442307892422618e-01,0.000000000000000000e+00,1.832228616309712274e-02,4.344245690630646473e-03,0.000000000000000000e+00,0.000000000000000000e+00,0.000000000000000000e+00,6.042142076507784482e-02,1.432216954604818154e-02,5.894818393272632795e-03,0.000000000000000000e+00,1.450411356811570907e-01,0.000000000000000000e+00,7.026661449553585348e-03,2.914220760996200643e-01,0.000000000000000000e+00,2.380321850192281818e-01,1.453280609844354032e-01,0.000000000000000000e+00,0.000000000000000000e+00,0.000000000000000000e+00,7.689478665640316069e-02,3.121787401771514148e-02,7.499868237332370235e-02,3.657153655347966659e-02,7.239385494289984901e-02,1.565537643994689698e-02,0.000000000000000000e+00,3.683940343932030209e-02,4.770978765617531203e-02,1.167727763158483978e-01,0.000000000000000000e+00,1.053145657173143734e-01,0.000000000000000000e+00,0.000000000000000000e+00,0.000000000000000000e+00,0.000000000000000000e+00
0.000000000000000000e+00,0.000000000000000000e+00,1.964338128285040008e-01,0.000000000000000000e+00,1.319968612532828045e-01,2.434898294988721221e-02,0.000000000000000000e+00,0.000000000000000000e+00,2.217813827585399244e-01,0.000000000000000000e+00,2.993311053082065021e-02,1.076226651196931783e-01,0.000000000000000000e+00,0.000000000000000000e+00,1.030590411955579766e-01,0.000000000000000000e+00,1.995007293880023680e-01,0.000000000000000000e+00,0.000000000000000000e+00,1.187877793348683826e-02,0.000000000000000000e+00,1.062910364795380397e-01,0.000000000000000000e+00,1.820986566046066402e-01,8.432178221747492486e-02,0.000000000000000000e+00,0.000000000000000000e+00,2.199693585578227362e-02,0.000000000000000000e+00,0.000000000000000000e+00,0.000000000000000000e+00,0.000000000000000000e+00,1.044154796989031075e-01,0.000000000000000000e+00,1.019695935959620825e-01,8.912250036002762610e-02,9.907213310072127133e-02,0.000000000000000000e+00,0.000000000000000000e+00,0.000000000000000000e+00,1.743282146300953114e-02,0.000000000000000000e+00,0.000000000000000000e+00,0.000000000000000000e+00,0.000000000000000000e+00,1.872672409601071897e-01,2.137782595228195082e-01,0.000000000000000000e+00,1.266577173196897776e-01,0.000000000000000000e+00,0.000000000000000000e+00,0.000000000000000000e+00,3.225453670451820798e-02,5.345218260754586170e-02,4.371213353761432829e-02,1.884106620287331543e-02,0.000000000000000000e+00,1.018349818710977683e-01,7.003416670063550287e-02,0.000000000000000000e+00,0.000000000000000000e+00,0.000000000000000000e+00,4.692659332715082982e-02,3.210191386850926865e-01,0.000000000000000000e+00,0.000000000000000000e+00,0.000000000000000000e+00,3.917653156718035184e-02,1.031426879625975401e-01,0.000000000000000000e+00,0.000000000000000000e+00,2.630100504314902832e-01,0.000000000000000000e+00,2.608302931863625690e-02,0.000000000000000000e+00,0.000000000000000000e+00,9.206340317433525655e-02,1.502275664003955291e-01,0.000000000000000000e+00,0.000000000000000000e+00,6.896708142401798691e-02,1.241084136540719363e-01,2.223478795013922316e-02,5.321995174058637146e-02,0.000000000000000000e+00,0.000000000000000000e+00,0.000000000000000000e+00,0.000000000000000000e+00,0.000000000000000000e+00,0.000000000000000000e+00,9.716783967090858454e-04,2.553002721247001408e-02,0.000000000000000000e+00,1.630945276777391248e-02,8.849734341463215415e-02,0.000000000000000000e+00,5.811160114861128878e-02,0.000000000000000000e+00,0.000000000000000000e+00,0.000000000000000000e+00
1.687699209487306465e-02,0.000000000000000000e+00,0.000000000000000000e+00,0.000000000000000000e+00,0.000000000000000000e+00,0.000000000000000000e+00,0.000000000000000000e+00,2.412226197269392303e-01,0.000000000000000000e+00,0.000000000000000000e+00,3.385972689893901322e-02,0.000000000000000000e+00,9.492046839799732350e-02,1.531428581214621942e-01,0.000000000000000000e+00,1.546952497562636974e-01,0.000000000000000000e+00,0.000000000000000000e+00,0.000000000000000000e+00,0.000000000000000000e+00,0.000000000000000000e+00,0.000000000000000000e+00,0.000000000000000000e+00,0.000000000000000000e+00,0.000000000000000000e+00,0.000000000000000000e+00,0.000000000000000000e+00,1.906995780062633039e-01,2.120764091882099828e-02,0.000000000000000000e+00,0.000000000000000000e+00,2.474784795842702861e-02,0.000000000000000000e+00,7.324571048339043045e-02,1.010326861610646304e-02,5.466544623598378061e-02,8.392057814140790883e-02,0.000000000000000000e+00,9.237476251589021858e-02,0.000000000000000000e+00,0.000000000000000000e+00,6.973376734612898864e-02,7.745179098974767917e-02,7.894376365930319550e-02,0.000000000000000000e+00,3.110868927939453715e-03,0.000000000000000000e+00,0.000000000000000000e+00,0.000000000000000000e+00,2.279120713911131912e-01,1.042989112943733393e-01,0.000000000000000000e+00,0.000000000000000000e+00,0.000000000000000000e+00,6.021998607609378718e-02,1.291909348262270107e-01,2.331693374559759210e-02,0.000000000000000000e+00,0.000000000000000000e+00,0.000000000000000000e+00,0.000000000000000000e+00,6.351288659221028532e-02,0.000000000000000000e+00,0.000000000000000000e+00,0.000000000000000000e+00,5.774737709546318154e-02,7.325803117208021242e-02,9.435978443594654486e-02,0.000000000000000000e+00,4.777240611995110797e-02,5.911421629258346855e-02,0.000000000000000000e+00,1.425496086876619842e-02,3.296532958642876820e-02,0.000000000000000000e+00,0.000000000000000000e+00,1.106798494680407002e-01,0.000000000000000000e+00,0.000000000000000000e+00,0.000000000000000000e+00,5.965474931004119408e-03,8.483254494786035549e-02,9.960176037117919601e-02,1.792930749760347220e-01,1.847634452482695699e-01,8.186557049364873162e-02,0.000000000000000000e+00,1.646519273789873172e-01,0.000000000000000000e+00,2.980984938356318059e-02,0.000000000000000000e+00,5.341973324391890987e-02,0.000000000000000000e+00,0.000000000000000000e+00,0.000000000000000000e+00,0.000000000000000000e+00,8.558269393251156931e-02,6.894897516337857024e-02,7.134397851485528574e-02,0.000000000000000000e+00
8.542415517797455338e-02,4.076901976779755132e-02,0.000000000000000000e+00,1.028805980551529692e-01,0.000000000000000000e+00,3.010079680547309011e-02,7.170398513137449248e-02,2.416294069301100911e-01,0.000000000000000000e+00,9.565601563128647844e-02,2.095453266270655424e-01,4.440950534318029164e-02,5.754853647101955405e-02,9.819394162256518677e-02,0.000000000000000000e+00,6.684693071383744634e-02,0.000000000000000000e+00,0.000000000000000000e+00,0.000000000000000000e+00,7.075148829859537192e-02,0.000000000000000000e+00,0.000000000000000000e+00,1.121594757805646769e-01,2.619173810700034521e-02,0.000000000000000000e+00,1.393037286405228170e-01,1.800555446069219620e-02,0.000000000000000000e+00,0.000000000000000000e+00,0.000000000000000000e+00,0.000000000000000000e+00,0.000000000000000000e+00,0.000000000000000000e+00,0.000000000000000000e+00,0.000000000000000000e+00,0.000000000000000000e+00,7.361976825090637416e-03,0.000000000000000000e+00,1.504262424754885807e-01,3.619198551308807493e-02,6.069497143658406785e-02,2.039445035423435582e-01,1.254439984914253459e-01,1.211014307581762539e-01,2.438746560415806092e-02,1.932428304721107298e-02,0.000000000000000000e+00,8.073769811267782204e-02,1.009951830447020915e-01,7.354620228396471782e-02,1.045599897177351689e-02,0.000000000000000000e+00,0.000000000000000000e+00,0.000000000000000000e+00,0.000000000000000000e+00,0.000000000000000000e+00,0.000000000000000000e+00,0.000000000000000000e+00,0.000000000000000000e+00,0.000000000000000000e+00,6.351288659221028532e-02,0.000000000000000000e+00,0.000000000000000000e+00,1.683458989480974555e-01,0.000000000000000000e+00,0.000000000000000000e+00,2.737141020727853341e-02,9.617839910132532089e-02,0.000000000000000000e+00,1.102334406923092050e-02,1.012582147144262118e-01,6.923196372848200442e-02,6.290322949015139664e-02,0.000000000000000000e+00,1.354415697893982667e-02,0.000000000000000000e+00,0.000000000000000000e+00,0.000000000000000000e+00,1.314354385743069509e-01,2.102285296400982495e-02,0.000000000000000000e+00,3.988600923110541263e-03,0.000000000000000000e+00,0.000000000000000000e+00,0.000000000000000000e+00,0.000000000000000000e+00,1.430178698348366917e-01,1.375686558414709187e-02,2.972409273519208833e-02,0.000000000000000000e+00,0.000000000000000000e+00,5.910416642485160493e-02,4.176013982198863161e-02,0.000000000000000000e+00,0.000000000000000000e+00,8.902779880503261523e-02,0.000000000000000000e+00,3.864267454911611555e-02,0.000000000000000000e+00,0.000000000000000000e+00
0.000000000000000000e+00,5.405310425029148658e-02,0.000000000000000000e+00,5.896773424739477909e-02,5.700972468578816704e-04,0.000000000000000000e+00,0.000000000000000000e+00,1.921042498694945644e-02,0.000000000000000000e+00,0.000000000000000000e+00,5.088637213978684792e-02,0.000000000000000000e+00,7.071046953160796400e-02,0.000000000000000000e+00,7.985302632300905756e-02,0.000000000000000000e+00,2.985179675208071703e-02,3.881665255511543289e-02,7.349724826440154346e-02,0.000000000000000000e+00,7.527931203197345267e-02,0.000000000000000000e+00,0.000000000000000000e+00,0.000000000000000000e+00,1.671440797019601021e-01,0.000000000000000000e+00,1.479813474612858004e-02,6.146982589615293535e-02,6.924080858028616725e-02,3.881665255511543289e-02,7.349724826440154346e-02,1.160214341943475447e-01,0.000000000000000000e+00,0.000000000000000000e+00,0.000000000000000000e+00,0.000000000000000000e+00,0.000000000000000000e+00,6.960993432658270363e-02,4.432299466307845770e-02,0.000000000000000000e+00,0.000000000000000000e+00,0.000000000000000000e+00,6.120213888068359517e-03,0.000000000000000000e+00,0.000000000000000000e+00,1.170323515819374771e-01,3.123700239827317815e-02,8.721478764081634638e-02,3.727140191228631855e-02,0.000000000000000000e+00,0.000000000000000000e+00,1.141831572465357991e-01,5.280192599748687043e-02,2.087912563900137103e-02,3.237298967925775900e-02,0.000000000000000000e+00,0.000000000000000000e+00,2.651648074657163637e-02,2.242922272433909292e-01,4.692659332715082982e-02,0.000000000000000000e+00,0.000000000000000000e+00,0.000000000000000000e+00,0.000000000000000000e+00,0.000000000000000000e+00,6.815735549905917179e-02,4.721046977094316838e-02,0.000000000000000000e+00,0.000000000000000000e+00,4.764551486896026478e-02,0.000000000000000000e+00,0.000000000000000000e+00,0.000000000000000000e+00,3.581300654039901166e-02,1.810865783693330761e-02,2.095282114962495612e-01,9.914384737361423006e-02,8.022423422321452169e-02,0.000000000000000000e+00,1.881016310170789407e-01,0.000000000000000000e+00,1.369441525353206901e-01,0.000000000000000000e+00,2.959705200103406042e-02,0.000000000000000000e+00,1.079885866586640375e-01,2.058634518790548179e-02,6.378599243752738901e-02,2.927396542018293468e-01,0.000000000000000000e+00,1.823012889378789608e-02,2.543537736287588766e-02,9.815357859547003266e-03,4.074343363949498031e-02,0.000000000000000000e+00,1.016814182499550107e-02,0.000000000000000000e+00,1.376249906352681185e-01,1.455388172845063777e-01,0.000000000000000000e+00
0.000000000000000000e+00,6.976585972378200606e-02,3.212268114079466774e-02,1.547023813079076091e-02,2.458491716315604203e-02,0.000000000000000000e+00,0.000000000000000000e+00,1.243613825238871172e-02,4.798879024371958263e-02,0.000000000000000000e+00,1.296464187751073527e-01,0.000000000000000000e+00,0.000000000000000000e+00,0.000000000000000000e+00,1.394580030035106610e-01,0.000000000000000000e+00,1.546440625122998645e-02,0.000000000000000000e+00,7.712788841038374643e-02,0.000000000000000000e+00,3.083425830078413699e-02,0.000000000000000000e+00,6.833286899682475268e-02,0.000000000000000000e+00,5.487358658713916565e-02,0.000000000000000000e+00,0.000000000000000000e+00,0.000000000000000000e+00,0.000000000000000000e+00,0.000000000000000000e+00,7.712788841038374643e-02,1.627869319492874015e-02,0.000000000000000000e+00,0.000000000000000000e+00,4.346900095361495853e-02,9.666892696298874654e-02,1.800730947303874618e-01,0.000000000000000000e+00,8.272483362014446118e-02,0.000000000000000000e+00,0.000000000000000000e+00,1.038734351108664133e-01,1.004703952094207486e-01,0.000000000000000000e+00,5.699422687292751699e-02,6.522989590306405017e-02,6.141784602716226366e-02,0.000000000000000000e+00,9.376524719916816408e-02,0.000000000000000000e+00,8.932910635474872185e-02,0.000000000000000000e+00,0.000000000000000000e+00,0.000000000000000000e+00,0.000000000000000000e+00,3.296275283411709278e-02,0.000000000000000000e+00,4.705765061341428412e-02,1.071442307892422618e-01,3.210191386850926865e-01,0.000000000000000000e+00,1.683458989480974555e-01,0.000000000000000000e+00,0.000000000000000000e+00,8.428775953220536687e-02,6.687006613237017616e-02,9.968861787154226217e-02,1.267710530036265382e-01,0.000000000000000000e+00,0.000000000000000000e+00,1.914524697476030490e-02,1.199805455545392141e-01,4.643239805662163766e-02,0.000000000000000000e+00,0.000000000000000000e+00,2.024116368331444274e-02,1.243227859169189348e-01,1.596580323810201929e-01,3.039906932336379486e-02,8.858854116145806201e-02,2.329349226216546886e-02,0.000000000000000000e+00,1.034709614532077770e-01,2.016333147489538652e-02,1.027352042773659740e-01,0.000000000000000000e+00,0.000000000000000000e+00,0.000000000000000000e+00,0.000000000000000000e+00,0.000000000000000000e+00,3.049503768860850617e-02,6.870739658088920176e-02,0.000000000000000000e+00,0.000000000000000000e+00,4.202621230533241242e-02,9.958348577564707371e-02,1.106444902472403791e-01,3.307571414350425620e-02,0.000000000000000000e+00,0.000000000000000000e+00
5.674355032533692084e-02,0.000000000000000000e+00,0.000000000000000000e+00,0.000000000000000000e+00,6.207064403264003771e-02,0.000000000000000000e+00,0.000000000000000000e+00,0.000000000000000000e+00,0.000000000000000000e+00,0.000000000000000000e+00,0.000000000000000000e+00,0.000000000000000000e+00,4.902525748200881051e-03,0.000000000000000000e+00,0.000000000000000000e+00,0.000000000000000000e+00,0.000000000000000000e+00,1.859257997484598801e-01,1.038196378191600239e-01,0.000000000000000000e+00,1.553028458398063305e-01,5.615879960533508991e-02,7.353680872394377510e-02,4.483314144342295110e-02,0.000000000000000000e+00,0.000000000000000000e+00,0.000000000000000000e+00,0.000000000000000000e+00,1.712001557224476431e-02,1.859257997484598801e-01,1.038196378191600239e-01,5.300658870222334923e-03,0.000000000000000000e+00,2.206773796210743654e-01,7.883050508431591052e-02,6.325620938685022621e-03,5.115057661107182130e-02,1.321769568284681395e-01,0.000000000000000000e+00,0.000000000000000000e+00,0.000000000000000000e+00,0.000000000000000000e+00,3.403736225628711809e-02,0.000000000000000000e+00,0.000000000000000000e+00,0.000000000000000000e+00,0.000000000000000000e+00,0.000000000000000000e+00,0.000000000000000000e+00,2.879023460673467705e-01,1.590090151962637033e-01,0.000000000000000000e+00,0.000000000000000000e+00,5.392193810464870896e-02,0.000000000000000000e+00,0.000000000000000000e+00,0.000000000000000000e+00,0.000000000000000000e+00,0.000000000000000000e+00,0.000000000000000000e+00,0.000000000000000000e+00,0.000000000000000000e+00,0.000000000000000000e+00,8.428775953220536687e-02,0.000000000000000000e+00,8.102594050804381998e-02,8.625987292143316720e-02,1.259516312587771053e-02,0.000000000000000000e+00,1.016811531954197045e-01,0.000000000000000000e+00,0.000000000000000000e+00,7.555250063146388972e-02,0.000000000000000000e+00,0.000000000000000000e+00,0.000000000000000000e+00,0.000000000000000000e+00,0.000000000000000000e+00,4.836467886491313192e-03,0.000000000000000000e+00,0.000000000000000000e+00,2.844181012819117782e-02,1.493748906068765314e-01,0.000000000000000000e+00,2.078087619638100542e-02,6.588315651496637337e-02,5.465210492687538196e-03,0.000000000000000000e+00,0.000000000000000000e+00,0.000000000000000000e+00,1.079387793262673312e-01,0.000000000000000000e+00,1.008609460965930738e-01,6.206641307127544471e-02,5.772862103212185458e-02,0.000000000000000000e+00,1.172142813880143603e-01,2.184570254523509475e-02,0.000000000000000000e+00,0.000000000000000000e+00
0.000000000000000000e+00,1.579150504393848631e-01,1.258551995690892211e-01,8.543717644856479998e-04,8.505066980912492913e-02,0.000000000000000000e+00,0.000000000000000000e+00,1.347743785284918339e-01,1.087323822810169760e-02,0.000000000000000000e+00,1.529892677957654934e-01,0.000000000000000000e+00,0.000000000000000000e+00,0.000000000000000000e+00,1.283858452372816372e-01,0.000000000000000000e+00,2.585115226955572026e-02,7.657676904821289487e-03,1.036429049000643643e-02,0.000000000000000000e+00,0.000000000000000000e+00,1.094152048327031723e-01,0.000000000000000000e+00,0.000000000000000000e+00,1.960878560855982278e-01,0.000000000000000000e+00,0.000000000000000000e+00,1.606296696913442623e-01,3.214706297573375476e-02,7.657676904821289487e-03,1.036429049000643643e-02,5.672911941647388462e-02,0.000000000000000000e+00,1.577525138401328353e-02,3.107523306442525057e-02,2.733961722317993642e-03,0.000000000000000000e+00,0.000000000000000000e+00,0.000000000000000000e+00,0.000000000000000000e+00,8.342740116722116572e-02,5.181506743199490450e-02,0.000000000000000000e+00,1.092586469238209096e-01,1.241846375883241121e-01,9.483733380187275852e-02,1.533022954418515327e-01,0.000000000000000000e+00,1.175115316771926585e-02,1.014479667832530185e-01,6.600657672590948266e-02,9.773584266043172653e-02,0.000000000000000000e+00,3.912706543928341080e-02,0.000000000000000000e+00,0.000000000000000000e+00,0.000000000000000000e+00,4.209231760738361972e-02,1.832228616309712274e-02,0.000000000000000000e+00,5.774737709546318154e-02,0.000000000000000000e+00,6.815735549905917179e-02,6.687006613237017616e-02,8.102594050804381998e-02,0.000000000000000000e+00,0.000000000000000000e+00,0.000000000000000000e+00,0.000000000000000000e+00,0.000000000000000000e+00,0.000000000000000000e+00,1.333044539329329009e-02,0.000000000000000000e+00,0.000000000000000000e+00,0.000000000000000000e+00,2.800273224130276906e-01,6.616535963574796120e-02,0.000000000000000000e+00,0.000000000000000000e+00,0.000000000000000000e+00,0.000000000000000000e+00,2.899335470292079345e-02,2.052946059902203274e-02,7.743713901304462299e-02,1.077204764524047342e-01,6.750389088379207814e-02,7.101948263079295443e-02,4.711414545215675959e-02,9.901192782966569683e-02,4.012107072024638510e-02,6.618922337165826508e-02,0.000000000000000000e+00,1.056987813460559256e-01,6.191442457214982320e-02,0.000000000000000000e+00,5.817514780949674391e-02,1.234024340753218513e-01,2.751094077963782414e-02,2.266564414052931603e-02,0.000000000000000000e+00
1.530806654112635834e-01,1.238451960271579055e-02,0.000000000000000000e+00,1.823698145838523743e-01,2.901944765823992467e-02,1.716006258007521726e-02,0.000000000000000000e+00,0.000000000000000000e+00,0.000000000000000000e+00,1.074902287181848069e-02,1.171858865489885937e-02,1.542750689434366218e-02,0.000000000000000000e+00,6.867863672375532080e-03,8.383421725618567244e-02,1.523870597397966042e-01,1.417417293883019846e-01,0.000000000000000000e+00,9.132195397503961587e-02,1.860389708170256950e-02,2.982026226824909254e-01,8.881461416409969223e-03,0.000000000000000000e+00,0.000000000000000000e+00,0.000000000000000000e+00,7.970820949251626597e-02,0.000000000000000000e+00,6.192807737408648205e-02,4.232870341580338355e-03,0.000000000000000000e+00,9.132195397503961587e-02,0.000000000000000000e+00,0.000000000000000000e+00,0.000000000000000000e+00,0.000000000000000000e+00,9.598306420995855390e-03,1.744327222550922513e-02,4.770929921780424354e-02,2.021502280376088756e-01,0.000000000000000000e+00,2.286766526563457913e-02,0.000000000000000000e+00,0.000000000000000000e+00,0.000000000000000000e+00,0.000000000000000000e+00,3.538581044919004992e-02,0.000000000000000000e+00,5.823460859390044292e-02,2.151427269313590379e-02,0.000000000000000000e+00,7.558831524443343497e-02,5.041524299419489208e-02,5.455619729720442151e-03,7.813707706461748073e-03,0.000000000000000000e+00,1.552071019202281299e-01,0.000000000000000000e+00,0.000000000000000000e+00,4.344245690630646473e-03,0.000000000000000000e+00,7.325803117208021242e-02,2.737141020727853341e-02,4.721046977094316838e-02,9.968861787154226217e-02,8.625987292143316720e-02,0.000000000000000000e+00,0.000000000000000000e+00,1.316155687351879267e-01,7.658950346955407940e-02,2.122269750813203515e-01,1.436964237003563460e-01,0.000000000000000000e+00,3.933970338932826771e-02,1.037729974043224979e-01,1.491796051784406371e-02,4.930089392126126013e-02,4.969827708580954601e-02,1.543333321336757824e-01,1.505693169903606909e-01,0.000000000000000000e+00,0.000000000000000000e+00,6.098311054100637174e-02,0.000000000000000000e+00,1.080429207520022666e-01,3.197246634017901490e-02,0.000000000000000000e+00,8.652700906658716828e-02,0.000000000000000000e+00,4.265560377115788955e-03,2.540699429139497978e-02,6.929583665739547094e-02,0.000000000000000000e+00,0.000000000000000000e+00,0.000000000000000000e+00,0.000000000000000000e+00,0.000000000000000000e+00,0.000000000000000000e+00,0.000000000000000000e+00,1.189562670836431940e-01,0.000000000000000000e+00
0.000000000000000000e+00,0.000000000000000000e+00,1.183487461253282247e-01,6.523136859907856244e-02,7.996992131446765961e-02,1.626000326606669502e-02,0.000000000000000000e+00,1.518445174959221627e-02,1.265651873950149886e-01,0.000000000000000000e+00,2.925738070868845464e-02,8.482570856371053625e-02,0.000000000000000000e+00,1.769034422281801078e-01,0.000000000000000000e+00,1.539594073039504130e-01,1.548943298730826035e-01,0.000000000000000000e+00,0.000000000000000000e+00,5.041669486691047197e-02,9.389883608648758040e-02,0.000000000000000000e+00,8.845954902043591528e-02,0.000000000000000000e+00,8.775607847491148639e-02,1.391481924177121743e-01,0.000000000000000000e+00,2.571007092717886994e-02,0.000000000000000000e+00,0.000000000000000000e+00,0.000000000000000000e+00,0.000000000000000000e+00,1.090970267334462340e-02,3.985927210495668338e-02,1.040925863268572608e-02,0.000000000000000000e+00,1.217788360241656570e-01,1.154809170447605171e-01,1.397313637438716283e-01,0.000000000000000000e+00,0.000000000000000000e+00,3.800063823089115667e-02,0.000000000000000000e+00,1.229714020756385306e-02,0.000000000000000000e+00,0.000000000000000000e+00,1.208148809659778666e-02,0.000000000000000000e+00,2.578869087062672302e-02,1.558165532046504320e-03,0.000000000000000000e+00,0.000000000000000000e+00,0.000000000000000000e+00,7.616865114534640546e-02,0.000000000000000000e+00,1.068785629251050445e-02,0.000000000000000000e+00,1.626721880275914522e-01,0.000000000000000000e+00,3.917653156718035184e-02,9.435978443594654486e-02,9.617839910132532089e-02,0.000000000000000000e+00,1.267710530036265382e-01,1.259516312587771053e-02,0.000000000000000000e+00,1.316155687351879267e-01,0.000000000000000000e+00,1.362790966444237251e-01,6.820438205528937814e-02,1.517710054801410247e-01,0.000000000000000000e+00,0.000000000000000000e+00,1.142473760993972381e-01,0.000000000000000000e+00,1.326362592719294853e-01,1.972766650089390894e-01,0.000000000000000000e+00,7.933744201495901427e-02,0.000000000000000000e+00,7.324918392594093053e-02,5.195934586170776470e-02,4.907169732018162867e-02,4.908763693640535303e-02,0.000000000000000000e+00,0.000000000000000000e+00,8.859146155337004058e-02,0.000000000000000000e+00,1.239095006985130483e-02,0.000000000000000000e+00,8.436637289858091304e-02,0.000000000000000000e+00,0.000000000000000000e+00,6.026611861302429846e-02,8.464419475496158529e-02,1.066883081799534783e-01,0.000000000000000000e+00,0.000000000000000000e+00,1.472127082277791682e-02,9.237749440874468143e-02
6.449181147880810039e-03,0.000000000000000000e+00,4.572259059146330240e-02,0.000000000000000000e+00,1.221930089312779077e-01,0.000000000000000000e+00,0.000000000000000000e+00,0.000000000000000000e+00,1.102762159980267276e-01,0.000000000000000000e+00,0.000000000000000000e+00,0.000000000000000000e+00,5.783969606827491818e-03,0.000000000000000000e+00,1.491643778017504030e-02,0.000000000000000000e+00,2.006012009348972225e-01,4.188901330366435333e-02,0.000000000000000000e+00,0.000000000000000000e+00,1.225780756018040873e-01,1.554817103791360788e-01,0.000000000000000000e+00,1.005972856776652172e-02,1.520077504083176545e-01,0.000000000000000000e+00,1.347600519627161972e-02,9.705799372603753083e-02,0.000000000000000000e+00,4.188901330366435333e-02,0.000000000000000000e+00,2.261023162127178548e-02,4.418283589376637704e-02,0.000000000000000000e+00,8.403400776403939509e-02,7.025891201375193684e-02,5.605090968088886905e-03,0.000000000000000000e+00,0.000000000000000000e+00,0.000000000000000000e+00,4.436580567115773477e-02,0.000000000000000000e+00,0.000000000000000000e+00,0.000000000000000000e+00,0.000000000000000000e+00,1.352247018447645388e-01,1.556763275230788612e-01,1.263294705135034612e-01,0.000000000000000000e+00,0.000000000000000000e+00,5.459224182399750880e-02,4.489694573633408459e-02,9.656663421328250119e-02,0.000000000000000000e+00,0.000000000000000000e+00,0.000000000000000000e+00,0.000000000000000000e+00,0.000000000000000000e+00,0.000000000000000000e+00,1.031426879625975401e-01,0.000000000000000000e+00,0.000000000000000000e+00,0.000000000000000000e+00,0.000000000000000000e+00,0.000000000000000000e+00,0.000000000000000000e+00,7.658950346955407940e-02,1.362790966444237251e-01,0.000000000000000000e+00,5.189688154703347989e-02,2.749949814613059096e-03,6.192582235384120476e-02,0.000000000000000000e+00,0.000000000000000000e+00,2.274789522380701173e-02,4.345297200238571605e-02,1.012272214825034322e-03,3.738758861641618136e-02,0.000000000000000000e+00,0.000000000000000000e+00,5.285081070210149307e-02,0.000000000000000000e+00,8.281014126780641971e-02,3.350945630032930913e-03,0.000000000000000000e+00,0.000000000000000000e+00,0.000000000000000000e+00,4.704014685815485763e-02,0.000000000000000000e+00,0.000000000000000000e+00,2.599045892640139757e-02,4.419469908040511708e-02,0.000000000000000000e+00,1.872637120587791054e-02,1.426081196858398348e-01,0.000000000000000000e+00,0.000000000000000000e+00,0.000000000000000000e+00,3.719017763270708599e-02,0.000000000000000000e+00
1.246605072038728043e-02,0.000000000000000000e+00,2.450240158752064329e-02,0.000000000000000000e+00,0.000000000000000000e+00,0.000000000000000000e+00,0.000000000000000000e+00,7.917035462197202778e-02,0.000000000000000000e+00,0.000000000000000000e+00,0.000000000000000000e+00,0.000000000000000000e+00,4.619127284130743194e-02,2.909985630127696205e-02,1.779534093047416554e-01,0.000000000000000000e+00,1.932199245428838918e-01,0.000000000000000000e+00,0.000000000000000000e+00,0.000000000000000000e+00,2.760489688803895864e-02,0.000000000000000000e+00,0.000000000000000000e+00,0.000000000000000000e+00,0.000000000000000000e+00,8.339594336424657750e-03,8.435497956126580821e-02,1.288492077425849314e-01,0.000000000000000000e+00,0.000000000000000000e+00,0.000000000000000000e+00,2.645906132591376025e-02,5.656536333407666262e-03,0.000000000000000000e+00,0.000000000000000000e+00,1.616811199148720374e-02,0.000000000000000000e+00,0.000000000000000000e+00,7.824139608273183999e-02,0.000000000000000000e+00,0.000000000000000000e+00,0.000000000000000000e+00,0.000000000000000000e+00,3.003481687927095356e-02,2.570135473624352018e-02,2.004797100385399822e-01,8.718197608460367953e-02,1.657362959796088164e-02,0.000000000000000000e+00,0.000000000000000000e+00,0.000000000000000000e+00,6.526878578151529275e-02,1.022665728466847362e-01,0.000000000000000000e+00,0.000000000000000000e+00,1.058466408114660390e-01,1.651001377835631112e-01,2.480039158852548678e-02,0.000000000000000000e+00,0.000000000000000000e+00,4.777240611995110797e-02,1.102334406923092050e-02,4.764551486896026478e-02,0.000000000000000000e+00,1.016811531954197045e-01,0.000000000000000000e+00,2.122269750813203515e-01,6.820438205528937814e-02,5.189688154703347989e-02,0.000000000000000000e+00,1.182620596692345594e-01,7.905048984178483784e-02,9.068893297217502092e-03,2.481794232228544395e-01,0.000000000000000000e+00,0.000000000000000000e+00,0.000000000000000000e+00,0.000000000000000000e+00,7.252073083541793475e-02,0.000000000000000000e+00,0.000000000000000000e+00,0.000000000000000000e+00,1.105525588401421733e-01,9.243790481100355727e-02,0.000000000000000000e+00,0.000000000000000000e+00,0.000000000000000000e+00,1.079186588958848253e-01,0.000000000000000000e+00,1.758700017220570233e-01,4.893591319193703326e-02,0.000000000000000000e+00,7.565619818862245882e-02,0.000000000000000000e+00,0.000000000000000000e+00,0.000000000000000000e+00,0.000000000000000000e+00,0.000000000000000000e+00,0.000000000000000000e+00,2.970977432228821824e-03
2.038372772093567931e-01,0.000000000000000000e+00,0.000000000000000000e+00,1.455645478038460894e-01,5.066490036835909205e-02,2.707782105885372381e-01,0.000000000000000000e+00,4.608101038237728819e-02,0.000000000000000000e+00,7.649928153231215500e-02,2.449261477049779756e-01,3.037213273655692269e-01,0.000000000000000000e+00,0.000000000000000000e+00,0.000000000000000000e+00,3.284608529973430391e-02,0.000000000000000000e+00,0.000000000000000000e+00,8.630586940301361934e-03,1.170070135016112040e-01,2.669265005312154715e-02,0.000000000000000000e+00,1.418087307633859873e-01,6.204018208865495765e-02,0.000000000000000000e+00,1.156874946608143634e-01,0.000000000000000000e+00,2.410070841923815654e-02,0.000000000000000000e+00,0.000000000000000000e+00,8.630586940301361934e-03,0.000000000000000000e+00,0.000000000000000000e+00,0.000000000000000000e+00,0.000000000000000000e+00,1.269380641704343504e-01,0.000000000000000000e+00,0.000000000000000000e+00,8.147051734784244159e-02,0.000000000000000000e+00,5.424267040293816178e-02,1.538717835220385077e-01,8.929721870477502765e-02,6.638216195084681304e-02,0.000000000000000000e+00,0.000000000000000000e+00,0.000000000000000000e+00,1.207514914201318901e-01,2.263828405714118919e-01,0.000000000000000000e+00,0.000000000000000000e+00,3.305943520854702500e-02,0.000000000000000000e+00,3.568351611110572030e-02,3.973851653657865801e-02,1.866614727426673670e-01,1.083426546891900072e-01,0.000000000000000000e+00,6.042142076507784482e-02,0.000000000000000000e+00,5.911421629258346855e-02,1.012582147144262118e-01,0.000000000000000000e+00,1.914524697476030490e-02,0.000000000000000000e+00,0.000000000000000000e+00,1.436964237003563460e-01,1.517710054801410247e-01,2.749949814613059096e-03,1.182620596692345594e-01,0.000000000000000000e+00,8.463687271296006787e-02,1.059659866220825052e-02,0.000000000000000000e+00,0.000000000000000000e+00,1.012164389752692739e-01,3.026892569482861339e-02,2.194141715072095988e-01,1.317433032930311332e-01,0.000000000000000000e+00,0.000000000000000000e+00,8.554553970223990889e-02,5.952563317536570253e-02,1.441929556391572387e-01,8.569793716584253596e-02,0.000000000000000000e+00,4.205933062105755849e-02,0.000000000000000000e+00,0.000000000000000000e+00,1.743980906940403308e-01,0.000000000000000000e+00,0.000000000000000000e+00,9.038761911766216017e-02,0.000000000000000000e+00,1.682617328868504444e-02,1.051357697984794948e-01,7.168805655807011790e-02,0.000000000000000000e+00,1.213181571963022898e-01,6.254563019994902051e-02
0.000000000000000000e+00,1.536341411642350718e-01,1.331523187247897651e-02,0.000000000000000000e+00,0.000000000000000000e+00,2.020596987818119306e-01,0.000000000000000000e+00,5.132158776299496072e-02,0.000000000000000000e+00,0.000000000000000000e+00,1.831184524490740428e-01,2.099592378333117459e-01,0.000000000000000000e+00,0.000000000000000000e+00,1.401199111865741309e-01,0.000000000000000000e+00,8.486371693364307134e-02,0.000000000000000000e+00,0.000000000000000000e+00,0.000000000000000000e+00,4.503361959540207876e-02,0.000000000000000000e+00,0.000000000000000000e+00,1.210962116087846707e-01,2.867695323645451377e-02,0.000000000000000000e+00,0.000000000000000000e+00,0.000000000000000000e+00,0.000000000000000000e+00,0.000000000000000000e+00,0.000000000000000000e+00,3.047089178301867762e-02,6.353054826861215254e-02,0.000000000000000000e+00,0.000000000000000000e+00,7.116700129693558086e-02,1.307959415650548074e-01,0.000000000000000000e+00,1.853185805329995994e-01,0.000000000000000000e+00,1.152959457926205356e-01,1.279779025694351702e-01,9.723862894070126051e-02,9.617959410995487179e-02,5.808707593531730468e-02,9.284628451849491482e-02,0.000000000000000000e+00,0.000000000000000000e+00,2.247931532741375693e-01,0.000000000000000000e+00,0.000000000000000000e+00,0.000000000000000000e+00,0.000000000000000000e+00,0.000000000000000000e+00,7.227362181753518855e-02,1.998648611400671293e-01,0.000000000000000000e+00,0.000000000000000000e+00,1.432216954604818154e-02,2.630100504314902832e-01,0.000000000000000000e+00,6.923196372848200442e-02,0.000000000000000000e+00,1.199805455545392141e-01,0.000000000000000000e+00,1.333044539329329009e-02,0.000000000000000000e+00,0.000000000000000000e+00,6.192582235384120476e-02,7.905048984178483784e-02,8.463687271296006787e-02,0.000000000000000000e+00,1.717969248403249799e-02,0.000000000000000000e+00,0.000000000000000000e+00,7.985589717112449859e-02,0.000000000000000000e+00,7.695529530428686649e-02,0.000000000000000000e+00,5.622771289001203543e-02,2.102078684387320012e-02,0.000000000000000000e+00,8.877422748288060772e-02,3.102290929468164149e-02,5.714821042494880321e-02,8.098459705667790387e-02,9.560024236905019512e-02,0.000000000000000000e+00,0.000000000000000000e+00,3.094904762531793321e-02,0.000000000000000000e+00,6.953988825210433156e-02,1.425325250233604180e-01,6.721914861529697249e-02,0.000000000000000000e+00,2.740575355530349561e-02,4.530720648703703141e-02,0.000000000000000000e+00,0.000000000000000000e+00,3.007123717574484989e-02
0.000000000000000000e+00,2.897588751446600330e-02,0.000000000000000000e+00,5.414458810858060328e-02,6.200662715335999997e-02,1.163009975105607219e-01,4.363791727391676256e-02,1.301345936733908082e-01,0.000000000000000000e+00,5.904381664082862524e-02,5.055533527770875862e-02,2.714615737039793864e-02,0.000000000000000000e+00,0.000000000000000000e+00,0.000000000000000000e+00,1.980313302526355845e-01,0.000000000000000000e+00,3.929096139144449412e-03,2.132090828619759293e-02,3.116843148862968871e-02,9.989642174977467204e-02,0.000000000000000000e+00,4.489750316806236097e-02,0.000000000000000000e+00,4.630039278364082161e-02,0.000000000000000000e+00,0.000000000000000000e+00,1.813160425875746246e-02,6.810640281464611784e-04,3.929096139144449412e-03,2.132090828619759293e-02,8.131175406553144136e-02,0.000000000000000000e+00,5.496605421675825748e-02,7.252475800781467419e-02,0.000000000000000000e+00,2.997170595662874970e-02,7.233926578624239045e-02,6.573160353526910638e-02,3.661966602507064905e-02,0.000000000000000000e+00,5.594842983782441492e-02,1.106114680853478027e-01,1.279726899021610964e-01,9.153928129347373155e-02,3.286471685794581377e-02,0.000000000000000000e+00,0.000000000000000000e+00,3.965189188546636156e-02,8.678312186505943160e-02,8.407309388197088673e-02,6.714650789476298010e-02,2.619662237172983715e-02,0.000000000000000000e+00,0.000000000000000000e+00,7.460865537890586791e-03,1.769146846167194143e-01,0.000000000000000000e+00,5.894818393272632795e-03,0.000000000000000000e+00,1.425496086876619842e-02,6.290322949015139664e-02,0.000000000000000000e+00,4.643239805662163766e-02,7.555250063146388972e-02,0.000000000000000000e+00,3.933970338932826771e-02,0.000000000000000000e+00,0.000000000000000000e+00,9.068893297217502092e-03,1.059659866220825052e-02,1.717969248403249799e-02,0.000000000000000000e+00,0.000000000000000000e+00,2.503412188245658643e-02,0.000000000000000000e+00,0.000000000000000000e+00,0.000000000000000000e+00,1.571590742040062383e-01,0.000000000000000000e+00,0.000000000000000000e+00,6.537298961940284092e-02,0.000000000000000000e+00,3.044147939617482257e-02,5.440219022229825924e-02,2.809125431058716316e-02,1.611214378097707012e-01,0.000000000000000000e+00,0.000000000000000000e+00,0.000000000000000000e+00,0.000000000000000000e+00,5.008670026321646734e-02,0.000000000000000000e+00,0.000000000000000000e+00,6.648283097543818132e-03,0.000000000000000000e+00,7.579005465921360291e-03,0.000000000000000000e+00,0.000000000000000000e+00,4.339602907147469685e-02
4.102239652393348951e-02,2.370815762090743017e-02,0.000000000000000000e+00,1.310427814975285293e-02,0.000000000000000000e+00,0.000000000000000000e+00,4.835456433782208546e-02,0.000000000000000000e+00,0.000000000000000000e+00,1.938775286617087923e-02,0.000000000000000000e+00,0.000000000000000000e+00,5.029143965610403250e-02,1.059611085366147093e-01,0.000000000000000000e+00,7.565264966003464042e-02,0.000000000000000000e+00,0.000000000000000000e+00,0.000000000000000000e+00,1.612862395189722936e-02,4.556799576226248927e-02,2.303310320601058281e-02,5.014583289847052844e-02,0.000000000000000000e+00,0.000000000000000000e+00,4.286564220726778174e-02,7.169764019732974281e-03,4.685720817347483608e-02,1.209169123224477713e-02,0.000000000000000000e+00,0.000000000000000000e+00,0.000000000000000000e+00,1.080236686009362346e-01,4.361761336751423385e-02,0.000000000000000000e+00,2.605298127441305761e-02,0.000000000000000000e+00,0.000000000000000000e+00,1.252170379903782063e-02,1.068274632852182077e-01,0.000000000000000000e+00,6.258304082194912632e-02,6.852925891760237864e-02,0.000000000000000000e+00,0.000000000000000000e+00,0.000000000000000000e+00,0.000000000000000000e+00,2.692629705922179595e-02,0.000000000000000000e+00,5.819775105901786594e-03,0.000000000000000000e+00,0.000000000000000000e+00,7.080012422283632478e-02,1.516712449425726417e-01,4.633415703227877769e-02,0.000000000000000000e+00,1.570729372450310468e-01,1.513616859110321067e-01,0.000000000000000000e+00,2.608302931863625690e-02,3.296532958642876820e-02,0.000000000000000000e+00,3.581300654039901166e-02,0.000000000000000000e+00,0.000000000000000000e+00,0.000000000000000000e+00,1.037729974043224979e-01,1.142473760993972381e-01,0.000000000000000000e+00,2.481794232228544395e-01,0.000000000000000000e+00,0.000000000000000000e+00,0.000000000000000000e+00,0.000000000000000000e+00,0.000000000000000000e+00,0.000000000000000000e+00,6.233135072749884653e-02,1.273427786094475378e-01,0.000000000000000000e+00,0.000000000000000000e+00,1.879485922866914668e-02,0.000000000000000000e+00,0.000000000000000000e+00,1.807702825951802150e-01,0.000000000000000000e+00,0.000000000000000000e+00,0.000000000000000000e+00,4.465346942269720482e-02,1.561815131772071458e-02,1.184576326010004094e-02,1.239316408477951909e-01,2.405203935921292405e-02,0.000000000000000000e+00,3.368662576068928022e-02,3.569191638340875328e-02,0.000000000000000000e+00,8.898091291685142346e-02,0.000000000000000000e+00,1.595287802283980316e-02,0.000000000000000000e+00
1.351980405370240834e-01,4.076596571503224298e-02,1.338002950526101242e-01,9.440562973344995834e-02,0.000000000000000000e+00,0.000000000000000000e+00,2.311324286150754845e-02,9.130432845972151490e-02,1.105826695660017123e-01,1.460354928238625782e-01,0.000000000000000000e+00,7.384719877084541806e-05,0.000000000000000000e+00,0.000000000000000000e+00,5.886922738894964646e-02,9.444588207520208945e-02,7.401734228065767751e-02,0.000000000000000000e+00,0.000000000000000000e+00,5.920108200306981039e-02,1.459851449469484752e-01,0.000000000000000000e+00,6.377231320924761637e-02,0.000000000000000000e+00,0.000000000000000000e+00,8.604175744426696693e-02,2.277538336064036384e-01,0.000000000000000000e+00,0.000000000000000000e+00,0.000000000000000000e+00,0.000000000000000000e+00,3.802831222032360126e-02,0.000000000000000000e+00,0.000000000000000000e+00,1.244969634865084884e-01,0.000000000000000000e+00,9.063810199376853838e-02,5.846177320478231076e-02,2.167295831215235169e-03,5.700137905811625272e-02,0.000000000000000000e+00,1.468240253610517999e-02,2.647303410658287393e-02,1.134835408926031936e-01,4.301349678933945320e-02,9.483668908169622103e-02,8.028027676561366732e-02,0.000000000000000000e+00,0.000000000000000000e+00,0.000000000000000000e+00,0.000000000000000000e+00,1.737003654100102434e-01,8.128056953655532491e-02,0.000000000000000000e+00,1.237789183878946070e-01,0.000000000000000000e+00,3.504515084021356253e-02,1.449760049955942272e-02,1.450411356811570907e-01,0.000000000000000000e+00,0.000000000000000000e+00,1.354415697893982667e-02,1.810865783693330761e-02,0.000000000000000000e+00,0.000000000000000000e+00,0.000000000000000000e+00,1.491796051784406371e-02,0.000000000000000000e+00,2.274789522380701173e-02,0.000000000000000000e+00,0.000000000000000000e+00,0.000000000000000000e+00,2.503412188245658643e-02,0.000000000000000000e+00,0.000000000000000000e+00,4.335049866323516937e-02,0.000000000000000000e+00,1.141301363555529691e-01,0.000000000000000000e+00,1.494507063737638732e-02,0.000000000000000000e+00,7.954630571503201394e-03,1.524519463084326315e-02,0.000000000000000000e+00,3.197189795997910922e-02,0.000000000000000000e+00,0.000000000000000000e+00,1.379365728032242444e-01,0.000000000000000000e+00,1.165981986566666170e-02,0.000000000000000000e+00,5.455011635980368256e-02,8.665377467592164096e-02,9.175040120256297560e-02,9.543785621199302183e-02,0.000000000000000000e+00,0.000000000000000000e+00,7.534531479168757317e-02,0.000000000000000000e+00,0.000000000000000000e+00
0.000000000000000000e+00,9.527524784095967036e-02,9.427273841398645104e-02,6.602525706306594522e-02,1.931511863675420548e-01,9.041041151214064542e-02,0.000000000000000000e+00,0.000000000000000000e+00,1.451760461899716526e-01,1.364866262304453154e-02,1.520428094972888777e-01,7.013859802615074468e-02,0.000000000000000000e+00,0.000000000000000000e+00,1.573879486010943130e-01,0.000000000000000000e+00,2.009015539456140420e-01,3.890631891202192549e-02,1.311092218513160157e-01,0.000000000000000000e+00,5.961950085691468393e-02,0.000000000000000000e+00,0.000000000000000000e+00,0.000000000000000000e+00,1.976224335455575298e-01,0.000000000000000000e+00,1.107697704087490798e-01,3.391494082133054283e-02,0.000000000000000000e+00,3.890631891202192549e-02,1.311092218513160157e-01,0.000000000000000000e+00,9.099280533119150083e-02,0.000000000000000000e+00,0.000000000000000000e+00,0.000000000000000000e+00,0.000000000000000000e+00,1.239980211448665909e-01,0.000000000000000000e+00,0.000000000000000000e+00,6.169356933088337991e-02,5.171128103331649323e-03,0.000000000000000000e+00,1.930039928668808302e-01,9.758776099891095651e-03,1.768137151056766720e-01,8.644457802939317648e-02,0.000000000000000000e+00,9.760270129424926389e-02,0.000000000000000000e+00,0.000000000000000000e+00,4.089777806647802022e-02,1.606374097379797278e-02,1.327737419847051514e-01,0.000000000000000000e+00,0.000000000000000000e+00,0.000000000000000000e+00,0.000000000000000000e+00,0.000000000000000000e+00,0.000000000000000000e+00,0.000000000000000000e+00,0.000000000000000000e+00,2.095282114962495612e-01,2.024116368331444274e-02,0.000000000000000000e+00,2.800273224130276906e-01,4.930089392126126013e-02,1.326362592719294853e-01,4.345297200238571605e-02,0.000000000000000000e+00,1.012164389752692739e-01,7.985589717112449859e-02,0.000000000000000000e+00,0.000000000000000000e+00,4.335049866323516937e-02,0.000000000000000000e+00,1.530475993458304818e-01,0.000000000000000000e+00,7.599257795488534306e-02,2.569508426633067971e-02,3.916919309608966893e-02,1.468255831616614715e-01,9.422356333154721653e-02,4.919593967763112585e-02,7.673233649823402169e-02,7.481496945574583890e-02,0.000000000000000000e+00,0.000000000000000000e+00,1.656028435957596634e-01,3.432804432347846130e-02,0.000000000000000000e+00,0.000000000000000000e+00,4.476940393551259029e-02,3.514208465992240543e-02,0.000000000000000000e+00,0.000000000000000000e+00,7.387376317542787563e-02,7.729769936501332261e-03,1.729939470900655751e-01,9.181303594909276389e-02
0.000000000000000000e+00,1.040732252061104396e-02,0.000000000000000000e+00,5.501196400794042957e-02,0.000000000000000000e+00,0.000000000000000000e+00,8.999191390578414884e-02,3.819605143757868332e-02,0.000000000000000000e+00,0.000000000000000000e+00,0.000000000000000000e+00,0.000000000000000000e+00,1.265145969103630974e-01,4.194819961220132287e-02,0.000000000000000000e+00,4.656785998235404844e-02,2.431794137462787997e-02,8.168297499068138956e-02,0.000000000000000000e+00,0.000000000000000000e+00,0.000000000000000000e+00,5.236568735851699491e-02,0.000000000000000000e+00,1.176966913863435570e-02,5.111449843341508981e-02,0.000000000000000000e+00,1.014174197926694249e-01,1.526412862761707401e-01,4.476788366364935212e-02,8.168297499068138956e-02,0.000000000000000000e+00,1.153322427321188115e-01,0.000000000000000000e+00,4.579089164115457411e-02,8.760865259792809112e-02,0.000000000000000000e+00,5.355032673443566038e-02,8.260392014777379055e-03,1.709873019042040115e-02,0.000000000000000000e+00,0.000000000000000000e+00,4.255010328982945095e-02,0.000000000000000000e+00,0.000000000000000000e+00,0.000000000000000000e+00,1.810502302718828421e-02,2.336520693567382956e-02,3.579035432724181343e-02,0.000000000000000000e+00,1.530218397325819601e-01,0.000000000000000000e+00,2.627385592911810064e-02,0.000000000000000000e+00,1.486038241612469279e-01,0.000000000000000000e+00,7.581460219315006022e-02,0.000000000000000000e+00,7.703283162080043489e-02,7.026661449553585348e-03,9.206340317433525655e-02,1.106798494680407002e-01,0.000000000000000000e+00,9.914384737361423006e-02,1.243227859169189348e-01,0.000000000000000000e+00,6.616535963574796120e-02,4.969827708580954601e-02,1.972766650089390894e-01,1.012272214825034322e-03,0.000000000000000000e+00,3.026892569482861339e-02,0.000000000000000000e+00,0.000000000000000000e+00,6.233135072749884653e-02,0.000000000000000000e+00,1.530475993458304818e-01,0.000000000000000000e+00,0.000000000000000000e+00,2.079734865459573548e-02,0.000000000000000000e+00,1.061304251886364680e-01,1.581419924433975499e-01,0.000000000000000000e+00,9.836023458880868708e-02,1.909304775680638680e-02,3.774203730239151372e-02,0.000000000000000000e+00,1.205347920671785977e-01,8.172739466921677409e-02,1.914777742153431911e-02,7.148581263993601664e-02,0.000000000000000000e+00,7.524619729134879309e-02,8.420808250332660616e-02,0.000000000000000000e+00,0.000000000000000000e+00,1.711186556160657624e-01,8.779237285506122368e-02,0.000000000000000000e+00,0.000000000000000000e+00
1.012547117382332218e-01,3.038849678636571308e-02,0.000000000000000000e+00,1.559254910460848020e-01,1.865669161651641039e-01,0.000000000000000000e+00,0.000000000000000000e+00,0.000000000000000000e+00,0.000000000000000000e+00,3.350532371159345435e-02,4.370793295481920082e-02,2.657948524186693265e-02,6.161242176091976525e-02,0.000000000000000000e+00,0.000000000000000000e+00,0.000000000000000000e+00,3.423911259735776258e-02,0.000000000000000000e+00,7.305818206392339365e-03,4.075181252278234356e-02,1.275318156176936668e-01,6.591348168638587468e-02,0.000000000000000000e+00,3.405947875188119339e-02,0.000000000000000000e+00,9.125236061598047954e-03,0.000000000000000000e+00,0.000000000000000000e+00,0.000000000000000000e+00,0.000000000000000000e+00,7.305818206392339365e-03,2.551065790207907025e-01,0.000000000000000000e+00,5.126288049421848236e-03,8.731317209762454179e-02,1.024628077240434809e-01,0.000000000000000000e+00,0.000000000000000000e+00,0.000000000000000000e+00,0.000000000000000000e+00,4.745522570715051541e-02,0.000000000000000000e+00,1.262710201226311113e-01,0.000000000000000000e+00,0.000000000000000000e+00,1.767786456742386769e-01,7.693543954668555229e-02,7.937849097139296206e-02,0.000000000000000000e+00,0.000000000000000000e+00,0.000000000000000000e+00,0.000000000000000000e+00,0.000000000000000000e+00,1.419625836671977726e-01,8.463410241306452975e-02,3.141663178540706619e-02,3.136724982188356103e-02,2.802824699758966337e-02,2.914220760996200643e-01,1.502275664003955291e-01,0.000000000000000000e+00,0.000000000000000000e+00,8.022423422321452169e-02,1.596580323810201929e-01,0.000000000000000000e+00,0.000000000000000000e+00,1.543333321336757824e-01,0.000000000000000000e+00,3.738758861641618136e-02,0.000000000000000000e+00,2.194141715072095988e-01,7.695529530428686649e-02,0.000000000000000000e+00,1.273427786094475378e-01,1.141301363555529691e-01,0.000000000000000000e+00,0.000000000000000000e+00,0.000000000000000000e+00,0.000000000000000000e+00,2.538241045757384518e-01,6.870345118166527876e-02,0.000000000000000000e+00,4.977730853403876388e-02,0.000000000000000000e+00,1.678159714218148968e-01,0.000000000000000000e+00,0.000000000000000000e+00,0.000000000000000000e+00,0.000000000000000000e+00,4.359238483610500259e-02,0.000000000000000000e+00,1.076855119666133981e-01,1.558562411571814410e-01,9.525121096230347584e-02,1.302684215838554455e-02,0.000000000000000000e+00,0.000000000000000000e+00,0.000000000000000000e+00,1.573008239003284570e-02,2.221460501652973429e-02
7.375770833658382153e-02,0.000000000000000000e+00,0.000000000000000000e+00,6.667533984378479217e-02,3.479322454752718091e-02,0.000000000000000000e+00,1.161921363328662082e-01,0.000000000000000000e+00,0.000000000000000000e+00,0.000000000000000000e+00,6.833545973056385364e-03,0.000000000000000000e+00,1.070053681441699017e-01,0.000000000000000000e+00,0.000000000000000000e+00,2.251073026843340430e-01,0.000000000000000000e+00,0.000000000000000000e+00,1.872218085443390356e-03,1.718260529900668965e-01,3.448383321361819798e-02,1.101595658232676217e-01,1.341905389346148558e-01,0.000000000000000000e+00,1.729400962381533180e-02,0.000000000000000000e+00,0.000000000000000000e+00,0.000000000000000000e+00,1.381970555115859534e-01,0.000000000000000000e+00,1.872218085443390356e-03,4.872964417604539605e-02,2.440038618413194887e-02,2.014543417665596303e-01,4.596361757711747709e-05,0.000000000000000000e+00,2.550963782169665336e-02,3.873632066536426138e-02,7.564995909408947505e-02,1.078960133535738219e-01,0.000000000000000000e+00,0.000000000000000000e+00,7.902015909213670752e-02,0.000000000000000000e+00,3.692409532992184384e-02,0.000000000000000000e+00,0.000000000000000000e+00,4.284080445587794272e-02,0.000000000000000000e+00,1.796494107728335843e-01,1.424544764941250777e-02,5.239277250755548787e-02,4.110437059027492734e-02,1.494726961278707578e-01,0.000000000000000000e+00,0.000000000000000000e+00,1.094930835667129593e-01,5.390351506871852993e-02,0.000000000000000000e+00,0.000000000000000000e+00,0.000000000000000000e+00,1.314354385743069509e-01,0.000000000000000000e+00,3.039906932336379486e-02,4.836467886491313192e-03,0.000000000000000000e+00,1.505693169903606909e-01,7.933744201495901427e-02,0.000000000000000000e+00,7.252073083541793475e-02,1.317433032930311332e-01,0.000000000000000000e+00,1.571590742040062383e-01,0.000000000000000000e+00,0.000000000000000000e+00,7.599257795488534306e-02,2.079734865459573548e-02,0.000000000000000000e+00,0.000000000000000000e+00,0.000000000000000000e+00,1.177162626282612923e-01,4.186311023875376874e-02,4.765493731548733902e-03,3.748049524392103177e-02,0.000000000000000000e+00,0.000000000000000000e+00,0.000000000000000000e+00,5.690180111068969537e-02,0.000000000000000000e+00,6.900513879752877278e-02,0.000000000000000000e+00,0.000000000000000000e+00,0.000000000000000000e+00,0.000000000000000000e+00,0.000000000000000000e+00,5.636257595854372859e-02,0.000000000000000000e+00,0.000000000000000000e+00,0.000000000000000000e+00,2.229184393817006463e-02
0.000000000000000000e+00,8.099373937715950711e-02,2.949801445876537240e-02,0.000000000000000000e+00,8.495612226561219393e-02,0.000000000000000000e+00,0.000000000000000000e+00,0.000000000000000000e+00,0.000000000000000000e+00,0.000000000000000000e+00,0.000000000000000000e+00,0.000000000000000000e+00,3.780688110069174712e-02,0.000000000000000000e+00,0.000000000000000000e+00,0.000000000000000000e+00,4.970093914337362501e-02,1.102459361927500964e-01,1.125232466051795249e-01,0.000000000000000000e+00,6.138464896227214390e-02,2.842355346905132973e-02,0.000000000000000000e+00,0.000000000000000000e+00,0.000000000000000000e+00,2.290045404431649556e-02,0.000000000000000000e+00,7.853170172905739321e-02,0.000000000000000000e+00,1.102459361927500964e-01,1.125232466051795249e-01,1.850283495409569268e-01,0.000000000000000000e+00,6.278954345706369566e-03,7.665888073395719926e-02,1.969813458944111306e-01,0.000000000000000000e+00,0.000000000000000000e+00,0.000000000000000000e+00,0.000000000000000000e+00,5.654740957245374400e-02,0.000000000000000000e+00,7.459861371661632989e-02,1.910767337465886506e-02,0.000000000000000000e+00,1.478050980806252801e-01,1.015996104736523326e-01,0.000000000000000000e+00,0.000000000000000000e+00,0.000000000000000000e+00,0.000000000000000000e+00,0.000000000000000000e+00,2.116552142151482616e-02,0.000000000000000000e+00,8.735168504038021142e-02,0.000000000000000000e+00,0.000000000000000000e+00,3.704477104305899798e-02,2.380321850192281818e-01,0.000000000000000000e+00,0.000000000000000000e+00,2.102285296400982495e-02,1.881016310170789407e-01,8.858854116145806201e-02,0.000000000000000000e+00,0.000000000000000000e+00,0.000000000000000000e+00,0.000000000000000000e+00,0.000000000000000000e+00,0.000000000000000000e+00,0.000000000000000000e+00,5.622771289001203543e-02,0.000000000000000000e+00,0.000000000000000000e+00,1.494507063737638732e-02,2.569508426633067971e-02,0.000000000000000000e+00,2.538241045757384518e-01,0.000000000000000000e+00,0.000000000000000000e+00,0.000000000000000000e+00,1.366412500848362133e-01,1.132702920108939054e-02,0.000000000000000000e+00,1.304157136927105165e-01,5.160538200835301792e-02,0.000000000000000000e+00,0.000000000000000000e+00,0.000000000000000000e+00,6.903254865160381171e-02,8.118014513717088099e-02,0.000000000000000000e+00,1.867860424943678654e-01,7.486319319623767343e-02,0.000000000000000000e+00,0.000000000000000000e+00,0.000000000000000000e+00,3.674356196657650730e-02,0.000000000000000000e+00,0.000000000000000000e+00
0.000000000000000000e+00,0.000000000000000000e+00,0.000000000000000000e+00,1.092892581487911463e-03,1.937767122167814715e-02,1.035236957390273382e-01,1.269084146842045513e-01,0.000000000000000000e+00,0.000000000000000000e+00,0.000000000000000000e+00,1.432178349002988238e-01,4.808372317171739907e-02,8.909568708746271049e-02,1.343436477459737932e-01,0.000000000000000000e+00,0.000000000000000000e+00,0.000000000000000000e+00,0.000000000000000000e+00,4.734318699409800768e-02,0.000000000000000000e+00,0.000000000000000000e+00,6.617542560394082396e-02,8.761957271185821794e-02,1.087923976830111883e-01,7.569716791145567059e-02,1.747947144789170071e-01,2.364399247058127096e-03,0.000000000000000000e+00,1.367198856288756592e-01,0.000000000000000000e+00,4.734318699409800768e-02,9.105171910571863148e-02,7.337805805169417273e-02,0.000000000000000000e+00,7.454038541228205639e-02,0.000000000000000000e+00,2.021184970579285867e-02,4.093532155729331240e-02,0.000000000000000000e+00,3.842975656086470432e-02,2.587244077488577015e-02,0.000000000000000000e+00,0.000000000000000000e+00,0.000000000000000000e+00,0.000000000000000000e+00,1.997214641149314823e-02,3.059992141467875876e-02,1.050303931156594262e-01,2.118355948649831150e-02,2.423738365089124491e-02,1.333718171469693015e-02,0.000000000000000000e+00,6.621958222405693872e-02,9.201905211860465783e-02,8.422123220308756764e-02,0.000000000000000000e+00,1.011947615106521814e-01,8.900248195499374515e-02,1.453280609844354032e-01,6.896708142401798691e-02,5.965474931004119408e-03,0.000000000000000000e+00,0.000000000000000000e+00,2.329349226216546886e-02,0.000000000000000000e+00,0.000000000000000000e+00,0.000000000000000000e+00,7.324918392594093053e-02,5.285081070210149307e-02,0.000000000000000000e+00,0.000000000000000000e+00,2.102078684387320012e-02,0.000000000000000000e+00,1.879485922866914668e-02,0.000000000000000000e+00,3.916919309608966893e-02,1.061304251886364680e-01,6.870345118166527876e-02,1.177162626282612923e-01,0.000000000000000000e+00,0.000000000000000000e+00,0.000000000000000000e+00,0.000000000000000000e+00,0.000000000000000000e+00,7.380059513697544149e-03,0.000000000000000000e+00,1.990372528466231861e-02,0.000000000000000000e+00,3.229592576279283894e-02,0.000000000000000000e+00,0.000000000000000000e+00,0.000000000000000000e+00,0.000000000000000000e+00,0.000000000000000000e+00,3.612808618832865498e-02,0.000000000000000000e+00,0.000000000000000000e+00,0.000000000000000000e+00,5.613192709570107020e-02,0.000000000000000000e+00
0.000000000000000000e+00,2.586699813734305575e-02,6.165106914549017131e-02,9.188118510266643502e-03,2.068427512944252533e-01,8.062647583016173403e-02,0.000000000000000000e+00,0.000000000000000000e+00,6.880744066273764004e-02,0.000000000000000000e+00,7.741953205517577985e-02,5.301625164493436321e-02,7.592077762313825806e-04,0.000000000000000000e+00,1.067280601558436154e-01,1.816082451883051230e-02,1.326971263275000257e-01,1.049620481204579098e-01,8.387295035023431544e-02,6.420372940089159874e-02,0.000000000000000000e+00,3.757290888130446291e-03,0.000000000000000000e+00,5.767604535741825689e-02,7.863437646577603468e-02,0.000000000000000000e+00,1.766203124493104237e-03,5.969262729042155990e-02,1.024929308055701066e-01,1.049620481204579098e-01,8.387295035023431544e-02,0.000000000000000000e+00,2.097282457078976370e-02,7.029869757614326531e-03,1.864390315834164175e-02,1.039434510911800835e-01,0.000000000000000000e+00,0.000000000000000000e+00,0.000000000000000000e+00,0.000000000000000000e+00,5.331599700594201463e-02,0.000000000000000000e+00,0.000000000000000000e+00,5.154726126415240528e-02,0.000000000000000000e+00,1.436034253927588600e-01,8.888384783780989284e-02,0.000000000000000000e+00,4.464084289977979236e-02,0.000000000000000000e+00,0.000000000000000000e+00,0.000000000000000000e+00,4.125061284209560752e-02,4.389478838108709646e-02,0.000000000000000000e+00,0.000000000000000000e+00,2.625337746658502197e-02,0.000000000000000000e+00,0.000000000000000000e+00,1.241084136540719363e-01,8.483254494786035549e-02,3.988600923110541263e-03,1.369441525353206901e-01,0.000000000000000000e+00,2.844181012819117782e-02,2.899335470292079345e-02,6.098311054100637174e-02,5.195934586170776470e-02,0.000000000000000000e+00,0.000000000000000000e+00,8.554553970223990889e-02,0.000000000000000000e+00,6.537298961940284092e-02,0.000000000000000000e+00,7.954630571503201394e-03,1.468255831616614715e-01,1.581419924433975499e-01,0.000000000000000000e+00,4.186311023875376874e-02,1.366412500848362133e-01,0.000000000000000000e+00,0.000000000000000000e+00,1.746698707369188225e-02,7.913606691716518204e-02,0.000000000000000000e+00,0.000000000000000000e+00,0.000000000000000000e+00,0.000000000000000000e+00,1.685063684091279157e-01,0.000000000000000000e+00,0.000000000000000000e+00,0.000000000000000000e+00,0.000000000000000000e+00,3.934797838589612629e-02,4.270993544753692861e-02,0.000000000000000000e+00,2.699174360423178820e-02,1.247712024612480930e-01,3.257183622697758935e-02,4.912934247498503687e-02
0.000000000000000000e+00,1.077532550421346491e-02,0.000000000000000000e+00,0.000000000000000000e+00,1.305801441251906447e-01,1.345446642231331036e-01,8.320277050557581613e-03,0.000000000000000000e+00,0.000000000000000000e+00,0.000000000000000000e+00,1.822600703263949629e-01,1.282668171681771163e-01,0.000000000000000000e+00,0.000000000000000000e+00,7.445243775529093722e-02,0.000000000000000000e+00,4.338301334513294805e-03,2.568313696844073957e-02,1.029943422737118475e-01,0.000000000000000000e+00,0.000000000000000000e+00,0.000000000000000000e+00,3.201047079932739514e-02,0.000000000000000000e+00,8.621980673823032015e-02,0.000000000000000000e+00,0.000000000000000000e+00,3.620654351091526224e-02,0.000000000000000000e+00,2.568313696844073957e-02,1.029943422737118475e-01,2.373328248430887910e-02,1.876670068089467472e-02,1.598456007168896909e-02,0.000000000000000000e+00,0.000000000000000000e+00,2.050097317608852443e-02,0.000000000000000000e+00,0.000000000000000000e+00,0.000000000000000000e+00,4.500293404374705597e-02,1.910527977891921664e-02,0.000000000000000000e+00,6.622640466831995754e-02,1.430857449865856612e-01,0.000000000000000000e+00,0.000000000000000000e+00,0.000000000000000000e+00,1.500482189811269684e-01,5.333892723652634837e-02,1.423657772946575473e-01,4.387738855639704283e-02,0.000000000000000000e+00,0.000000000000000000e+00,3.939200511593617116e-02,4.706036564980132370e-02,3.822301997998717865e-02,0.000000000000000000e+00,0.000000000000000000e+00,2.223478795013922316e-02,9.960176037117919601e-02,0.000000000000000000e+00,0.000000000000000000e+00,1.034709614532077770e-01,1.493748906068765314e-01,2.052946059902203274e-02,0.000000000000000000e+00,4.907169732018162867e-02,8.281014126780641971e-02,1.105525588401421733e-01,5.952563317536570253e-02,8.877422748288060772e-02,0.000000000000000000e+00,0.000000000000000000e+00,1.524519463084326315e-02,9.422356333154721653e-02,0.000000000000000000e+00,4.977730853403876388e-02,4.765493731548733902e-03,1.132702920108939054e-02,0.000000000000000000e+00,1.746698707369188225e-02,0.000000000000000000e+00,1.968579095455144298e-02,8.417074447567648998e-02,1.108326088878490434e-01,0.000000000000000000e+00,0.000000000000000000e+00,0.000000000000000000e+00,3.414537345166963889e-02,0.000000000000000000e+00,4.456246295275233943e-02,9.751383586859493913e-03,5.193027784564582805e-02,0.000000000000000000e+00,1.350065406466874167e-02,0.000000000000000000e+00,6.079020075081742469e-02,0.000000000000000000e+00,0.000000000000000000e+00
0.000000000000000000e+00,0.000000000000000000e+00,0.000000000000000000e+00,0.000000000000000000e+00,7.709451812415238359e-02,0.000000000000000000e+00,0.000000000000000000e+00,1.261012916218353513e-02,0.000000000000000000e+00,0.000000000000000000e+00,0.000000000000000000e+00,5.523676094698595773e-02,0.000000000000000000e+00,5.952797570414579409e-02,0.000000000000000000e+00,6.599497695158720867e-02,1.960795027144465741e-02,0.000000000000000000e+00,9.947948669523740128e-03,0.000000000000000000e+00,0.000000000000000000e+00,1.852228880666517349e-02,0.000000000000000000e+00,0.000000000000000000e+00,5.133926703040261191e-02,0.000000000000000000e+00,0.000000000000000000e+00,2.591218736840508186e-01,0.000000000000000000e+00,0.000000000000000000e+00,9.947948669523740128e-03,0.000000000000000000e+00,5.011716986800092422e-02,1.983915307062461553e-03,0.000000000000000000e+00,2.689188583805584010e-01,0.000000000000000000e+00,1.944406387836599900e-02,0.000000000000000000e+00,1.219769036016977656e-02,1.912039099321277968e-01,0.000000000000000000e+00,0.000000000000000000e+00,7.207009520113745460e-02,0.000000000000000000e+00,0.000000000000000000e+00,0.000000000000000000e+00,0.000000000000000000e+00,3.246148213286753625e-02,1.500763120145082175e-02,1.985941571725328147e-01,8.721589093965473327e-02,0.000000000000000000e+00,1.244644959073735735e-01,0.000000000000000000e+00,5.032829612365204153e-02,1.143495176886486914e-01,0.000000000000000000e+00,0.000000000000000000e+00,5.321995174058637146e-02,1.792930749760347220e-01,0.000000000000000000e+00,2.959705200103406042e-02,2.016333147489538652e-02,0.000000000000000000e+00,7.743713901304462299e-02,1.080429207520022666e-01,4.908763693640535303e-02,3.350945630032930913e-03,9.243790481100355727e-02,1.441929556391572387e-01,3.102290929468164149e-02,3.044147939617482257e-02,1.807702825951802150e-01,0.000000000000000000e+00,4.919593967763112585e-02,9.836023458880868708e-02,0.000000000000000000e+00,3.748049524392103177e-02,0.000000000000000000e+00,0.000000000000000000e+00,7.913606691716518204e-02,1.968579095455144298e-02,0.000000000000000000e+00,1.643727969859327676e-01,1.127097853852218057e-01,1.649162867428500406e-02,4.847912805784443391e-02,0.000000000000000000e+00,1.087211720045455354e-01,5.106006061247601174e-02,0.000000000000000000e+00,0.000000000000000000e+00,0.000000000000000000e+00,0.000000000000000000e+00,0.000000000000000000e+00,1.381009371800087093e-01,0.000000000000000000e+00,7.724488872051228638e-02,0.000000000000000000e+00
0.000000000000000000e+00,1.230826083133253757e-01,4.260915107936379120e-02,0.000000000000000000e+00,3.424075399238206419e-02,8.218429824172490683e-02,0.000000000000000000e+00,1.386625160798165002e-01,0.000000000000000000e+00,7.124745822099147474e-02,2.103174499857234925e-01,7.905990075102677095e-02,1.974432174127415535e-03,2.883303821897669622e-02,1.315152957530920097e-01,0.000000000000000000e+00,4.822717139854240664e-02,0.000000000000000000e+00,1.256004381240136691e-01,0.000000000000000000e+00,0.000000000000000000e+00,0.000000000000000000e+00,0.000000000000000000e+00,0.000000000000000000e+00,0.000000000000000000e+00,1.410941930015934334e-02,2.462200148682869294e-03,2.591783048764194075e-01,0.000000000000000000e+00,0.000000000000000000e+00,1.256004381240136691e-01,1.403406897346845539e-01,0.000000000000000000e+00,0.000000000000000000e+00,0.000000000000000000e+00,1.330662545946945385e-01,1.493843751866592851e-01,0.000000000000000000e+00,1.089159345321111250e-01,0.000000000000000000e+00,8.799825093237137463e-02,1.158641039333584699e-01,4.392385765836098743e-02,9.683150953247232628e-02,7.315269745112179534e-02,1.002231808467905216e-01,2.605911168361626368e-02,9.111141995434567792e-03,0.000000000000000000e+00,1.514021022276150485e-03,9.599503725646582608e-02,0.000000000000000000e+00,0.000000000000000000e+00,0.000000000000000000e+00,9.837024863359787596e-02,4.468091506135028756e-02,3.107900350651646854e-02,7.904564817762585460e-02,7.689478665640316069e-02,0.000000000000000000e+00,1.847634452482695699e-01,0.000000000000000000e+00,0.000000000000000000e+00,1.027352042773659740e-01,2.078087619638100542e-02,1.077204764524047342e-01,3.197246634017901490e-02,0.000000000000000000e+00,0.000000000000000000e+00,0.000000000000000000e+00,8.569793716584253596e-02,5.714821042494880321e-02,5.440219022229825924e-02,0.000000000000000000e+00,3.197189795997910922e-02,7.673233649823402169e-02,1.909304775680638680e-02,1.678159714218148968e-01,0.000000000000000000e+00,1.304157136927105165e-01,7.380059513697544149e-03,0.000000000000000000e+00,8.417074447567648998e-02,1.643727969859327676e-01,0.000000000000000000e+00,6.777056330074680834e-02,0.000000000000000000e+00,0.000000000000000000e+00,0.000000000000000000e+00,6.340566497513830391e-02,0.000000000000000000e+00,1.046358320894531097e-02,6.205663790763426418e-02,1.180557356352156667e-01,0.000000000000000000e+00,0.000000000000000000e+00,9.545318189942715581e-02,6.183673440952731915e-02,0.000000000000000000e+00,0.000000000000000000e+00
0.000000000000000000e+00,1.097594243472439640e-01,0.000000000000000000e+00,0.000000000000000000e+00,0.000000000000000000e+00,0.000000000000000000e+00,6.400212100795987791e-02,2.240193665248573496e-01,0.000000000000000000e+00,0.000000000000000000e+00,0.000000000000000000e+00,0.000000000000000000e+00,7.246088862928191932e-02,1.022608074996287919e-01,2.679431711617294778e-02,0.000000000000000000e+00,0.000000000000000000e+00,0.000000000000000000e+00,9.755933200929584048e-02,0.000000000000000000e+00,0.000000000000000000e+00,0.000000000000000000e+00,0.000000000000000000e+00,0.000000000000000000e+00,1.084780919707465860e-02,0.000000000000000000e+00,0.000000000000000000e+00,2.118685762865720745e-01,0.000000000000000000e+00,0.000000000000000000e+00,9.755933200929584048e-02,3.538630078844304944e-02,1.627181580134827998e-01,2.957704525306006915e-02,2.591718399852038779e-02,0.000000000000000000e+00,1.015625960940932104e-01,0.000000000000000000e+00,0.000000000000000000e+00,6.528135095280546141e-02,0.000000000000000000e+00,4.022151506318297209e-02,0.000000000000000000e+00,8.419925598562603974e-02,0.000000000000000000e+00,0.000000000000000000e+00,0.000000000000000000e+00,0.000000000000000000e+00,0.000000000000000000e+00,1.341107734879285474e-01,0.000000000000000000e+00,0.000000000000000000e+00,1.324463381173570653e-01,3.604342731519506824e-03,0.000000000000000000e+00,4.824155147643278962e-02,1.903860306892331614e-02,1.294957449078125780e-02,3.121787401771514148e-02,0.000000000000000000e+00,8.186557049364873162e-02,0.000000000000000000e+00,1.079885866586640375e-01,0.000000000000000000e+00,6.588315651496637337e-02,6.750389088379207814e-02,0.000000000000000000e+00,0.000000000000000000e+00,0.000000000000000000e+00,0.000000000000000000e+00,0.000000000000000000e+00,8.098459705667790387e-02,2.809125431058716316e-02,0.000000000000000000e+00,0.000000000000000000e+00,7.481496945574583890e-02,3.774203730239151372e-02,0.000000000000000000e+00,0.000000000000000000e+00,5.160538200835301792e-02,0.000000000000000000e+00,0.000000000000000000e+00,1.108326088878490434e-01,1.127097853852218057e-01,6.777056330074680834e-02,0.000000000000000000e+00,1.027384904855216524e-01,9.206182629461049510e-03,0.000000000000000000e+00,0.000000000000000000e+00,0.000000000000000000e+00,0.000000000000000000e+00,0.000000000000000000e+00,0.000000000000000000e+00,0.000000000000000000e+00,0.000000000000000000e+00,0.000000000000000000e+00,0.000000000000000000e+00,0.000000000000000000e+00,0.000000000000000000e+00
0.000000000000000000e+00,1.759104444700539116e-01,1.132749226514623286e-02,3.938047441293796719e-02,0.000000000000000000e+00,1.240595941348866804e-01,1.008453524170072058e-01,2.171901525089496299e-01,0.000000000000000000e+00,2.902468140816823194e-02,1.702617417923197318e-01,1.194703738240930624e-01,0.000000000000000000e+00,4.439377795138425842e-02,0.000000000000000000e+00,0.000000000000000000e+00,3.436251117054234944e-02,6.542617426686317406e-02,1.356861897879600432e-01,0.000000000000000000e+00,2.728567695597373596e-02,0.000000000000000000e+00,0.000000000000000000e+00,0.000000000000000000e+00,1.660739194640019900e-01,2.375252552682909080e-02,0.000000000000000000e+00,1.153713881543983327e-01,0.000000000000000000e+00,6.542617426686317406e-02,1.356861897879600432e-01,0.000000000000000000e+00,0.000000000000000000e+00,7.754150225478749839e-03,0.000000000000000000e+00,0.000000000000000000e+00,0.000000000000000000e+00,1.739078456929229466e-01,1.823859277745666363e-01,0.000000000000000000e+00,7.702449161842919723e-02,1.723720103258934433e-01,0.000000000000000000e+00,1.160883891952677049e-01,1.715618051181218850e-01,0.000000000000000000e+00,0.000000000000000000e+00,4.304094263689273170e-02,1.483518387470212918e-01,2.306970756719455701e-02,2.169318836551213311e-02,4.276227636291062006e-02,0.000000000000000000e+00,0.000000000000000000e+00,0.000000000000000000e+00,2.304431959843053490e-02,0.000000000000000000e+00,5.781459480372312665e-02,7.499868237332370235e-02,0.000000000000000000e+00,0.000000000000000000e+00,1.430178698348366917e-01,2.058634518790548179e-02,0.000000000000000000e+00,5.465210492687538196e-03,7.101948263079295443e-02,8.652700906658716828e-02,8.859146155337004058e-02,0.000000000000000000e+00,0.000000000000000000e+00,4.205933062105755849e-02,9.560024236905019512e-02,1.611214378097707012e-01,0.000000000000000000e+00,0.000000000000000000e+00,0.000000000000000000e+00,0.000000000000000000e+00,0.000000000000000000e+00,0.000000000000000000e+00,0.000000000000000000e+00,1.990372528466231861e-02,0.000000000000000000e+00,0.000000000000000000e+00,1.649162867428500406e-02,0.000000000000000000e+00,1.027384904855216524e-01,0.000000000000000000e+00,2.506850603305876141e-02,1.079058348246730858e-03,0.000000000000000000e+00,0.000000000000000000e+00,0.000000000000000000e+00,0.000000000000000000e+00,0.000000000000000000e+00,0.000000000000000000e+00,1.946110019717390421e-02,1.129137392167838816e-01,0.000000000000000000e+00,9.726497949032475443e-02,2.049059419820404848e-01
1.464942920631671641e-01,0.000000000000000000e+00,0.000000000000000000e+00,0.000000000000000000e+00,0.000000000000000000e+00,0.000000000000000000e+00,2.666511810080327560e-01,4.342277987343580448e-02,0.000000000000000000e+00,3.993386199421644633e-02,0.000000000000000000e+00,0.000000000000000000e+00,2.262274775338392885e-01,0.000000000000000000e+00,0.000000000000000000e+00,7.995213875836640338e-02,0.000000000000000000e+00,1.628701602411532917e-02,0.000000000000000000e+00,0.000000000000000000e+00,7.501051133043051822e-02,9.379051878794344987e-02,8.694774259241942749e-02,5.682063189621330140e-03,0.000000000000000000e+00,0.000000000000000000e+00,1.403913492784147343e-01,5.575212630625166199e-02,6.690637001959161279e-02,1.628701602411532917e-02,0.000000000000000000e+00,1.016262916521434995e-01,0.000000000000000000e+00,8.973954631355263167e-02,4.758745557835927092e-02,0.000000000000000000e+00,2.479188825860225917e-02,0.000000000000000000e+00,5.099507212792439570e-03,1.055244121146007852e-01,0.000000000000000000e+00,0.000000000000000000e+00,4.144027246169782602e-02,0.000000000000000000e+00,0.000000000000000000e+00,0.000000000000000000e+00,0.000000000000000000e+00,0.000000000000000000e+00,0.000000000000000000e+00,1.607533215145705019e-01,0.000000000000000000e+00,1.710565731818925739e-01,1.679465685332730274e-02,0.000000000000000000e+00,7.840922392332008717e-02,2.733553448164402488e-02,1.171130198314900978e-01,6.161488486722733332e-02,3.657153655347966659e-02,0.000000000000000000e+00,1.646519273789873172e-01,1.375686558414709187e-02,6.378599243752738901e-02,0.000000000000000000e+00,0.000000000000000000e+00,4.711414545215675959e-02,0.000000000000000000e+00,0.000000000000000000e+00,4.704014685815485763e-02,1.079186588958848253e-01,0.000000000000000000e+00,0.000000000000000000e+00,0.000000000000000000e+00,4.465346942269720482e-02,1.379365728032242444e-01,0.000000000000000000e+00,1.205347920671785977e-01,0.000000000000000000e+00,5.690180111068969537e-02,0.000000000000000000e+00,0.000000000000000000e+00,0.000000000000000000e+00,0.000000000000000000e+00,4.847912805784443391e-02,0.000000000000000000e+00,9.206182629461049510e-03,2.506850603305876141e-02,0.000000000000000000e+00,0.000000000000000000e+00,0.000000000000000000e+00,4.434330046036309703e-02,0.000000000000000000e+00,5.609427792062283286e-02,0.000000000000000000e+00,0.000000000000000000e+00,0.000000000000000000e+00,1.400275118659607410e-01,7.026827015600457804e-04,7.060621832770065665e-02,0.000000000000000000e+00
0.000000000000000000e+00,1.776506839710017549e-01,0.000000000000000000e+00,1.103420552703470586e-01,0.000000000000000000e+00,1.124705215007144599e-01,4.656113452035191835e-02,3.173163179184747273e-02,0.000000000000000000e+00,8.190431493305377897e-02,5.874339478991728869e-02,1.078251741722921486e-03,9.427605695922816609e-02,7.311917568030007475e-02,1.107304448306679623e-01,0.000000000000000000e+00,8.175836747220616152e-02,0.000000000000000000e+00,0.000000000000000000e+00,0.000000000000000000e+00,0.000000000000000000e+00,0.000000000000000000e+00,0.000000000000000000e+00,1.391149885048550416e-01,3.055188878839894262e-02,6.100246956298864542e-02,1.095865732737249659e-01,0.000000000000000000e+00,1.662016353984565598e-01,0.000000000000000000e+00,0.000000000000000000e+00,0.000000000000000000e+00,7.200952705333746318e-02,0.000000000000000000e+00,0.000000000000000000e+00,0.000000000000000000e+00,0.000000000000000000e+00,0.000000000000000000e+00,1.031035185532617332e-01,0.000000000000000000e+00,0.000000000000000000e+00,1.652186067560845184e-01,0.000000000000000000e+00,7.228718261090674724e-02,0.000000000000000000e+00,3.600996964615645057e-02,0.000000000000000000e+00,1.447995719067250442e-01,1.295182151838757678e-01,0.000000000000000000e+00,0.000000000000000000e+00,0.000000000000000000e+00,1.701917528747681763e-02,7.194876976782771383e-02,5.030528853783929055e-02,4.316656594149409498e-02,0.000000000000000000e+00,0.000000000000000000e+00,7.239385494289984901e-02,0.000000000000000000e+00,0.000000000000000000e+00,2.972409273519208833e-02,2.927396542018293468e-01,0.000000000000000000e+00,0.000000000000000000e+00,9.901192782966569683e-02,4.265560377115788955e-03,1.239095006985130483e-02,0.000000000000000000e+00,0.000000000000000000e+00,0.000000000000000000e+00,0.000000000000000000e+00,0.000000000000000000e+00,1.561815131772071458e-02,0.000000000000000000e+00,1.656028435957596634e-01,8.172739466921677409e-02,0.000000000000000000e+00,0.000000000000000000e+00,0.000000000000000000e+00,3.229592576279283894e-02,1.685063684091279157e-01,0.000000000000000000e+00,0.000000000000000000e+00,0.000000000000000000e+00,0.000000000000000000e+00,1.079058348246730858e-03,0.000000000000000000e+00,0.000000000000000000e+00,0.000000000000000000e+00,0.000000000000000000e+00,3.873160499203662233e-02,0.000000000000000000e+00,0.000000000000000000e+00,0.000000000000000000e+00,1.154101554218108644e-01,0.000000000000000000e+00,6.675204773806528435e-02,1.596063396298907366e-01,0.000000000000000000e+00
0.000000000000000000e+00,1.691367318257007424e-02,1.295887036056078689e-01,1.061239615780731893e-02,4.283963975693332038e-02,1.497713566336828506e-01,0.000000000000000000e+00,0.000000000000000000e+00,2.444780625900352250e-02,2.363805929760705998e-02,2.016412761046317836e-01,1.641791083516208338e-01,0.000000000000000000e+00,0.000000000000000000e+00,2.397421389334935260e-01,0.000000000000000000e+00,5.612300574470189402e-02,0.000000000000000000e+00,0.000000000000000000e+00,8.320696982903014183e-02,0.000000000000000000e+00,0.000000000000000000e+00,0.000000000000000000e+00,0.000000000000000000e+00,1.380064400659533272e-02,3.593863189479752640e-02,5.327313359562528550e-02,0.000000000000000000e+00,9.834839049424907997e-02,0.000000000000000000e+00,0.000000000000000000e+00,1.618918586372279644e-02,1.406840786470548582e-02,0.000000000000000000e+00,0.000000000000000000e+00,1.263272963599518794e-01,0.000000000000000000e+00,0.000000000000000000e+00,0.000000000000000000e+00,0.000000000000000000e+00,5.034551100648921446e-02,6.436609950264793323e-02,2.338836792553627975e-02,5.797504222084698400e-02,6.421114473331852868e-02,8.433662229962558821e-02,1.405629205091575018e-01,6.488175371158186322e-02,1.188222295829071962e-01,0.000000000000000000e+00,0.000000000000000000e+00,1.170441187262811489e-01,1.452097974976729496e-02,0.000000000000000000e+00,0.000000000000000000e+00,2.423626088657120647e-01,1.328961155947680495e-01,0.000000000000000000e+00,1.565537643994689698e-02,0.000000000000000000e+00,2.980984938356318059e-02,0.000000000000000000e+00,0.000000000000000000e+00,0.000000000000000000e+00,0.000000000000000000e+00,4.012107072024638510e-02,2.540699429139497978e-02,0.000000000000000000e+00,0.000000000000000000e+00,1.758700017220570233e-01,1.743980906940403308e-01,3.094904762531793321e-02,0.000000000000000000e+00,1.184576326010004094e-02,1.165981986566666170e-02,3.432804432347846130e-02,1.914777742153431911e-02,4.359238483610500259e-02,6.900513879752877278e-02,6.903254865160381171e-02,0.000000000000000000e+00,0.000000000000000000e+00,3.414537345166963889e-02,1.087211720045455354e-01,6.340566497513830391e-02,0.000000000000000000e+00,0.000000000000000000e+00,0.000000000000000000e+00,0.000000000000000000e+00,0.000000000000000000e+00,0.000000000000000000e+00,3.457183535750391751e-02,1.615875574090187838e-01,0.000000000000000000e+00,0.000000000000000000e+00,8.462347364422753704e-02,1.098670318491924980e-01,2.132320625704364758e-02,1.104806948146894174e-03,0.000000000000000000e+00
2.661722937922217716e-02,4.421146397060281286e-02,1.098412106275253319e-01,0.000000000000000000e+00,0.000000000000000000e+00,0.000000000000000000e+00,0.000000000000000000e+00,0.000000000000000000e+00,3.752588998057973524e-02,0.000000000000000000e+00,0.000000000000000000e+00,0.000000000000000000e+00,0.000000000000000000e+00,0.000000000000000000e+00,6.117333217161607939e-02,1.953816829475690450e-02,4.064140407017573231e-03,1.292298937073755316e-01,1.192855950701540713e-02,2.630158477914690610e-02,8.958148595562824557e-02,1.547412489508056543e-01,3.141283709693711013e-02,0.000000000000000000e+00,7.040145967533148474e-02,0.000000000000000000e+00,5.019707200181089402e-02,0.000000000000000000e+00,7.876551642310884727e-02,1.292298937073755316e-01,1.192855950701540713e-02,6.480357061205192781e-02,0.000000000000000000e+00,2.080169963131668076e-01,0.000000000000000000e+00,1.174942262288862366e-01,3.214366360783022653e-02,7.226631357086585328e-02,0.000000000000000000e+00,0.000000000000000000e+00,0.000000000000000000e+00,0.000000000000000000e+00,0.000000000000000000e+00,0.000000000000000000e+00,0.000000000000000000e+00,4.320240293126551001e-02,2.871390841602605368e-02,0.000000000000000000e+00,0.000000000000000000e+00,4.753886259193661201e-02,0.000000000000000000e+00,0.000000000000000000e+00,1.827055247784703518e-01,8.252970921058551401e-02,6.753405279481111689e-02,0.000000000000000000e+00,4.219451134133325038e-03,5.200046258846165864e-02,0.000000000000000000e+00,9.716783967090858454e-04,0.000000000000000000e+00,0.000000000000000000e+00,1.823012889378789608e-02,3.049503768860850617e-02,1.079387793262673312e-01,6.618922337165826508e-02,6.929583665739547094e-02,8.436637289858091304e-02,2.599045892640139757e-02,4.893591319193703326e-02,0.000000000000000000e+00,0.000000000000000000e+00,0.000000000000000000e+00,1.239316408477951909e-01,0.000000000000000000e+00,0.000000000000000000e+00,7.148581263993601664e-02,0.000000000000000000e+00,0.000000000000000000e+00,8.118014513717088099e-02,0.000000000000000000e+00,0.000000000000000000e+00,0.000000000000000000e+00,5.106006061247601174e-02,0.000000000000000000e+00,0.000000000000000000e+00,0.000000000000000000e+00,4.434330046036309703e-02,0.000000000000000000e+00,0.000000000000000000e+00,0.000000000000000000e+00,0.000000000000000000e+00,0.000000000000000000e+00,5.559226691041668778e-02,8.825150446072813071e-02,0.000000000000000000e+00,5.244910327701818309e-02,0.000000000000000000e+00,8.322232634672697971e-02,8.850044109978866258e-02
0.000000000000000000e+00,2.099944754348040399e-01,0.000000000000000000e+00,1.222861443629942035e-01,0.000000000000000000e+00,1.050742063675253468e-01,1.104893791629302097e-01,0.000000000000000000e+00,0.000000000000000000e+00,2.179233997504241571e-03,8.511132333802035044e-02,4.293990071253832308e-02,9.516606570776614538e-02,4.606495443644427999e-03,0.000000000000000000e+00,4.631412356020142562e-02,0.000000000000000000e+00,0.000000000000000000e+00,1.489179624401345547e-01,2.009926523388286812e-01,3.636621652220537598e-02,6.851470428674627522e-02,3.328517934005482959e-02,2.093365532823353581e-01,0.000000000000000000e+00,0.000000000000000000e+00,0.000000000000000000e+00,0.000000000000000000e+00,0.000000000000000000e+00,0.000000000000000000e+00,1.489179624401345547e-01,1.166346511864753549e-01,0.000000000000000000e+00,1.505347834489529496e-02,0.000000000000000000e+00,0.000000000000000000e+00,9.993455622048313947e-02,0.000000000000000000e+00,9.725430391749743941e-02,1.165811969283272048e-01,0.000000000000000000e+00,2.249366501016100139e-01,1.113263804148177383e-01,5.264928980061747699e-02,2.236046783976798902e-01,0.000000000000000000e+00,0.000000000000000000e+00,7.398427608967461655e-02,6.189661093959189508e-02,0.000000000000000000e+00,1.627499245518012061e-01,7.001346501759800334e-02,8.390910553783219317e-02,0.000000000000000000e+00,7.202443874553006442e-02,2.450275054682314602e-02,0.000000000000000000e+00,0.000000000000000000e+00,3.683940343932030209e-02,2.553002721247001408e-02,5.341973324391890987e-02,5.910416642485160493e-02,2.543537736287588766e-02,6.870739658088920176e-02,0.000000000000000000e+00,0.000000000000000000e+00,0.000000000000000000e+00,0.000000000000000000e+00,4.419469908040511708e-02,0.000000000000000000e+00,0.000000000000000000e+00,6.953988825210433156e-02,5.008670026321646734e-02,2.405203935921292405e-02,5.455011635980368256e-02,0.000000000000000000e+00,0.000000000000000000e+00,1.076855119666133981e-01,0.000000000000000000e+00,0.000000000000000000e+00,0.000000000000000000e+00,0.000000000000000000e+00,4.456246295275233943e-02,0.000000000000000000e+00,1.046358320894531097e-02,0.000000000000000000e+00,0.000000000000000000e+00,0.000000000000000000e+00,3.873160499203662233e-02,3.457183535750391751e-02,0.000000000000000000e+00,0.000000000000000000e+00,1.433646436080447117e-01,1.163732488915901822e-02,8.796567385501524727e-02,0.000000000000000000e+00,0.000000000000000000e+00,6.064959996530774888e-02,0.000000000000000000e+00,0.000000000000000000e+00
1.472730373911524532e-02,6.396633486639435873e-02,0.000000000000000000e+00,0.000000000000000000e+00,0.000000000000000000e+00,9.060234557824312085e-02,0.000000000000000000e+00,1.623175173720470266e-01,0.000000000000000000e+00,6.349591400277870834e-02,5.121802438047096118e-02,0.000000000000000000e+00,8.740800542289112185e-02,1.441893926024122585e-01,6.408816697671668172e-02,0.000000000000000000e+00,0.000000000000000000e+00,3.083352655880611248e-02,0.000000000000000000e+00,0.000000000000000000e+00,1.281164269160756791e-02,0.000000000000000000e+00,0.000000000000000000e+00,3.963903065469630976e-02,0.000000000000000000e+00,0.000000000000000000e+00,0.000000000000000000e+00,0.000000000000000000e+00,4.203990524115362726e-02,3.083352655880611248e-02,0.000000000000000000e+00,1.139057558785922103e-01,0.000000000000000000e+00,0.000000000000000000e+00,0.000000000000000000e+00,1.988855024041461667e-02,0.000000000000000000e+00,0.000000000000000000e+00,1.219417494680987563e-03,0.000000000000000000e+00,0.000000000000000000e+00,1.728242874212831126e-01,1.127358342782606437e-01,1.114732451069471719e-01,5.407510630430584220e-02,4.948248406026570234e-02,3.306365069057596445e-02,1.403417975494749004e-01,0.000000000000000000e+00,1.896564887663576907e-02,0.000000000000000000e+00,7.339768048288426716e-02,4.574607018780026124e-02,0.000000000000000000e+00,4.452222487936753972e-03,8.825616430017395320e-02,1.381926925055811106e-02,0.000000000000000000e+00,4.770978765617531203e-02,0.000000000000000000e+00,0.000000000000000000e+00,4.176013982198863161e-02,9.815357859547003266e-03,0.000000000000000000e+00,1.008609460965930738e-01,1.056987813460559256e-01,0.000000000000000000e+00,0.000000000000000000e+00,0.000000000000000000e+00,7.565619818862245882e-02,9.038761911766216017e-02,1.425325250233604180e-01,0.000000000000000000e+00,0.000000000000000000e+00,8.665377467592164096e-02,4.476940393551259029e-02,7.524619729134879309e-02,1.558562411571814410e-01,0.000000000000000000e+00,1.867860424943678654e-01,0.000000000000000000e+00,0.000000000000000000e+00,9.751383586859493913e-03,0.000000000000000000e+00,6.205663790763426418e-02,0.000000000000000000e+00,0.000000000000000000e+00,5.609427792062283286e-02,0.000000000000000000e+00,1.615875574090187838e-01,0.000000000000000000e+00,1.433646436080447117e-01,0.000000000000000000e+00,0.000000000000000000e+00,0.000000000000000000e+00,3.406050337294413977e-02,8.030413519477724860e-02,7.925303875044212298e-02,0.000000000000000000e+00,0.000000000000000000e+00
0.000000000000000000e+00,8.204251920475866267e-02,1.354785157466198986e-01,7.082541239276440859e-02,9.430672423265770710e-02,0.000000000000000000e+00,0.000000000000000000e+00,0.000000000000000000e+00,1.132848456126206160e-01,9.533365293191845002e-02,0.000000000000000000e+00,2.456395846662376425e-02,1.138399259654619411e-01,0.000000000000000000e+00,0.000000000000000000e+00,2.348875490145004019e-02,6.643267364315276480e-02,6.068044907973466073e-02,4.619903030635551244e-02,6.864486068651519390e-02,0.000000000000000000e+00,1.083624275986354996e-01,0.000000000000000000e+00,0.000000000000000000e+00,8.726481679797390423e-02,1.057035952142350160e-01,0.000000000000000000e+00,1.987524017591981995e-01,8.281025401339897618e-02,6.068044907973466073e-02,4.619903030635551244e-02,7.002429337634066830e-02,0.000000000000000000e+00,9.405895996678209636e-02,5.248144549696708017e-02,1.549579084460398215e-01,4.636973166332397644e-02,0.000000000000000000e+00,0.000000000000000000e+00,5.640928777027628960e-02,5.901019377038897035e-03,0.000000000000000000e+00,7.905268842267812457e-02,0.000000000000000000e+00,0.000000000000000000e+00,8.838381131083326847e-02,8.680586647805406397e-02,0.000000000000000000e+00,2.091104610618897686e-02,0.000000000000000000e+00,1.828416334097975743e-02,0.000000000000000000e+00,0.000000000000000000e+00,0.000000000000000000e+00,1.301891751249406037e-01,0.000000000000000000e+00,0.000000000000000000e+00,1.078202598789369943e-01,1.167727763158483978e-01,1.630945276777391248e-02,0.000000000000000000e+00,0.000000000000000000e+00,4.074343363949498031e-02,0.000000000000000000e+00,6.206641307127544471e-02,6.191442457214982320e-02,0.000000000000000000e+00,6.026611861302429846e-02,1.872637120587791054e-02,0.000000000000000000e+00,0.000000000000000000e+00,6.721914861529697249e-02,0.000000000000000000e+00,3.368662576068928022e-02,9.175040120256297560e-02,3.514208465992240543e-02,8.420808250332660616e-02,9.525121096230347584e-02,0.000000000000000000e+00,7.486319319623767343e-02,0.000000000000000000e+00,3.934797838589612629e-02,5.193027784564582805e-02,0.000000000000000000e+00,1.180557356352156667e-01,0.000000000000000000e+00,0.000000000000000000e+00,0.000000000000000000e+00,0.000000000000000000e+00,0.000000000000000000e+00,5.559226691041668778e-02,1.163732488915901822e-02,0.000000000000000000e+00,0.000000000000000000e+00,2.219182780162970089e-02,0.000000000000000000e+00,6.560618766516107536e-02,0.000000000000000000e+00,0.000000000000000000e+00,0.000000000000000000e+00
2.728998691416506528e-01,1.300690009625678212e-02,1.212919148715765061e-01,6.397098903100910394e-02,2.805039065274578247e-02,3.025234749392527456e-02,4.725580955118989512e-02,0.000000000000000000e+00,1.120739291518345893e-01,1.212433051903442777e-01,0.000000000000000000e+00,6.668685439128774206e-02,0.000000000000000000e+00,9.376087088268760319e-03,0.000000000000000000e+00,1.406227544795613238e-01,0.000000000000000000e+00,7.667946533719353919e-02,0.000000000000000000e+00,1.643455171684111427e-01,1.060710594021923719e-01,2.448353278936058475e-01,1.952785676385394020e-01,2.536519549292463593e-01,0.000000000000000000e+00,7.866252158083500423e-02,0.000000000000000000e+00,0.000000000000000000e+00,0.000000000000000000e+00,7.667946533719353919e-02,0.000000000000000000e+00,0.000000000000000000e+00,9.564803422292886270e-02,1.722165003022848584e-01,8.079813373810583454e-02,1.151520735810788038e-01,1.246386667616380256e-01,1.502120753315629442e-01,1.410918754055109220e-02,2.044326724380735039e-03,4.187614350430948068e-02,0.000000000000000000e+00,0.000000000000000000e+00,0.000000000000000000e+00,0.000000000000000000e+00,0.000000000000000000e+00,0.000000000000000000e+00,0.000000000000000000e+00,0.000000000000000000e+00,0.000000000000000000e+00,1.086274212583595578e-01,0.000000000000000000e+00,0.000000000000000000e+00,1.385371097059295842e-01,6.205906033665505028e-03,0.000000000000000000e+00,1.900134490967476594e-02,5.988952653862392693e-03,0.000000000000000000e+00,8.849734341463215415e-02,0.000000000000000000e+00,0.000000000000000000e+00,0.000000000000000000e+00,4.202621230533241242e-02,5.772862103212185458e-02,0.000000000000000000e+00,0.000000000000000000e+00,8.464419475496158529e-02,1.426081196858398348e-01,0.000000000000000000e+00,1.682617328868504444e-02,0.000000000000000000e+00,6.648283097543818132e-03,3.569191638340875328e-02,9.543785621199302183e-02,0.000000000000000000e+00,0.000000000000000000e+00,1.302684215838554455e-02,0.000000000000000000e+00,0.000000000000000000e+00,3.612808618832865498e-02,4.270993544753692861e-02,0.000000000000000000e+00,0.000000000000000000e+00,0.000000000000000000e+00,0.000000000000000000e+00,0.000000000000000000e+00,0.000000000000000000e+00,0.000000000000000000e+00,0.000000000000000000e+00,8.825150446072813071e-02,8.796567385501524727e-02,0.000000000000000000e+00,2.219182780162970089e-02,0.000000000000000000e+00,0.000000000000000000e+00,7.206580197420774103e-02,0.000000000000000000e+00,2.196996047240740851e-02,1.535757017778534572e-01
4.935638672492147216e-02,0.000000000000000000e+00,9.318809150590820489e-02,9.400916822217242341e-02,0.000000000000000000e+00,1.388303203218382159e-02,0.000000000000000000e+00,5.214612286003783570e-03,1.355258756115365788e-02,7.742490647154604000e-02,2.829211333052442448e-02,6.110868035092434369e-03,0.000000000000000000e+00,0.000000000000000000e+00,1.456139738245705931e-02,0.000000000000000000e+00,0.000000000000000000e+00,0.000000000000000000e+00,0.000000000000000000e+00,1.559069442943058353e-02,1.049425383584026150e-01,6.001573395895382079e-02,1.431222497640015912e-01,1.894480933217028429e-02,0.000000000000000000e+00,2.258171803543209122e-01,0.000000000000000000e+00,0.000000000000000000e+00,6.789407046464485118e-02,0.000000000000000000e+00,0.000000000000000000e+00,0.000000000000000000e+00,1.177985763054966023e-01,0.000000000000000000e+00,6.483019668346415298e-02,1.634325683376304864e-02,1.316124487373357688e-01,0.000000000000000000e+00,2.030414618363588775e-01,2.526100408621906324e-02,1.639718449685640886e-02,1.053319830721520522e-01,5.273005061228226709e-02,0.000000000000000000e+00,0.000000000000000000e+00,0.000000000000000000e+00,6.394273296424091146e-02,0.000000000000000000e+00,1.108816365456572889e-01,0.000000000000000000e+00,0.000000000000000000e+00,0.000000000000000000e+00,0.000000000000000000e+00,0.000000000000000000e+00,0.000000000000000000e+00,2.511001147899743352e-02,8.447450075676862791e-02,6.558297443553748329e-02,1.053145657173143734e-01,0.000000000000000000e+00,0.000000000000000000e+00,8.902779880503261523e-02,1.016814182499550107e-02,9.958348577564707371e-02,0.000000000000000000e+00,5.817514780949674391e-02,0.000000000000000000e+00,1.066883081799534783e-01,0.000000000000000000e+00,0.000000000000000000e+00,1.051357697984794948e-01,2.740575355530349561e-02,0.000000000000000000e+00,0.000000000000000000e+00,0.000000000000000000e+00,0.000000000000000000e+00,0.000000000000000000e+00,0.000000000000000000e+00,5.636257595854372859e-02,0.000000000000000000e+00,0.000000000000000000e+00,0.000000000000000000e+00,1.350065406466874167e-02,0.000000000000000000e+00,0.000000000000000000e+00,0.000000000000000000e+00,1.946110019717390421e-02,0.000000000000000000e+00,1.154101554218108644e-01,8.462347364422753704e-02,0.000000000000000000e+00,0.000000000000000000e+00,3.406050337294413977e-02,0.000000000000000000e+00,0.000000000000000000e+00,0.000000000000000000e+00,4.406912534117927993e-02,2.401674570226194211e-02,0.000000000000000000e+00,7.750936456592080748e-02
4.197278075637001470e-03,2.841753786924998068e-02,5.129509720551021779e-02,0.000000000000000000e+00,0.000000000000000000e+00,7.262438040378428605e-02,0.000000000000000000e+00,3.708821197593639707e-02,0.000000000000000000e+00,6.854851173284177979e-02,0.000000000000000000e+00,2.845409017141382890e-02,0.000000000000000000e+00,0.000000000000000000e+00,0.000000000000000000e+00,0.000000000000000000e+00,5.004721892861983129e-02,1.021339856230975007e-01,0.000000000000000000e+00,0.000000000000000000e+00,0.000000000000000000e+00,0.000000000000000000e+00,0.000000000000000000e+00,9.878284366368328406e-02,1.031372067799475253e-02,0.000000000000000000e+00,0.000000000000000000e+00,0.000000000000000000e+00,7.587625443325547725e-02,1.021339856230975146e-01,0.000000000000000000e+00,0.000000000000000000e+00,0.000000000000000000e+00,0.000000000000000000e+00,6.388191069622245477e-02,9.864005259271821369e-02,1.451082744475771791e-01,0.000000000000000000e+00,5.042867981275934997e-02,0.000000000000000000e+00,5.215792029139901947e-02,3.591599387874697125e-02,0.000000000000000000e+00,9.643225887729602042e-02,4.787777772046070135e-02,3.994330695410927556e-04,0.000000000000000000e+00,0.000000000000000000e+00,6.373869573211873862e-02,2.222329751603846493e-02,7.623757337209478846e-02,3.651690197652229797e-02,0.000000000000000000e+00,8.081477161101338624e-02,0.000000000000000000e+00,0.000000000000000000e+00,0.000000000000000000e+00,0.000000000000000000e+00,0.000000000000000000e+00,5.811160114861128878e-02,8.558269393251156931e-02,0.000000000000000000e+00,0.000000000000000000e+00,1.106444902472403791e-01,1.172142813880143603e-01,1.234024340753218513e-01,0.000000000000000000e+00,0.000000000000000000e+00,0.000000000000000000e+00,0.000000000000000000e+00,7.168805655807011790e-02,4.530720648703703141e-02,7.579005465921360291e-03,8.898091291685142346e-02,0.000000000000000000e+00,7.387376317542787563e-02,1.711186556160657624e-01,0.000000000000000000e+00,0.000000000000000000e+00,0.000000000000000000e+00,0.000000000000000000e+00,2.699174360423178820e-02,0.000000000000000000e+00,1.381009371800087093e-01,9.545318189942715581e-02,0.000000000000000000e+00,1.129137392167838816e-01,1.400275118659607410e-01,0.000000000000000000e+00,1.098670318491924980e-01,5.244910327701818309e-02,0.000000000000000000e+00,8.030413519477724860e-02,6.560618766516107536e-02,7.206580197420774103e-02,4.406912534117927993e-02,0.000000000000000000e+00,1.239275261523785920e-01,0.000000000000000000e+00,3.799072080654184586e-02
0.000000000000000000e+00,7.691501246386063528e-02,0.000000000000000000e+00,0.000000000000000000e+00,4.794809221465026750e-02,4.057447729987934126e-02,0.000000000000000000e+00,4.740834200781004343e-02,0.000000000000000000e+00,3.051503870980736000e-02,3.387284410210136126e-02,0.000000000000000000e+00,2.165729360614399371e-03,0.000000000000000000e+00,1.749972028702656557e-02,0.000000000000000000e+00,0.000000000000000000e+00,7.535831262410980225e-02,3.522631100274474514e-03,1.652167383168976766e-01,1.076791361548824766e-02,1.302534901473620388e-02,7.361240530474691401e-02,1.611576274478294241e-02,0.000000000000000000e+00,0.000000000000000000e+00,0.000000000000000000e+00,0.000000000000000000e+00,0.000000000000000000e+00,7.535831262410977449e-02,3.522631100274557781e-03,1.380564133901174828e-01,0.000000000000000000e+00,2.543361557146405980e-02,0.000000000000000000e+00,0.000000000000000000e+00,0.000000000000000000e+00,0.000000000000000000e+00,6.024833871988233280e-02,3.612264593190762929e-02,1.139987619523567114e-02,8.987281934209839784e-02,0.000000000000000000e+00,0.000000000000000000e+00,9.755264231374394246e-02,5.652276201452334503e-02,1.723193433249413375e-02,0.000000000000000000e+00,0.000000000000000000e+00,0.000000000000000000e+00,8.434689743987137944e-02,5.155566004921707801e-02,5.836054663667177705e-02,0.000000000000000000e+00,6.655381375685351375e-02,0.000000000000000000e+00,0.000000000000000000e+00,0.000000000000000000e+00,0.000000000000000000e+00,0.000000000000000000e+00,6.894897516337857024e-02,3.864267454911611555e-02,1.376249906352681185e-01,3.307571414350425620e-02,2.184570254523509475e-02,2.751094077963782414e-02,0.000000000000000000e+00,0.000000000000000000e+00,0.000000000000000000e+00,0.000000000000000000e+00,0.000000000000000000e+00,0.000000000000000000e+00,0.000000000000000000e+00,0.000000000000000000e+00,7.534531479168757317e-02,7.729769936501332261e-03,8.779237285506122368e-02,0.000000000000000000e+00,0.000000000000000000e+00,3.674356196657650730e-02,0.000000000000000000e+00,1.247712024612480930e-01,6.079020075081742469e-02,0.000000000000000000e+00,6.183673440952731915e-02,0.000000000000000000e+00,0.000000000000000000e+00,7.026827015600457804e-04,6.675204773806528435e-02,2.132320625704364758e-02,0.000000000000000000e+00,6.064959996530774888e-02,7.925303875044212298e-02,0.000000000000000000e+00,0.000000000000000000e+00,2.401674570226194211e-02,1.239275261523785920e-01,0.000000000000000000e+00,0.000000000000000000e+00,0.000000000000000000e+00
0.000000000000000000e+00,0.000000000000000000e+00,0.000000000000000000e+00,0.000000000000000000e+00,1.152304797971877570e-01,1.084938198412809529e-01,7.924961877545269595e-02,1.653782769106867945e-02,0.000000000000000000e+00,5.359739048280908608e-02,9.262751988153805627e-02,1.576279608544500221e-01,5.403161362340543755e-02,8.220644620666081592e-02,1.716903166518887747e-03,1.336994673111381593e-01,0.000000000000000000e+00,2.543422263815028894e-03,1.356571509149295807e-02,6.726925572690600763e-02,0.000000000000000000e+00,1.408578345777719565e-02,0.000000000000000000e+00,3.175780535243234726e-02,7.312233014725437463e-02,0.000000000000000000e+00,0.000000000000000000e+00,0.000000000000000000e+00,0.000000000000000000e+00,2.543422263815049711e-03,1.356571509149308297e-02,0.000000000000000000e+00,0.000000000000000000e+00,2.879786076350868834e-02,0.000000000000000000e+00,0.000000000000000000e+00,0.000000000000000000e+00,9.120563099697541476e-02,0.000000000000000000e+00,0.000000000000000000e+00,6.593537537728735853e-02,0.000000000000000000e+00,3.957765222098580393e-02,0.000000000000000000e+00,0.000000000000000000e+00,0.000000000000000000e+00,0.000000000000000000e+00,6.525718874775984779e-02,1.759546358556631496e-01,0.000000000000000000e+00,0.000000000000000000e+00,3.082987988198913551e-02,0.000000000000000000e+00,0.000000000000000000e+00,0.000000000000000000e+00,0.000000000000000000e+00,0.000000000000000000e+00,1.622713723331811395e-02,0.000000000000000000e+00,0.000000000000000000e+00,7.134397851485528574e-02,0.000000000000000000e+00,1.455388172845063777e-01,0.000000000000000000e+00,0.000000000000000000e+00,2.266564414052931603e-02,1.189562670836431940e-01,1.472127082277791682e-02,3.719017763270708599e-02,0.000000000000000000e+00,1.213181571963022898e-01,0.000000000000000000e+00,0.000000000000000000e+00,1.595287802283980316e-02,0.000000000000000000e+00,1.729939470900655751e-01,0.000000000000000000e+00,1.573008239003284570e-02,0.000000000000000000e+00,0.000000000000000000e+00,5.613192709570107020e-02,3.257183622697758935e-02,0.000000000000000000e+00,7.724488872051228638e-02,0.000000000000000000e+00,0.000000000000000000e+00,9.726497949032475443e-02,7.060621832770065665e-02,1.596063396298907366e-01,1.104806948146894174e-03,8.322232634672697971e-02,0.000000000000000000e+00,0.000000000000000000e+00,0.000000000000000000e+00,2.196996047240740851e-02,0.000000000000000000e+00,0.000000000000000000e+00,0.000000000000000000e+00,0.000000000000000000e+00,1.890161883756798500e-01
1.615579737838231389e-01,5.677012485397009423e-03,2.936981665982891232e-01,1.093581224592524714e-01,4.698879207081771425e-03,8.799430021765063115e-02,0.000000000000000000e+00,0.000000000000000000e+00,2.669287472473652056e-01,2.052570065442710645e-01,1.166834389738776422e-02,1.636932128121919572e-01,0.000000000000000000e+00,1.077161518165296178e-02,0.000000000000000000e+00,3.951355449588137003e-02,3.029486454678062546e-01,0.000000000000000000e+00,0.000000000000000000e+00,3.195977305298070559e-01,9.794607428116747228e-02,6.014394556419667970e-02,8.817218892186534651e-02,1.859180378194539851e-01,7.408516240507564965e-02,1.759412472228684132e-01,1.014836323015168851e-01,0.000000000000000000e+00,2.458965910662376866e-02,0.000000000000000000e+00,0.000000000000000000e+00,0.000000000000000000e+00,7.715725380399016640e-03,0.000000000000000000e+00,5.042379329941418936e-02,1.296242532600664632e-01,3.763870706291917723e-02,0.000000000000000000e+00,2.236983463275474954e-02,0.000000000000000000e+00,1.109072637321970312e-01,0.000000000000000000e+00,0.000000000000000000e+00,1.434255138075059277e-02,0.000000000000000000e+00,1.999214485327129309e-01,2.066066906353939414e-01,0.000000000000000000e+00,1.216975660507055301e-01,0.000000000000000000e+00,0.000000000000000000e+00,0.000000000000000000e+00,4.563663648327111189e-02,1.223008738720455929e-01,7.980303120810722239e-02,0.000000000000000000e+00,1.444291817262199906e-01,1.467133451676033706e-01,0.000000000000000000e+00,0.000000000000000000e+00,0.000000000000000000e+00,0.000000000000000000e+00,0.000000000000000000e+00,0.000000000000000000e+00,0.000000000000000000e+00,0.000000000000000000e+00,0.000000000000000000e+00,9.237749440874468143e-02,0.000000000000000000e+00,2.970977432228821824e-03,6.254563019994902051e-02,3.007123717574484989e-02,4.339602907147469685e-02,0.000000000000000000e+00,0.000000000000000000e+00,9.181303594909276389e-02,0.000000000000000000e+00,2.221460501652973429e-02,2.229184393817006463e-02,0.000000000000000000e+00,0.000000000000000000e+00,4.912934247498503687e-02,0.000000000000000000e+00,0.000000000000000000e+00,0.000000000000000000e+00,0.000000000000000000e+00,2.049059419820404848e-01,0.000000000000000000e+00,0.000000000000000000e+00,0.000000000000000000e+00,8.850044109978866258e-02,0.000000000000000000e+00,0.000000000000000000e+00,0.000000000000000000e+00,1.535757017778534572e-01,7.750936456592080748e-02,3.799072080654184586e-02,0.000000000000000000e+00,1.890161883756798500e-01,0.000000000000000000e+00
