0.000000000000000000e+00,0.000000000000000000e+00,1.080488697240971074e-01,3.026075344000784262e-01,0.000000000000000000e+00,0.000000000000000000e+00,0.000000000000000000e+00,0.000000000000000000e+00,1.589028542627097043e-02,3.652500291010638556e-01,0.000000000000000000e+00,0.000000000000000000e+00,0.000000000000000000e+00,0.000000000000000000e+00,0.000000000000000000e+00,2.206973429438204848e-01,1.116829494540109435e-01,0.000000000000000000e+00,0.000000000000000000e+00,2.536105037027237552e-01,2.100422109872376319e-01,8.330783117483100964e-02,3.205375418413196620e-01,8.554763298847735398e-02,0.000000000000000000e+00,2.162760409189752320e-01,0.000000000000000000e+00,0.000000000000000000e+00,0.000000000000000000e+00,0.000000000000000000e+00,0.000000000000000000e+00,0.000000000000000000e+00,9.083917717125064573e-02,0.000000000000000000e+00,1.841126621082283046e-02,5.268699958905537217e-02,4.031688609905032666e-02,5.484969338535221339e-02,2.125444110987789043e-02,7.522768766780624228e-03,0.000000000000000000e+00,0.000000000000000000e+00,0.000000000000000000e+00,0.000000000000000000e+00,0.000000000000000000e+00,0.000000000000000000e+00,0.000000000000000000e+00,0.000000000000000000e+00,0.000000000000000000e+00,0.000000000000000000e+00,0.000000000000000000e+00,6.916708880310301621e-02,1.667073602419762990e-01,7.339966098145930817e-02,7.797053012573440522e-02,0.000000000000000000e+00,0.000000000000000000e+00,1.979897437968754920e-02,0.000000000000000000e+00,0.000000000000000000e+00,0.000000000000000000e+00,1.551337989172150156e-01,0.000000000000000000e+00,0.000000000000000000e+00,1.933331691422530141e-01,1.131697434394456220e-01,0.000000000000000000e+00,2.703262839469889323e-01,0.000000000000000000e+00,0.000000000000000000e+00,1.112855909765936013e-01,0.000000000000000000e+00,0.000000000000000000e+00,1.006867260763110034e-01,1.180274599967442023e-01,1.648542786995069731e-01,9.706694332680029444e-03,0.000000000000000000e+00,8.196682942824589507e-03,0.000000000000000000e+00,3.640907166082126001e-02,0.000000000000000000e+00,1.042374123926217006e-01,0.000000000000000000e+00,1.187353351775101012e-01,0.000000000000000000e+00,1.042374123926217006e-01,1.187353351775101012e-01,0.000000000000000000e+00,5.881910620427795860e-02,0.000000000000000000e+00,0.000000000000000000e+00,2.429087332624947915e-01,4.778551328030589129e-02,0.000000000000000000e+00,5.869215620791940619e-02,7.587329542652941974e-03,0.000000000000000000e+00,4.792008531645398223e-04,1.716468848384578583e-01
0.000000000000000000e+00,0.000000000000000000e+00,0.000000000000000000e+00,1.373408540734731842e-01,0.000000000000000000e+00,3.324346817776985819e-01,0.000000000000000000e+00,2.741551398599291200e-01,0.000000000000000000e+00,1.982128918519775879e-02,3.226116003221891071e-01,3.654162591099913149e-02,0.000000000000000000e+00,1.200729923247562114e-01,2.488124363673309136e-01,8.424098075260549878e-02,0.000000000000000000e+00,1.336492920066367218e-01,1.842589090927507223e-01,1.969722377086721432e-01,1.112287469003989115e-02,0.000000000000000000e+00,0.000000000000000000e+00,0.000000000000000000e+00,0.000000000000000000e+00,0.000000000000000000e+00,0.000000000000000000e+00,0.000000000000000000e+00,0.000000000000000000e+00,1.336492920066367218e-01,1.842589090927507223e-01,1.099500241027032837e-01,0.000000000000000000e+00,8.632122026586025454e-02,8.532710093750428548e-02,2.874904863592865970e-02,1.518307236172172781e-01,0.000000000000000000e+00,3.852010213698785490e-01,1.543789412486086185e-02,0.000000000000000000e+00,6.197686297033209168e-01,9.430355715305047126e-02,3.484245390585030688e-01,5.102525749284310130e-01,5.412332034357027893e-02,1.124089370921380407e-02,0.000000000000000000e+00,1.222103062498439974e-01,0.000000000000000000e+00,0.000000000000000000e+00,1.246008479006087410e-01,2.789017807008722233e-02,0.000000000000000000e+00,2.894537016622510811e-02,0.000000000000000000e+00,0.000000000000000000e+00,2.749761907035570135e-02,0.000000000000000000e+00,4.640105609304559509e-02,1.824914007734561305e-02,4.484325864754885871e-02,1.124577785080599635e-01,1.009157054242819929e-01,0.000000000000000000e+00,2.808210164792825786e-02,0.000000000000000000e+00,0.000000000000000000e+00,7.295730220284021850e-02,2.362104752737120283e-01,0.000000000000000000e+00,9.398398489875581241e-02,5.058028502484741840e-02,0.000000000000000000e+00,6.574065809841127261e-02,2.431692871635614261e-02,5.319151359107441093e-03,9.262952157926507279e-02,1.201810994841067404e-01,4.101064174265278695e-02,0.000000000000000000e+00,0.000000000000000000e+00,1.056568993867439479e-02,8.680836224284380065e-02,0.000000000000000000e+00,7.361299892308262316e-02,1.056568993867439479e-02,0.000000000000000000e+00,7.341306080761642039e-02,0.000000000000000000e+00,0.000000000000000000e+00,6.259567482285922912e-02,4.227577160831506864e-02,8.880233104556069235e-02,0.000000000000000000e+00,0.000000000000000000e+00,8.907320458252782069e-02,1.591518550711239488e-01,0.000000000000000000e+00,1.781860058401901065e-02
1.080488697240971074e-01,0.000000000000000000e+00,0.000000000000000000e+00,0.000000000000000000e+00,1.828579083376064007e-01,0.000000000000000000e+00,0.000000000000000000e+00,0.000000000000000000e+00,7.571560696441547167e-01,1.190082909432039759e-01,0.000000000000000000e+00,0.000000000000000000e+00,0.000000000000000000e+00,0.000000000000000000e+00,1.938273294361309573e-01,0.000000000000000000e+00,5.939071528544204170e-01,1.073560145753112670e-02,0.000000000000000000e+00,1.367544481035185555e-01,0.000000000000000000e+00,1.251997239711677423e-01,0.000000000000000000e+00,0.000000000000000000e+00,7.951206428903404011e-02,8.896104270392060642e-02,2.237676357748697720e-01,0.000000000000000000e+00,2.236662428930534866e-02,1.073560145753112670e-02,0.000000000000000000e+00,0.000000000000000000e+00,9.543631930524624704e-03,0.000000000000000000e+00,4.367685028682830595e-01,2.946851967873238554e-01,3.478870586393584818e-01,1.374461467560089689e-01,1.511132508099765487e-02,0.000000000000000000e+00,1.133031051519919341e-01,0.000000000000000000e+00,0.000000000000000000e+00,0.000000000000000000e+00,4.917634980898717700e-02,3.398732301209803075e-01,7.318932305938530281e-01,0.000000000000000000e+00,0.000000000000000000e+00,0.000000000000000000e+00,0.000000000000000000e+00,9.593648429518097931e-03,1.032213269347076745e-01,0.000000000000000000e+00,0.000000000000000000e+00,0.000000000000000000e+00,0.000000000000000000e+00,2.591308254556326605e-03,2.029696893070489366e-02,4.850280341087927216e-02,0.000000000000000000e+00,0.000000000000000000e+00,0.000000000000000000e+00,0.000000000000000000e+00,0.000000000000000000e+00,5.159857950993216452e-02,0.000000000000000000e+00,2.269924066651888284e-01,1.686568123314315104e-01,4.265156052496692912e-02,3.809290252739866434e-01,2.374769538654873391e-01,1.882586276196668990e-02,0.000000000000000000e+00,2.618388493722384469e-01,3.604412347901100877e-02,0.000000000000000000e+00,0.000000000000000000e+00,0.000000000000000000e+00,1.363554911438160083e-03,0.000000000000000000e+00,9.805179000370048414e-02,7.580393668868302265e-03,0.000000000000000000e+00,0.000000000000000000e+00,0.000000000000000000e+00,7.580393668868302265e-03,0.000000000000000000e+00,0.000000000000000000e+00,4.970449924240741280e-02,5.493993570021220296e-02,0.000000000000000000e+00,9.820039534101840384e-02,0.000000000000000000e+00,2.371284105644280715e-01,7.800832353749027892e-02,0.000000000000000000e+00,0.000000000000000000e+00,1.671466157878416167e-02,0.000000000000000000e+00
3.026075344000784262e-01,1.373408540734731842e-01,0.000000000000000000e+00,0.000000000000000000e+00,0.000000000000000000e+00,4.871952258712031192e-02,1.112126669978695179e-02,0.000000000000000000e+00,0.000000000000000000e+00,4.240605649489291862e-01,8.766757675911087538e-03,0.000000000000000000e+00,8.574944547675478895e-03,0.000000000000000000e+00,0.000000000000000000e+00,5.113935073082849503e-02,3.958975373630055708e-03,0.000000000000000000e+00,3.715862000066810084e-02,2.460759530916244442e-01,1.814632565706431611e-01,4.582671742947946880e-02,2.290414208338257540e-01,2.238156709665108102e-02,1.101899555682175347e-01,2.151262468927127580e-01,1.076175293543359113e-01,0.000000000000000000e+00,0.000000000000000000e+00,0.000000000000000000e+00,3.715862000066810084e-02,1.709626823251008884e-02,0.000000000000000000e+00,0.000000000000000000e+00,0.000000000000000000e+00,0.000000000000000000e+00,0.000000000000000000e+00,0.000000000000000000e+00,6.863217163998683312e-02,1.470888023674035150e-01,0.000000000000000000e+00,1.721648452053611833e-01,2.319031329299328648e-02,0.000000000000000000e+00,0.000000000000000000e+00,0.000000000000000000e+00,0.000000000000000000e+00,6.976521337978452975e-02,3.583639208699520434e-02,0.000000000000000000e+00,0.000000000000000000e+00,1.861118741246972630e-01,1.702206167840664697e-01,0.000000000000000000e+00,1.306303468440750959e-01,0.000000000000000000e+00,3.201335782658012996e-02,8.507982091777521738e-02,6.738663246271640872e-02,2.797892937794582355e-02,0.000000000000000000e+00,1.442882160105765643e-01,0.000000000000000000e+00,0.000000000000000000e+00,9.176496395207098256e-02,2.470810249420216792e-02,1.000276556645368076e-01,2.170547296111761948e-01,0.000000000000000000e+00,5.547702439832717658e-02,6.290804275359505697e-03,0.000000000000000000e+00,0.000000000000000000e+00,0.000000000000000000e+00,1.035027741330001583e-01,6.278647391782798959e-02,0.000000000000000000e+00,1.453125185499901662e-01,0.000000000000000000e+00,0.000000000000000000e+00,0.000000000000000000e+00,0.000000000000000000e+00,1.025294222063471428e-01,0.000000000000000000e+00,1.051306165125093575e-02,0.000000000000000000e+00,1.025294222063471428e-01,1.051306165125093575e-02,0.000000000000000000e+00,1.109586903070863551e-01,0.000000000000000000e+00,0.000000000000000000e+00,3.630630446985934345e-02,0.000000000000000000e+00,0.000000000000000000e+00,1.282409388740439193e-01,2.852877705971122724e-02,9.287288338458424275e-02,0.000000000000000000e+00,1.930085861957151483e-01
0.000000000000000000e+00,0.000000000000000000e+00,1.828579083376064007e-01,0.000000000000000000e+00,0.000000000000000000e+00,1.275639598391469232e-01,0.000000000000000000e+00,0.000000000000000000e+00,2.279681467546408880e-01,0.000000000000000000e+00,2.223393822717730783e-01,2.491904205766582447e-01,0.000000000000000000e+00,0.000000000000000000e+00,0.000000000000000000e+00,0.000000000000000000e+00,1.643488390968548540e-01,1.305299459281005492e-01,7.189757253600088938e-02,1.494244705274950513e-01,0.000000000000000000e+00,1.788813531851093930e-01,0.000000000000000000e+00,2.076317597267799287e-03,1.224053068835905256e-01,0.000000000000000000e+00,0.000000000000000000e+00,0.000000000000000000e+00,0.000000000000000000e+00,1.305299459281005492e-01,7.189757253600088938e-02,1.696141461667047268e-02,0.000000000000000000e+00,1.651945055676762308e-01,0.000000000000000000e+00,1.051622736023738736e-01,0.000000000000000000e+00,2.731947443001972453e-01,0.000000000000000000e+00,0.000000000000000000e+00,2.366271880238584591e-01,0.000000000000000000e+00,0.000000000000000000e+00,9.136611694751328727e-02,7.109270427037950313e-02,8.232420391018191452e-02,2.417713716866705109e-01,0.000000000000000000e+00,1.745750862093864986e-01,8.055026339901655286e-03,1.050059327847626678e-01,0.000000000000000000e+00,0.000000000000000000e+00,1.099001657014371247e-01,3.324688990456275278e-02,0.000000000000000000e+00,2.638402710303737117e-02,0.000000000000000000e+00,0.000000000000000000e+00,0.000000000000000000e+00,1.703571951735723955e-01,1.196416520190736466e-01,0.000000000000000000e+00,0.000000000000000000e+00,0.000000000000000000e+00,0.000000000000000000e+00,1.050087212073608223e-01,0.000000000000000000e+00,4.110664140276726330e-01,1.075903972177529033e-01,1.382530572058472684e-01,0.000000000000000000e+00,1.178751203704065664e-01,0.000000000000000000e+00,0.000000000000000000e+00,0.000000000000000000e+00,1.104095829224573388e-01,5.982572199018561243e-02,0.000000000000000000e+00,0.000000000000000000e+00,0.000000000000000000e+00,0.000000000000000000e+00,0.000000000000000000e+00,1.161297984032254593e-01,0.000000000000000000e+00,0.000000000000000000e+00,0.000000000000000000e+00,0.000000000000000000e+00,0.000000000000000000e+00,0.000000000000000000e+00,0.000000000000000000e+00,1.864420293412319407e-02,0.000000000000000000e+00,0.000000000000000000e+00,1.163660714855183076e-01,0.000000000000000000e+00,0.000000000000000000e+00,0.000000000000000000e+00,1.210276268152123968e-01,0.000000000000000000e+00
0.000000000000000000e+00,3.324346817776985819e-01,0.000000000000000000e+00,4.871952258712031192e-02,1.275639598391469232e-01,0.000000000000000000e+00,8.864512723540610151e-02,1.300987886318167031e-01,0.000000000000000000e+00,9.307597641817484668e-02,6.961812024160568546e-01,6.466783899578969486e-01,0.000000000000000000e+00,1.137142466011012709e-01,9.442246063567133474e-02,0.000000000000000000e+00,0.000000000000000000e+00,0.000000000000000000e+00,1.019178502710589296e-01,1.390481226308741269e-01,0.000000000000000000e+00,0.000000000000000000e+00,0.000000000000000000e+00,2.123945984076338334e-01,0.000000000000000000e+00,1.057686523767892572e-01,0.000000000000000000e+00,0.000000000000000000e+00,1.010969104643704986e-01,0.000000000000000000e+00,1.019178502710589296e-01,0.000000000000000000e+00,0.000000000000000000e+00,0.000000000000000000e+00,0.000000000000000000e+00,0.000000000000000000e+00,1.019942797220301511e-01,0.000000000000000000e+00,3.341638645602890700e-01,9.700014661273727301e-02,1.517057255308410790e-01,4.304479520845414520e-01,2.247903613148062862e-01,1.976758687874844156e-01,4.016667013686591181e-01,8.758413124283551121e-02,0.000000000000000000e+00,1.643835149849952881e-01,7.238099007605314217e-01,0.000000000000000000e+00,0.000000000000000000e+00,0.000000000000000000e+00,4.048352962551743373e-02,0.000000000000000000e+00,0.000000000000000000e+00,1.061708801727851981e-01,0.000000000000000000e+00,0.000000000000000000e+00,0.000000000000000000e+00,1.189378639636232138e-01,0.000000000000000000e+00,0.000000000000000000e+00,5.179493080881654443e-02,0.000000000000000000e+00,0.000000000000000000e+00,7.677713321131987567e-02,5.143594600446766557e-02,0.000000000000000000e+00,0.000000000000000000e+00,1.116146749662755150e-01,1.067890888980608903e-03,1.079104387902654963e-02,0.000000000000000000e+00,0.000000000000000000e+00,2.099562832554130731e-01,0.000000000000000000e+00,0.000000000000000000e+00,1.851957000754682059e-01,0.000000000000000000e+00,4.281647598622467105e-03,6.264128634279791941e-02,1.517028104075850148e-02,0.000000000000000000e+00,1.108624912331240414e-01,2.553091629091032155e-01,7.570691013609967546e-02,0.000000000000000000e+00,2.553091629091032155e-01,1.342259124705284801e-01,0.000000000000000000e+00,0.000000000000000000e+00,7.808302098199806918e-02,0.000000000000000000e+00,1.478451603062732322e-01,4.929885414914883524e-02,0.000000000000000000e+00,5.501769867373501599e-02,0.000000000000000000e+00,8.106738754224879218e-02,0.000000000000000000e+00
0.000000000000000000e+00,0.000000000000000000e+00,0.000000000000000000e+00,1.112126669978695179e-02,0.000000000000000000e+00,8.864512723540610151e-02,0.000000000000000000e+00,5.505345753633149319e-02,0.000000000000000000e+00,6.441675812785617027e-04,0.000000000000000000e+00,7.618675548991937947e-03,4.922017468507576821e-01,7.002881623610070216e-02,0.000000000000000000e+00,8.026699902963319033e-02,0.000000000000000000e+00,0.000000000000000000e+00,2.835814770602937962e-01,0.000000000000000000e+00,0.000000000000000000e+00,0.000000000000000000e+00,1.249535737191123097e-01,1.379988914793364163e-01,0.000000000000000000e+00,0.000000000000000000e+00,0.000000000000000000e+00,0.000000000000000000e+00,0.000000000000000000e+00,0.000000000000000000e+00,2.835814770602937962e-01,7.402985788098842557e-02,3.181109180511385720e-02,1.309775809700287619e-01,0.000000000000000000e+00,0.000000000000000000e+00,0.000000000000000000e+00,0.000000000000000000e+00,1.962923446091225689e-03,4.323057287915348379e-01,0.000000000000000000e+00,9.495857422237802270e-02,3.617322874016086764e-01,6.359856883580160269e-02,1.085805467321527829e-01,0.000000000000000000e+00,0.000000000000000000e+00,9.732451155876842286e-03,1.123374382365368296e-01,2.495524068755677893e-01,1.718506605524549036e-01,1.307605229070684175e-03,0.000000000000000000e+00,8.634842106771800641e-02,0.000000000000000000e+00,1.232198104249093151e-01,0.000000000000000000e+00,1.063123843502783612e-02,1.827127181040642118e-02,0.000000000000000000e+00,7.251661144800637671e-02,0.000000000000000000e+00,0.000000000000000000e+00,6.650493167305515652e-02,0.000000000000000000e+00,2.479985646806649041e-02,3.544492868195228685e-02,0.000000000000000000e+00,0.000000000000000000e+00,2.814962670576511283e-01,0.000000000000000000e+00,1.314880819688447888e-02,0.000000000000000000e+00,3.050806751049809501e-02,0.000000000000000000e+00,0.000000000000000000e+00,0.000000000000000000e+00,0.000000000000000000e+00,1.590195417937716460e-01,0.000000000000000000e+00,0.000000000000000000e+00,2.509750655332808680e-03,3.859763836442241421e-03,3.429025885285688635e-02,1.352217286564389720e-01,5.353678227156128538e-02,3.859763836442241421e-03,1.352217286564389720e-01,7.092714565416347039e-02,1.125888253953687135e-02,0.000000000000000000e+00,9.263712573125718053e-02,0.000000000000000000e+00,9.059661197898102869e-02,0.000000000000000000e+00,0.000000000000000000e+00,1.253880912542257309e-01,0.000000000000000000e+00,0.000000000000000000e+00,0.000000000000000000e+00
0.000000000000000000e+00,2.741551398599291200e-01,0.000000000000000000e+00,0.000000000000000000e+00,0.000000000000000000e+00,1.300987886318167031e-01,5.505345753633149319e-02,0.000000000000000000e+00,0.000000000000000000e+00,0.000000000000000000e+00,1.852597591973090263e-01,0.000000000000000000e+00,0.000000000000000000e+00,3.405728919095923901e-01,2.072756225724241841e-01,1.890125501991638535e-01,0.000000000000000000e+00,0.000000000000000000e+00,0.000000000000000000e+00,0.000000000000000000e+00,0.000000000000000000e+00,0.000000000000000000e+00,2.268246173472338034e-02,0.000000000000000000e+00,0.000000000000000000e+00,0.000000000000000000e+00,0.000000000000000000e+00,9.961850665935465584e-04,0.000000000000000000e+00,0.000000000000000000e+00,0.000000000000000000e+00,1.860039486909727952e-02,0.000000000000000000e+00,0.000000000000000000e+00,0.000000000000000000e+00,0.000000000000000000e+00,9.900988131869806197e-02,1.005067554749463146e-02,3.532713600559865830e-01,2.015110352369195099e-02,0.000000000000000000e+00,5.726405577700847127e-01,0.000000000000000000e+00,5.158461719771312293e-01,4.079500107422153743e-01,0.000000000000000000e+00,0.000000000000000000e+00,0.000000000000000000e+00,6.402474593528280356e-03,1.683771099141318506e-01,9.614614548060833321e-02,7.839582725569818611e-02,0.000000000000000000e+00,9.298209049945268395e-03,0.000000000000000000e+00,1.426542386084906494e-02,0.000000000000000000e+00,0.000000000000000000e+00,0.000000000000000000e+00,0.000000000000000000e+00,0.000000000000000000e+00,4.646151841284978934e-02,1.226436942470736369e-01,4.378602472201967299e-03,1.782490873337689852e-01,0.000000000000000000e+00,0.000000000000000000e+00,0.000000000000000000e+00,0.000000000000000000e+00,1.411582366441703484e-01,1.323028013950905066e-02,0.000000000000000000e+00,0.000000000000000000e+00,1.045078327188984357e-01,1.754469061489790926e-01,8.429346479241178313e-04,0.000000000000000000e+00,1.136201450009744207e-01,4.763933525847188072e-02,1.482895998674318150e-01,1.928207612773721324e-01,1.063480365360487678e-02,0.000000000000000000e+00,9.595587573357414191e-02,2.638487566238818527e-01,8.906104310636785149e-02,0.000000000000000000e+00,2.638487566238818527e-01,7.473212563550375720e-02,0.000000000000000000e+00,4.781505458480789228e-02,1.797677161962086823e-01,1.466833585493877625e-03,2.507530379188510281e-02,0.000000000000000000e+00,0.000000000000000000e+00,9.076469532879171548e-03,1.963765045666386322e-01,1.323270354084986333e-02,2.099828239171256522e-02
1.589028542627097043e-02,0.000000000000000000e+00,7.571560696441547167e-01,0.000000000000000000e+00,2.279681467546408880e-01,0.000000000000000000e+00,0.000000000000000000e+00,0.000000000000000000e+00,0.000000000000000000e+00,8.389029811261092262e-02,1.921923949158563932e-02,0.000000000000000000e+00,0.000000000000000000e+00,0.000000000000000000e+00,9.711524778570465588e-02,0.000000000000000000e+00,4.971444205092084845e-01,4.059055092355345201e-02,0.000000000000000000e+00,1.375927791521343591e-01,1.343830880045388323e-02,6.914764948005389100e-02,0.000000000000000000e+00,0.000000000000000000e+00,1.094297685466339431e-01,0.000000000000000000e+00,1.990919033623211321e-01,0.000000000000000000e+00,0.000000000000000000e+00,4.059055092355345201e-02,0.000000000000000000e+00,0.000000000000000000e+00,0.000000000000000000e+00,0.000000000000000000e+00,3.921915174144524618e-01,2.380059677789698735e-01,3.382660325476544161e-01,1.499364839355909473e-01,1.364951149770093908e-02,0.000000000000000000e+00,1.535575121068842586e-01,0.000000000000000000e+00,0.000000000000000000e+00,0.000000000000000000e+00,9.768380939049969847e-02,2.908005091855306312e-01,6.429515856160767928e-01,0.000000000000000000e+00,0.000000000000000000e+00,0.000000000000000000e+00,2.889961508938438187e-02,0.000000000000000000e+00,0.000000000000000000e+00,0.000000000000000000e+00,0.000000000000000000e+00,0.000000000000000000e+00,0.000000000000000000e+00,0.000000000000000000e+00,8.431936283943629318e-02,3.422374110964725158e-02,0.000000000000000000e+00,0.000000000000000000e+00,0.000000000000000000e+00,0.000000000000000000e+00,0.000000000000000000e+00,0.000000000000000000e+00,0.000000000000000000e+00,1.583109523423810172e-01,1.813604980721998661e-01,1.869582061347439539e-01,3.554333186489720964e-01,2.717402730957457768e-01,4.679668925415285397e-02,0.000000000000000000e+00,2.852810394174124520e-01,0.000000000000000000e+00,0.000000000000000000e+00,1.322639001926740991e-02,0.000000000000000000e+00,4.733997478238757828e-02,0.000000000000000000e+00,6.432394749780842580e-02,0.000000000000000000e+00,7.654105076777303895e-02,1.386455912758822323e-02,0.000000000000000000e+00,0.000000000000000000e+00,1.386455912758822323e-02,2.068016194805322172e-02,0.000000000000000000e+00,2.075394363491551292e-02,0.000000000000000000e+00,4.905636900509444120e-02,1.781132131602986002e-02,1.978205995074613366e-01,0.000000000000000000e+00,0.000000000000000000e+00,4.701189137312396238e-02,2.543343717905426765e-02,0.000000000000000000e+00
3.652500291010638556e-01,1.982128918519775879e-02,1.190082909432039759e-01,4.240605649489291862e-01,0.000000000000000000e+00,9.307597641817484668e-02,6.441675812785617027e-04,0.000000000000000000e+00,8.389029811261092262e-02,0.000000000000000000e+00,2.010661224119803664e-02,7.841900807938873008e-02,0.000000000000000000e+00,0.000000000000000000e+00,0.000000000000000000e+00,1.148368006331976915e-01,1.731848057315542033e-01,0.000000000000000000e+00,8.807235260207474381e-02,2.414922684593822366e-01,9.523127255356467202e-02,1.058287822372396131e-01,2.566564558958139286e-01,1.433719075506340035e-01,0.000000000000000000e+00,3.727483344461600678e-01,0.000000000000000000e+00,0.000000000000000000e+00,0.000000000000000000e+00,0.000000000000000000e+00,8.807235260207474381e-02,0.000000000000000000e+00,6.001546769598960912e-02,0.000000000000000000e+00,0.000000000000000000e+00,0.000000000000000000e+00,0.000000000000000000e+00,0.000000000000000000e+00,0.000000000000000000e+00,7.414366633678391716e-02,5.600874923628455099e-02,7.381724977349077288e-02,0.000000000000000000e+00,7.245838713187532920e-02,0.000000000000000000e+00,4.168329326730489670e-02,1.090952004660082353e-01,0.000000000000000000e+00,2.163561857825682389e-01,0.000000000000000000e+00,0.000000000000000000e+00,7.420124186298419910e-02,2.320784237122129889e-01,8.503049684530339380e-02,7.165197099463566088e-02,6.151806216414047040e-02,5.235745970637280255e-02,7.165082011730297684e-02,4.727386012986130315e-02,0.000000000000000000e+00,0.000000000000000000e+00,0.000000000000000000e+00,2.567592653396090496e-02,0.000000000000000000e+00,1.056318316744939284e-01,2.192493975447354707e-02,4.070195596123128701e-02,1.989567874349426613e-01,0.000000000000000000e+00,3.437099378761639124e-02,2.029900014575411471e-01,0.000000000000000000e+00,0.000000000000000000e+00,0.000000000000000000e+00,3.034719596881505499e-01,6.016594251148481461e-03,0.000000000000000000e+00,2.045390921909789050e-01,0.000000000000000000e+00,4.433352349873958403e-02,0.000000000000000000e+00,8.340403628814115067e-03,1.123980692199283427e-01,4.646445703074986167e-02,1.209803702539997416e-01,2.461872465231387461e-02,1.123980692199283427e-01,1.209803702539997416e-01,1.039436483805259159e-01,1.319465901086132320e-01,0.000000000000000000e+00,2.067277339020072435e-02,7.198778114462298094e-02,1.198419963679599465e-01,0.000000000000000000e+00,1.804819379124014966e-01,2.957594136814627184e-02,0.000000000000000000e+00,0.000000000000000000e+00,7.565075803960344403e-02
0.000000000000000000e+00,3.226116003221891071e-01,0.000000000000000000e+00,8.766757675911087538e-03,2.223393822717730783e-01,6.961812024160568546e-01,0.000000000000000000e+00,1.852597591973090263e-01,1.921923949158563932e-02,2.010661224119803664e-02,0.000000000000000000e+00,5.063774610140231447e-01,0.000000000000000000e+00,9.902207590615427768e-02,2.592135042260982347e-01,0.000000000000000000e+00,2.575049422442569208e-02,0.000000000000000000e+00,1.157804067458506336e-01,7.111034594055319624e-02,0.000000000000000000e+00,0.000000000000000000e+00,0.000000000000000000e+00,2.686819485615127290e-02,9.896531880469879028e-02,5.878044295621335374e-02,0.000000000000000000e+00,0.000000000000000000e+00,5.033686671618123332e-02,0.000000000000000000e+00,1.157804067458506336e-01,9.026293213610800392e-02,0.000000000000000000e+00,0.000000000000000000e+00,0.000000000000000000e+00,0.000000000000000000e+00,0.000000000000000000e+00,0.000000000000000000e+00,1.978555521538126749e-01,0.000000000000000000e+00,1.415198369311655435e-01,3.733783071517843277e-01,2.166272831813152444e-01,2.469733096768689240e-01,4.206477870390863960e-01,2.931784003674162697e-01,1.029858743556162359e-01,1.390280410846727599e-01,6.201118803793279621e-01,0.000000000000000000e+00,0.000000000000000000e+00,5.854766610208676780e-02,1.876086663494083706e-02,0.000000000000000000e+00,0.000000000000000000e+00,0.000000000000000000e+00,0.000000000000000000e+00,0.000000000000000000e+00,0.000000000000000000e+00,1.017295918363097032e-02,6.343810403290503497e-02,0.000000000000000000e+00,0.000000000000000000e+00,1.337689375268782434e-02,0.000000000000000000e+00,0.000000000000000000e+00,6.233096840687820522e-02,0.000000000000000000e+00,0.000000000000000000e+00,1.300304455281084404e-01,0.000000000000000000e+00,5.044866727939464890e-02,0.000000000000000000e+00,0.000000000000000000e+00,1.928269061129544437e-01,0.000000000000000000e+00,0.000000000000000000e+00,2.131596877755642105e-01,0.000000000000000000e+00,0.000000000000000000e+00,5.300899200078196261e-02,5.045434125446786322e-02,0.000000000000000000e+00,1.128050354602332939e-01,1.906460201443794522e-01,0.000000000000000000e+00,0.000000000000000000e+00,1.906460201443794522e-01,0.000000000000000000e+00,5.349816807434975945e-03,0.000000000000000000e+00,5.363476770362745477e-02,0.000000000000000000e+00,0.000000000000000000e+00,1.381285912141188565e-01,3.462948452266714772e-02,2.865749600719935328e-02,0.000000000000000000e+00,4.648184217308630461e-02,0.000000000000000000e+00
0.000000000000000000e+00,3.654162591099913149e-02,0.000000000000000000e+00,0.000000000000000000e+00,2.491904205766582447e-01,6.466783899578969486e-01,7.618675548991937947e-03,0.000000000000000000e+00,0.000000000000000000e+00,7.841900807938873008e-02,5.063774610140231447e-01,0.000000000000000000e+00,0.000000000000000000e+00,6.658414204872692421e-02,0.000000000000000000e+00,0.000000000000000000e+00,0.000000000000000000e+00,0.000000000000000000e+00,7.425089453918201632e-02,1.721927548460573942e-01,0.000000000000000000e+00,0.000000000000000000e+00,0.000000000000000000e+00,1.805515522807266682e-01,6.608127790194008588e-02,2.091565353146664086e-01,4.665725116259470534e-02,0.000000000000000000e+00,8.153573567132971212e-02,0.000000000000000000e+00,7.425089453918201632e-02,0.000000000000000000e+00,0.000000000000000000e+00,7.611322271984659327e-02,0.000000000000000000e+00,1.439486633548903161e-01,0.000000000000000000e+00,1.175736678563633758e-01,9.885289097947359827e-02,1.822688012033402694e-01,3.769664766235516495e-01,1.191718427990090395e-01,8.145576259324202595e-02,3.733023036981029941e-02,4.207478889855367776e-02,0.000000000000000000e+00,0.000000000000000000e+00,1.234215535336543046e-01,7.303398398622025223e-01,0.000000000000000000e+00,0.000000000000000000e+00,0.000000000000000000e+00,0.000000000000000000e+00,0.000000000000000000e+00,4.796524475795675702e-02,1.505616014839293026e-01,0.000000000000000000e+00,0.000000000000000000e+00,0.000000000000000000e+00,1.203099974255933680e-01,0.000000000000000000e+00,0.000000000000000000e+00,1.866842253468870699e-02,4.955668739122370825e-02,1.630265516892059618e-01,6.625998741858879493e-02,2.540800378723962957e-03,0.000000000000000000e+00,0.000000000000000000e+00,0.000000000000000000e+00,4.597443395092271068e-02,0.000000000000000000e+00,0.000000000000000000e+00,0.000000000000000000e+00,1.173199083244595708e-01,0.000000000000000000e+00,0.000000000000000000e+00,7.785620142101787322e-02,0.000000000000000000e+00,0.000000000000000000e+00,0.000000000000000000e+00,6.085699757286293365e-02,0.000000000000000000e+00,6.617734597451124801e-02,1.869059559094992662e-01,0.000000000000000000e+00,0.000000000000000000e+00,1.869059559094992662e-01,1.379913133715950091e-02,3.750645297754683083e-02,0.000000000000000000e+00,8.078642898549645568e-02,0.000000000000000000e+00,0.000000000000000000e+00,8.365923723305132564e-02,1.739761551405139342e-02,0.000000000000000000e+00,0.000000000000000000e+00,1.523010523489886081e-01,0.000000000000000000e+00
0.000000000000000000e+00,0.000000000000000000e+00,0.000000000000000000e+00,8.574944547675478895e-03,0.000000000000000000e+00,0.000000000000000000e+00,4.922017468507576821e-01,0.000000000000000000e+00,0.000000000000000000e+00,0.000000000000000000e+00,0.000000000000000000e+00,0.000000000000000000e+00,0.000000000000000000e+00,3.600615448760720316e-02,0.000000000000000000e+00,4.980101687571754365e-02,0.000000000000000000e+00,0.000000000000000000e+00,1.949224695225686421e-01,0.000000000000000000e+00,3.374347954380410401e-03,2.146510585036986302e-02,0.000000000000000000e+00,2.464707274466164111e-01,0.000000000000000000e+00,2.059431174040858223e-02,0.000000000000000000e+00,1.254568480365392258e-01,1.458251066311967992e-01,0.000000000000000000e+00,1.949224695225686421e-01,2.857798756920416627e-01,6.884161292630062989e-02,0.000000000000000000e+00,7.181311577808133229e-02,0.000000000000000000e+00,0.000000000000000000e+00,0.000000000000000000e+00,0.000000000000000000e+00,1.315491824281353819e-02,0.000000000000000000e+00,0.000000000000000000e+00,5.576152359857530216e-01,0.000000000000000000e+00,0.000000000000000000e+00,0.000000000000000000e+00,0.000000000000000000e+00,2.220435597429615965e-02,0.000000000000000000e+00,1.446035011949734495e-01,0.000000000000000000e+00,6.960999216813296142e-02,3.782938687472234274e-02,0.000000000000000000e+00,3.470731137478674788e-02,0.000000000000000000e+00,0.000000000000000000e+00,1.433895321505242459e-01,0.000000000000000000e+00,0.000000000000000000e+00,4.997750476359689130e-03,0.000000000000000000e+00,0.000000000000000000e+00,0.000000000000000000e+00,0.000000000000000000e+00,0.000000000000000000e+00,0.000000000000000000e+00,0.000000000000000000e+00,0.000000000000000000e+00,1.103224774892195073e-02,0.000000000000000000e+00,2.819476243200961241e-01,8.025762114011888992e-02,3.307357373432050496e-01,0.000000000000000000e+00,1.430059570769279254e-01,0.000000000000000000e+00,3.825041154121143309e-03,0.000000000000000000e+00,5.076297638342059347e-03,0.000000000000000000e+00,1.980686810681435341e-03,0.000000000000000000e+00,0.000000000000000000e+00,1.757523254659835738e-03,5.750117828613059145e-02,0.000000000000000000e+00,1.757523254659835738e-03,8.768836569314331086e-02,0.000000000000000000e+00,0.000000000000000000e+00,2.295671287966333587e-02,0.000000000000000000e+00,9.127759495481817253e-02,0.000000000000000000e+00,0.000000000000000000e+00,1.010216297040302941e-01,0.000000000000000000e+00,0.000000000000000000e+00,0.000000000000000000e+00
0.000000000000000000e+00,1.200729923247562114e-01,0.000000000000000000e+00,0.000000000000000000e+00,0.000000000000000000e+00,1.137142466011012709e-01,7.002881623610070216e-02,3.405728919095923901e-01,0.000000000000000000e+00,0.000000000000000000e+00,9.902207590615427768e-02,6.658414204872692421e-02,3.600615448760720316e-02,0.000000000000000000e+00,0.000000000000000000e+00,5.226189183858086229e-02,0.000000000000000000e+00,8.236187098048260158e-02,0.000000000000000000e+00,0.000000000000000000e+00,0.000000000000000000e+00,0.000000000000000000e+00,0.000000000000000000e+00,1.445127620775580879e-01,0.000000000000000000e+00,0.000000000000000000e+00,0.000000000000000000e+00,0.000000000000000000e+00,0.000000000000000000e+00,8.236187098048260158e-02,0.000000000000000000e+00,0.000000000000000000e+00,0.000000000000000000e+00,4.938837643291073970e-02,0.000000000000000000e+00,0.000000000000000000e+00,0.000000000000000000e+00,3.386306257193496920e-03,1.406490929850904292e-01,3.865325126697403274e-02,2.666067735669677002e-02,3.029034080238587889e-01,1.227072018290213118e-01,2.449748071331309396e-01,1.230292564101078401e-01,0.000000000000000000e+00,0.000000000000000000e+00,2.119493342576985739e-01,7.942991695329134488e-03,8.512986245051354373e-02,3.566695601913599800e-02,5.808958350877049814e-02,0.000000000000000000e+00,1.142054109977993712e-02,0.000000000000000000e+00,4.768354193404368557e-02,0.000000000000000000e+00,1.305525328483141678e-01,3.534190397121567129e-02,0.000000000000000000e+00,0.000000000000000000e+00,0.000000000000000000e+00,0.000000000000000000e+00,0.000000000000000000e+00,6.361546246435326180e-02,0.000000000000000000e+00,1.264934953550344576e-01,0.000000000000000000e+00,0.000000000000000000e+00,0.000000000000000000e+00,0.000000000000000000e+00,7.830727457593698176e-03,4.083368507620004778e-02,0.000000000000000000e+00,2.270318745269534269e-02,7.314779113935848676e-02,0.000000000000000000e+00,0.000000000000000000e+00,1.021281236765907707e-01,1.677128148144816921e-01,1.078389591933538866e-01,0.000000000000000000e+00,0.000000000000000000e+00,0.000000000000000000e+00,7.023390395461204250e-02,1.916550795536345331e-01,0.000000000000000000e+00,7.023390395461204250e-02,2.225906283344086245e-01,2.840241268513960318e-02,0.000000000000000000e+00,3.236475460333855525e-02,1.669117235705130375e-01,1.905829167159240334e-01,0.000000000000000000e+00,0.000000000000000000e+00,2.780165306108580911e-02,1.377227386025433598e-01,3.438765574560979921e-02,0.000000000000000000e+00
0.000000000000000000e+00,2.488124363673309136e-01,1.938273294361309573e-01,0.000000000000000000e+00,0.000000000000000000e+00,9.442246063567133474e-02,0.000000000000000000e+00,2.072756225724241841e-01,9.711524778570465588e-02,0.000000000000000000e+00,2.592135042260982347e-01,0.000000000000000000e+00,0.000000000000000000e+00,0.000000000000000000e+00,0.000000000000000000e+00,0.000000000000000000e+00,2.539022766030168965e-01,0.000000000000000000e+00,1.032160221914708680e-03,0.000000000000000000e+00,0.000000000000000000e+00,0.000000000000000000e+00,0.000000000000000000e+00,0.000000000000000000e+00,7.106426360689221955e-02,0.000000000000000000e+00,1.558063745466018446e-01,7.142725745362480012e-03,0.000000000000000000e+00,0.000000000000000000e+00,1.032160221914708680e-03,1.169253619093845176e-01,2.079593255185652190e-02,0.000000000000000000e+00,7.769984850107214402e-02,6.392515105984442059e-02,1.600254963434560862e-01,0.000000000000000000e+00,1.746539432967389449e-01,0.000000000000000000e+00,1.434151401560664063e-02,2.065300204326703248e-01,0.000000000000000000e+00,1.828976788899460693e-01,2.322088122297391866e-01,3.014198624686789119e-01,2.921257396723115907e-01,0.000000000000000000e+00,0.000000000000000000e+00,0.000000000000000000e+00,0.000000000000000000e+00,7.836091936747882625e-02,6.880205456285354293e-02,0.000000000000000000e+00,0.000000000000000000e+00,7.718609809969551039e-02,0.000000000000000000e+00,1.533210534679407266e-01,0.000000000000000000e+00,1.065158649255890794e-01,2.565239975391058261e-03,2.878320035444234537e-02,0.000000000000000000e+00,7.715773638759113040e-02,0.000000000000000000e+00,0.000000000000000000e+00,0.000000000000000000e+00,0.000000000000000000e+00,0.000000000000000000e+00,1.826099640785621148e-01,6.369394322294009980e-02,7.626794133517365848e-02,9.418227610435032926e-02,1.497739018414013246e-01,2.095010080210708558e-01,3.362098912833717118e-02,4.286604187117181580e-02,1.905395050278968494e-02,7.563528414823553203e-02,0.000000000000000000e+00,1.122582887722688855e-01,0.000000000000000000e+00,0.000000000000000000e+00,0.000000000000000000e+00,0.000000000000000000e+00,0.000000000000000000e+00,0.000000000000000000e+00,0.000000000000000000e+00,1.188181206613849773e-02,1.420279908113855107e-02,0.000000000000000000e+00,5.592750218625136549e-02,0.000000000000000000e+00,0.000000000000000000e+00,7.818734465219084884e-02,3.047811504819451095e-03,1.594362626928300108e-02,1.371879348812195532e-01,1.931222293166465556e-02,0.000000000000000000e+00
2.206973429438204848e-01,8.424098075260549878e-02,0.000000000000000000e+00,5.113935073082849503e-02,0.000000000000000000e+00,0.000000000000000000e+00,8.026699902963319033e-02,1.890125501991638535e-01,0.000000000000000000e+00,1.148368006331976915e-01,0.000000000000000000e+00,0.000000000000000000e+00,4.980101687571754365e-02,5.226189183858086229e-02,0.000000000000000000e+00,0.000000000000000000e+00,0.000000000000000000e+00,0.000000000000000000e+00,0.000000000000000000e+00,2.773504637633582570e-01,3.386785587432951383e-02,1.307848612733386595e-01,5.843834229391484114e-02,0.000000000000000000e+00,0.000000000000000000e+00,0.000000000000000000e+00,0.000000000000000000e+00,0.000000000000000000e+00,0.000000000000000000e+00,0.000000000000000000e+00,0.000000000000000000e+00,0.000000000000000000e+00,2.904565742714204819e-03,1.464920274272964451e-01,1.225115557608301015e-01,0.000000000000000000e+00,1.557265248886011699e-01,0.000000000000000000e+00,1.821215300945814852e-01,1.648632582786657141e-01,0.000000000000000000e+00,1.595882606125266223e-01,9.268435223212219409e-02,1.136025123923317670e-01,9.694977711376909224e-02,0.000000000000000000e+00,0.000000000000000000e+00,0.000000000000000000e+00,0.000000000000000000e+00,1.234787938754555031e-01,0.000000000000000000e+00,7.874416032003207777e-03,4.264937862913129041e-02,0.000000000000000000e+00,0.000000000000000000e+00,0.000000000000000000e+00,0.000000000000000000e+00,8.020291144160282548e-02,0.000000000000000000e+00,0.000000000000000000e+00,0.000000000000000000e+00,1.324353838503688693e-02,2.624865846448146134e-02,0.000000000000000000e+00,0.000000000000000000e+00,1.027022101006314636e-01,0.000000000000000000e+00,1.266390683474354351e-01,0.000000000000000000e+00,0.000000000000000000e+00,0.000000000000000000e+00,0.000000000000000000e+00,0.000000000000000000e+00,3.732881080166604304e-02,0.000000000000000000e+00,3.092352840700358652e-01,5.790546846691106697e-02,0.000000000000000000e+00,1.329953779635526315e-02,1.116081387865976993e-01,1.153455593001470325e-01,2.186381042903911415e-02,0.000000000000000000e+00,1.590066877629332798e-01,1.447382247268647615e-01,1.288376906545867645e-02,0.000000000000000000e+00,1.447382247268647615e-01,0.000000000000000000e+00,0.000000000000000000e+00,2.219709691118375988e-02,5.663027169687460949e-02,1.777644126248529854e-01,2.069787799773742474e-03,0.000000000000000000e+00,0.000000000000000000e+00,4.112124981529542006e-02,5.087801297384275667e-02,0.000000000000000000e+00,7.128670321578521596e-02
1.116829494540109435e-01,0.000000000000000000e+00,5.939071528544204170e-01,3.958975373630055708e-03,1.643488390968548540e-01,0.000000000000000000e+00,0.000000000000000000e+00,0.000000000000000000e+00,4.971444205092084845e-01,1.731848057315542033e-01,2.575049422442569208e-02,0.000000000000000000e+00,0.000000000000000000e+00,0.000000000000000000e+00,2.539022766030168965e-01,0.000000000000000000e+00,0.000000000000000000e+00,0.000000000000000000e+00,0.000000000000000000e+00,2.738660465511513764e-02,1.491930975599164988e-02,0.000000000000000000e+00,0.000000000000000000e+00,0.000000000000000000e+00,1.089912972916323164e-01,1.165184995941956347e-01,2.506619183680061091e-01,1.532213691935880306e-01,0.000000000000000000e+00,0.000000000000000000e+00,0.000000000000000000e+00,0.000000000000000000e+00,3.703792412391810479e-02,0.000000000000000000e+00,1.450834482676555681e-01,2.556812603827832153e-01,1.208535384728514350e-01,7.802692284943690826e-02,0.000000000000000000e+00,0.000000000000000000e+00,1.153945308896049821e-01,0.000000000000000000e+00,0.000000000000000000e+00,0.000000000000000000e+00,0.000000000000000000e+00,5.530742204214980084e-01,6.472866405239261489e-01,5.289606320477540508e-02,0.000000000000000000e+00,0.000000000000000000e+00,0.000000000000000000e+00,3.322258372192533893e-02,1.823199379317964608e-01,1.087159383477655922e-02,5.007453165680668221e-04,0.000000000000000000e+00,0.000000000000000000e+00,5.114798228601816904e-02,2.246880602207803820e-02,1.666944338569983919e-01,0.000000000000000000e+00,3.543806222471852785e-02,0.000000000000000000e+00,0.000000000000000000e+00,0.000000000000000000e+00,0.000000000000000000e+00,0.000000000000000000e+00,3.731802860562382501e-02,0.000000000000000000e+00,0.000000000000000000e+00,2.964732186967684591e-01,1.065663958239160547e-01,0.000000000000000000e+00,0.000000000000000000e+00,2.947045807914887572e-01,1.905391713849478863e-02,0.000000000000000000e+00,0.000000000000000000e+00,0.000000000000000000e+00,3.513262142604124671e-02,3.642149903029209823e-02,3.598963006366949491e-02,0.000000000000000000e+00,2.639408076411086518e-02,0.000000000000000000e+00,0.000000000000000000e+00,0.000000000000000000e+00,0.000000000000000000e+00,0.000000000000000000e+00,0.000000000000000000e+00,6.122697446040493291e-02,0.000000000000000000e+00,1.794530834003554565e-01,0.000000000000000000e+00,1.615501365342921491e-01,2.470423096512661121e-02,0.000000000000000000e+00,8.603186989409575269e-02,2.359957971594197484e-02,0.000000000000000000e+00
0.000000000000000000e+00,1.336492920066367218e-01,1.073560145753112670e-02,0.000000000000000000e+00,1.305299459281005492e-01,0.000000000000000000e+00,0.000000000000000000e+00,0.000000000000000000e+00,4.059055092355345201e-02,0.000000000000000000e+00,0.000000000000000000e+00,0.000000000000000000e+00,0.000000000000000000e+00,8.236187098048260158e-02,0.000000000000000000e+00,0.000000000000000000e+00,0.000000000000000000e+00,0.000000000000000000e+00,0.000000000000000000e+00,3.252541575090814319e-02,0.000000000000000000e+00,7.154943956669146225e-03,0.000000000000000000e+00,1.687284953023140965e-01,5.061158115893736598e-02,0.000000000000000000e+00,0.000000000000000000e+00,0.000000000000000000e+00,0.000000000000000000e+00,9.999999999999997780e-01,0.000000000000000000e+00,1.745496264644355588e-01,0.000000000000000000e+00,3.236225110994772058e-01,1.884397835655963749e-01,0.000000000000000000e+00,0.000000000000000000e+00,1.615301287559300358e-01,0.000000000000000000e+00,0.000000000000000000e+00,0.000000000000000000e+00,0.000000000000000000e+00,0.000000000000000000e+00,8.034603156137361257e-02,2.621771861915205282e-01,0.000000000000000000e+00,8.974815482887413265e-02,0.000000000000000000e+00,0.000000000000000000e+00,2.576917303201609055e-01,0.000000000000000000e+00,0.000000000000000000e+00,0.000000000000000000e+00,2.467643234355553633e-02,1.975793539881016136e-01,0.000000000000000000e+00,5.171946938401411446e-03,0.000000000000000000e+00,0.000000000000000000e+00,7.938252236483223090e-02,4.925286742956010155e-03,1.348815946254206533e-01,0.000000000000000000e+00,2.448948822142140228e-02,0.000000000000000000e+00,5.787053552027100756e-02,1.137446332680428218e-01,0.000000000000000000e+00,3.296660570615076447e-01,0.000000000000000000e+00,0.000000000000000000e+00,1.612116835276787841e-01,1.206611743602989673e-01,0.000000000000000000e+00,0.000000000000000000e+00,1.266438126083102578e-01,2.789542427157758464e-01,0.000000000000000000e+00,3.560700351324860152e-02,3.264848024169698937e-02,0.000000000000000000e+00,0.000000000000000000e+00,8.841441746273406149e-03,0.000000000000000000e+00,0.000000000000000000e+00,8.482411978723168600e-02,8.841441746273406149e-03,0.000000000000000000e+00,4.647966957867682991e-02,0.000000000000000000e+00,6.241208232516724796e-02,3.122891153479914403e-02,0.000000000000000000e+00,7.023885214199675209e-02,0.000000000000000000e+00,0.000000000000000000e+00,0.000000000000000000e+00,2.082681210262050664e-01,0.000000000000000000e+00,0.000000000000000000e+00
0.000000000000000000e+00,1.842589090927507223e-01,0.000000000000000000e+00,3.715862000066810084e-02,7.189757253600088938e-02,1.019178502710589296e-01,2.835814770602937962e-01,0.000000000000000000e+00,0.000000000000000000e+00,8.807235260207474381e-02,1.157804067458506336e-01,7.425089453918201632e-02,1.949224695225686421e-01,0.000000000000000000e+00,1.032160221914708680e-03,0.000000000000000000e+00,0.000000000000000000e+00,0.000000000000000000e+00,0.000000000000000000e+00,0.000000000000000000e+00,5.972313423882734396e-02,8.993188439257657207e-02,0.000000000000000000e+00,0.000000000000000000e+00,8.251487937967569297e-02,8.535943309128876666e-02,0.000000000000000000e+00,1.394959537034742847e-01,1.773595230763268943e-02,0.000000000000000000e+00,1.000000000000000000e+00,5.574089183043216822e-02,8.920916499880061912e-03,7.108352970342776689e-02,0.000000000000000000e+00,0.000000000000000000e+00,0.000000000000000000e+00,0.000000000000000000e+00,0.000000000000000000e+00,1.409524655916519764e-01,1.056435276546743851e-02,5.184495984608108315e-02,1.321917405339094742e-01,1.603319875379798642e-01,9.365196303078365814e-02,0.000000000000000000e+00,0.000000000000000000e+00,0.000000000000000000e+00,2.024110253076790156e-01,0.000000000000000000e+00,9.036508161805738293e-02,9.415274660171540910e-02,0.000000000000000000e+00,0.000000000000000000e+00,5.764364494925310056e-02,1.478910688487214582e-02,0.000000000000000000e+00,0.000000000000000000e+00,0.000000000000000000e+00,0.000000000000000000e+00,1.234173985553450453e-01,0.000000000000000000e+00,7.197349977223953255e-03,8.929890684853197813e-02,0.000000000000000000e+00,0.000000000000000000e+00,3.455913025518477649e-02,0.000000000000000000e+00,1.304354552880769569e-01,1.687623856582197157e-01,0.000000000000000000e+00,1.470519332207767260e-01,3.161341792232541525e-02,7.325128158403160228e-02,5.528872380810699594e-03,0.000000000000000000e+00,8.321930726993846672e-02,1.006506832174706711e-01,1.231269893041743793e-02,0.000000000000000000e+00,0.000000000000000000e+00,0.000000000000000000e+00,1.203099974613091316e-01,1.797760250425627093e-02,0.000000000000000000e+00,0.000000000000000000e+00,1.203099974613091316e-01,0.000000000000000000e+00,4.498403547089851497e-03,0.000000000000000000e+00,0.000000000000000000e+00,2.219609100017495840e-02,0.000000000000000000e+00,4.659424789211699669e-02,0.000000000000000000e+00,1.331694063482648585e-02,1.164603700073798820e-01,0.000000000000000000e+00,4.680384661266296514e-02,0.000000000000000000e+00
2.536105037027237552e-01,1.969722377086721432e-01,1.367544481035185555e-01,2.460759530916244442e-01,1.494244705274950513e-01,1.390481226308741269e-01,0.000000000000000000e+00,0.000000000000000000e+00,1.375927791521343591e-01,2.414922684593822366e-01,7.111034594055319624e-02,1.721927548460573942e-01,0.000000000000000000e+00,0.000000000000000000e+00,0.000000000000000000e+00,2.773504637633582570e-01,2.738660465511513764e-02,3.252541575090814319e-02,0.000000000000000000e+00,0.000000000000000000e+00,0.000000000000000000e+00,8.063913308001124935e-02,1.123419542415659278e-01,1.411270560417471065e-01,0.000000000000000000e+00,4.565486050216030489e-02,0.000000000000000000e+00,0.000000000000000000e+00,3.268921784624596871e-02,3.252541575090814319e-02,0.000000000000000000e+00,0.000000000000000000e+00,0.000000000000000000e+00,9.143016107644910684e-02,0.000000000000000000e+00,4.532725813693430639e-02,8.429095863650114262e-02,3.719639361732970939e-02,8.763125619373798858e-02,1.581161466483960998e-01,0.000000000000000000e+00,1.318669696718148820e-01,0.000000000000000000e+00,0.000000000000000000e+00,1.952667310399355260e-01,2.435362904692688416e-02,5.544101455756158398e-02,3.893397387757439876e-02,2.180405646365077971e-02,0.000000000000000000e+00,0.000000000000000000e+00,8.006413336742140840e-02,2.069543073709571579e-01,0.000000000000000000e+00,0.000000000000000000e+00,7.499270081441286595e-02,0.000000000000000000e+00,8.701330468457751932e-02,0.000000000000000000e+00,7.985286558859472361e-02,1.757311996617779218e-02,0.000000000000000000e+00,0.000000000000000000e+00,2.906904366051724781e-02,5.787688918150243889e-02,1.548658906136922940e-03,0.000000000000000000e+00,1.262181301130112232e-01,0.000000000000000000e+00,9.050734069100332957e-02,0.000000000000000000e+00,5.083513030478318401e-02,0.000000000000000000e+00,0.000000000000000000e+00,3.575276596630441728e-02,4.857900526097324451e-02,0.000000000000000000e+00,0.000000000000000000e+00,0.000000000000000000e+00,4.364716525067068031e-02,0.000000000000000000e+00,0.000000000000000000e+00,0.000000000000000000e+00,1.026622119182683257e-01,4.622331032810998719e-02,4.438160180904383856e-02,0.000000000000000000e+00,4.622331032810998719e-02,2.139109663523523497e-01,2.055426742690562303e-02,0.000000000000000000e+00,0.000000000000000000e+00,1.587349194817885834e-01,1.645949453612486901e-01,0.000000000000000000e+00,4.472876255541821666e-02,0.000000000000000000e+00,0.000000000000000000e+00,0.000000000000000000e+00,0.000000000000000000e+00
2.100422109872376319e-01,1.112287469003989115e-02,0.000000000000000000e+00,1.814632565706431611e-01,0.000000000000000000e+00,0.000000000000000000e+00,0.000000000000000000e+00,0.000000000000000000e+00,1.343830880045388323e-02,9.523127255356467202e-02,0.000000000000000000e+00,0.000000000000000000e+00,3.374347954380410401e-03,0.000000000000000000e+00,0.000000000000000000e+00,3.386785587432951383e-02,1.491930975599164988e-02,0.000000000000000000e+00,5.972313423882734396e-02,0.000000000000000000e+00,0.000000000000000000e+00,1.590885629075977914e-01,1.908711178689231208e-02,7.554599835159146737e-02,0.000000000000000000e+00,1.427593874038964317e-01,0.000000000000000000e+00,0.000000000000000000e+00,0.000000000000000000e+00,0.000000000000000000e+00,5.972313423882734396e-02,0.000000000000000000e+00,2.314668355555844770e-02,4.570415366599175216e-02,1.199212969048955579e-01,3.739325693123670812e-03,9.146898910057080223e-02,6.978228209222127332e-02,1.538991436024387260e-01,0.000000000000000000e+00,0.000000000000000000e+00,0.000000000000000000e+00,1.167480807459253256e-01,0.000000000000000000e+00,0.000000000000000000e+00,0.000000000000000000e+00,0.000000000000000000e+00,0.000000000000000000e+00,0.000000000000000000e+00,0.000000000000000000e+00,0.000000000000000000e+00,8.316258939237136660e-02,2.136277377028788504e-01,0.000000000000000000e+00,0.000000000000000000e+00,0.000000000000000000e+00,8.001001829593961875e-03,9.229911160901718703e-02,1.074939716091561914e-01,0.000000000000000000e+00,0.000000000000000000e+00,1.086220552329600353e-02,4.407034312910385748e-02,8.157727959075707774e-03,9.505091756997480212e-02,1.313332692637893540e-01,0.000000000000000000e+00,6.642169933321709699e-03,0.000000000000000000e+00,0.000000000000000000e+00,0.000000000000000000e+00,5.823834470463067070e-02,0.000000000000000000e+00,1.905817614665619719e-01,1.273283870061664436e-01,1.030393170599160357e-01,1.968503698716735431e-03,0.000000000000000000e+00,0.000000000000000000e+00,5.754486249629921224e-02,0.000000000000000000e+00,0.000000000000000000e+00,0.000000000000000000e+00,0.000000000000000000e+00,0.000000000000000000e+00,0.000000000000000000e+00,0.000000000000000000e+00,0.000000000000000000e+00,0.000000000000000000e+00,5.957070440458582528e-02,1.735397120633290491e-02,0.000000000000000000e+00,7.074839377770422710e-02,4.899166965477706054e-02,0.000000000000000000e+00,0.000000000000000000e+00,1.028062888756524351e-01,4.463281717928025555e-02,0.000000000000000000e+00,1.125870891549473063e-01
8.330783117483100964e-02,0.000000000000000000e+00,1.251997239711677423e-01,4.582671742947946880e-02,1.788813531851093930e-01,0.000000000000000000e+00,0.000000000000000000e+00,0.000000000000000000e+00,6.914764948005389100e-02,1.058287822372396131e-01,0.000000000000000000e+00,0.000000000000000000e+00,2.146510585036986302e-02,0.000000000000000000e+00,0.000000000000000000e+00,1.307848612733386595e-01,0.000000000000000000e+00,7.154943956669146225e-03,8.993188439257657207e-02,8.063913308001124935e-02,1.590885629075977914e-01,0.000000000000000000e+00,3.962592923904019460e-02,0.000000000000000000e+00,1.391282288412592494e-01,5.053361091007443906e-02,0.000000000000000000e+00,1.653318533641862792e-02,0.000000000000000000e+00,7.154943956669146225e-03,8.993188439257657207e-02,9.023543648188029481e-03,4.788681243242563085e-02,1.603109697054189153e-01,1.028707554687284809e-01,1.649016713208124041e-01,0.000000000000000000e+00,0.000000000000000000e+00,0.000000000000000000e+00,0.000000000000000000e+00,2.630440087603914262e-02,0.000000000000000000e+00,9.706813962099663726e-03,0.000000000000000000e+00,0.000000000000000000e+00,1.097965861472415955e-01,8.634482286947384178e-02,0.000000000000000000e+00,0.000000000000000000e+00,0.000000000000000000e+00,0.000000000000000000e+00,0.000000000000000000e+00,8.331720525692878909e-02,0.000000000000000000e+00,9.087507688294320374e-02,0.000000000000000000e+00,1.639574955268242595e-01,0.000000000000000000e+00,0.000000000000000000e+00,0.000000000000000000e+00,5.991216910389642047e-02,0.000000000000000000e+00,5.655726644330896780e-02,1.280612822182932709e-01,0.000000000000000000e+00,1.796190420698241252e-01,0.000000000000000000e+00,1.642754114519228148e-01,2.034957431536147110e-01,0.000000000000000000e+00,0.000000000000000000e+00,2.745002423205864656e-02,0.000000000000000000e+00,0.000000000000000000e+00,0.000000000000000000e+00,6.673522879968390997e-02,0.000000000000000000e+00,7.367111858568764493e-02,0.000000000000000000e+00,0.000000000000000000e+00,0.000000000000000000e+00,0.000000000000000000e+00,0.000000000000000000e+00,3.241302148525100624e-02,0.000000000000000000e+00,0.000000000000000000e+00,0.000000000000000000e+00,0.000000000000000000e+00,0.000000000000000000e+00,0.000000000000000000e+00,0.000000000000000000e+00,0.000000000000000000e+00,4.732193392719274971e-02,0.000000000000000000e+00,8.523919521288278456e-02,0.000000000000000000e+00,0.000000000000000000e+00,0.000000000000000000e+00,0.000000000000000000e+00,1.084343638260457376e-01
3.205375418413196620e-01,0.000000000000000000e+00,0.000000000000000000e+00,2.290414208338257540e-01,0.000000000000000000e+00,0.000000000000000000e+00,1.249535737191123097e-01,2.268246173472338034e-02,0.000000000000000000e+00,2.566564558958139286e-01,0.000000000000000000e+00,0.000000000000000000e+00,0.000000000000000000e+00,0.000000000000000000e+00,0.000000000000000000e+00,5.843834229391484114e-02,0.000000000000000000e+00,0.000000000000000000e+00,0.000000000000000000e+00,1.123419542415659278e-01,1.908711178689231208e-02,3.962592923904019460e-02,0.000000000000000000e+00,1.571513926476621470e-01,0.000000000000000000e+00,2.159893819525360581e-01,2.960293858776896769e-02,0.000000000000000000e+00,0.000000000000000000e+00,0.000000000000000000e+00,0.000000000000000000e+00,0.000000000000000000e+00,2.481616962611783439e-01,9.078865369541097574e-03,4.732680479636285076e-03,0.000000000000000000e+00,6.239527056213538952e-03,6.869816655072982781e-03,7.627935968196450367e-02,2.160800092291183805e-01,0.000000000000000000e+00,1.171403977575753430e-01,2.301112011060298806e-02,0.000000000000000000e+00,0.000000000000000000e+00,0.000000000000000000e+00,0.000000000000000000e+00,0.000000000000000000e+00,0.000000000000000000e+00,1.032996977792711157e-01,0.000000000000000000e+00,0.000000000000000000e+00,1.242195965445166972e-01,1.214514891749694236e-01,1.244465427091370757e-01,1.695497821761577095e-01,4.043914626162939396e-02,0.000000000000000000e+00,6.786937533731325634e-02,0.000000000000000000e+00,0.000000000000000000e+00,0.000000000000000000e+00,7.271708260857734363e-02,1.115816343626155199e-01,1.980885397941861137e-01,4.528995716550447692e-02,4.367332457709671711e-02,1.353119887142111843e-01,0.000000000000000000e+00,0.000000000000000000e+00,0.000000000000000000e+00,0.000000000000000000e+00,0.000000000000000000e+00,0.000000000000000000e+00,0.000000000000000000e+00,0.000000000000000000e+00,0.000000000000000000e+00,3.797562244080479599e-02,9.312341454023433107e-02,2.075475013516205752e-04,1.407784158747765746e-01,0.000000000000000000e+00,2.544713733647001319e-02,0.000000000000000000e+00,5.399069204668376781e-02,3.166341537638658887e-02,2.544713733647001319e-02,5.399069204668376781e-02,1.220334533748696632e-02,0.000000000000000000e+00,0.000000000000000000e+00,0.000000000000000000e+00,2.966244981993693824e-02,1.555997553091809094e-02,0.000000000000000000e+00,3.556617884375059928e-03,1.077056058733906474e-01,0.000000000000000000e+00,0.000000000000000000e+00,1.638591095548030119e-01
8.554763298847735398e-02,0.000000000000000000e+00,0.000000000000000000e+00,2.238156709665108102e-02,2.076317597267799287e-03,2.123945984076338334e-01,1.379988914793364163e-01,0.000000000000000000e+00,0.000000000000000000e+00,1.433719075506340035e-01,2.686819485615127290e-02,1.805515522807266682e-01,2.464707274466164111e-01,1.445127620775580879e-01,0.000000000000000000e+00,0.000000000000000000e+00,0.000000000000000000e+00,1.687284953023140965e-01,0.000000000000000000e+00,1.411270560417471065e-01,7.554599835159146737e-02,0.000000000000000000e+00,1.571513926476621470e-01,0.000000000000000000e+00,0.000000000000000000e+00,2.942979317805478195e-02,4.444151443349400599e-02,0.000000000000000000e+00,7.177354111463046804e-02,1.687284953023140965e-01,0.000000000000000000e+00,0.000000000000000000e+00,8.016099087666572753e-02,0.000000000000000000e+00,0.000000000000000000e+00,0.000000000000000000e+00,0.000000000000000000e+00,0.000000000000000000e+00,0.000000000000000000e+00,0.000000000000000000e+00,0.000000000000000000e+00,0.000000000000000000e+00,2.261089184335618452e-01,0.000000000000000000e+00,0.000000000000000000e+00,0.000000000000000000e+00,0.000000000000000000e+00,1.502324673878386863e-01,2.088007532137344802e-01,0.000000000000000000e+00,0.000000000000000000e+00,0.000000000000000000e+00,5.830415566152985507e-02,1.262397743497374880e-01,1.569886002130970737e-01,1.097165433828617698e-01,7.173928652599242950e-02,2.148137178929932639e-02,0.000000000000000000e+00,2.776789097435668208e-02,0.000000000000000000e+00,0.000000000000000000e+00,4.162802417681578382e-02,0.000000000000000000e+00,7.715429134805495970e-03,1.264956693935409826e-01,1.311574206935425466e-02,2.208331031893306928e-02,0.000000000000000000e+00,0.000000000000000000e+00,3.892465189482266497e-02,4.268831393414483644e-02,0.000000000000000000e+00,0.000000000000000000e+00,7.481044759439599290e-02,0.000000000000000000e+00,9.414652618509919413e-03,0.000000000000000000e+00,0.000000000000000000e+00,0.000000000000000000e+00,4.415871704262175346e-02,9.547370514345580872e-02,9.750482222641649460e-03,0.000000000000000000e+00,5.190772236299476261e-02,1.028956392095854433e-01,9.750482222641649460e-03,5.190772236299476261e-02,1.536666348654925907e-01,0.000000000000000000e+00,0.000000000000000000e+00,3.124799194691689572e-03,0.000000000000000000e+00,2.050060528373664759e-01,0.000000000000000000e+00,0.000000000000000000e+00,0.000000000000000000e+00,0.000000000000000000e+00,0.000000000000000000e+00,2.785383758716744249e-02
0.000000000000000000e+00,0.000000000000000000e+00,7.951206428903404011e-02,1.101899555682175347e-01,1.224053068835905256e-01,0.000000000000000000e+00,0.000000000000000000e+00,0.000000000000000000e+00,1.094297685466339431e-01,0.000000000000000000e+00,9.896531880469879028e-02,6.608127790194008588e-02,0.000000000000000000e+00,0.000000000000000000e+00,7.106426360689221955e-02,0.000000000000000000e+00,1.089912972916323164e-01,5.061158115893736598e-02,8.251487937967569297e-02,0.000000000000000000e+00,0.000000000000000000e+00,1.391282288412592494e-01,0.000000000000000000e+00,0.000000000000000000e+00,0.000000000000000000e+00,0.000000000000000000e+00,5.991892724037636148e-02,2.597187894167489741e-01,0.000000000000000000e+00,5.061158115893736598e-02,8.251487937967569297e-02,0.000000000000000000e+00,2.258788252125469576e-02,2.587368414228987529e-02,0.000000000000000000e+00,1.038353384080295538e-01,0.000000000000000000e+00,1.469905411375900806e-01,0.000000000000000000e+00,0.000000000000000000e+00,1.231140301251434088e-01,0.000000000000000000e+00,0.000000000000000000e+00,0.000000000000000000e+00,0.000000000000000000e+00,1.351824322300415777e-02,2.048351209238245263e-01,7.659723805908849603e-02,9.287190580448465016e-02,0.000000000000000000e+00,1.457001761111723082e-01,8.068712588566537974e-03,0.000000000000000000e+00,0.000000000000000000e+00,1.911889046214894361e-02,0.000000000000000000e+00,2.919356513341498163e-02,0.000000000000000000e+00,1.973556838448171924e-02,4.622417376118199278e-02,1.017543624305805028e-01,1.664967589166503614e-02,1.257704790335431033e-01,5.445432363267215664e-02,6.483012772681697941e-03,1.020062699978835710e-02,4.696647157955466390e-02,3.112276188689164919e-02,1.599722389224728092e-01,1.316874190734270700e-01,0.000000000000000000e+00,1.626945295867145841e-02,0.000000000000000000e+00,0.000000000000000000e+00,0.000000000000000000e+00,1.740842415106109292e-02,1.096097868363365979e-01,7.285236094819791397e-02,0.000000000000000000e+00,0.000000000000000000e+00,0.000000000000000000e+00,2.959446547294585644e-02,0.000000000000000000e+00,0.000000000000000000e+00,0.000000000000000000e+00,0.000000000000000000e+00,0.000000000000000000e+00,0.000000000000000000e+00,0.000000000000000000e+00,0.000000000000000000e+00,3.022664701639981785e-02,0.000000000000000000e+00,0.000000000000000000e+00,0.000000000000000000e+00,9.203638889532064771e-02,0.000000000000000000e+00,0.000000000000000000e+00,3.468086849515239489e-02,4.277536193848164268e-03,7.714055892559315564e-02
2.162760409189752320e-01,0.000000000000000000e+00,8.896104270392060642e-02,2.151262468927127580e-01,0.000000000000000000e+00,1.057686523767892572e-01,0.000000000000000000e+00,0.000000000000000000e+00,0.000000000000000000e+00,3.727483344461600678e-01,5.878044295621335374e-02,2.091565353146664086e-01,2.059431174040858223e-02,0.000000000000000000e+00,0.000000000000000000e+00,0.000000000000000000e+00,1.165184995941956347e-01,0.000000000000000000e+00,8.535943309128876666e-02,4.565486050216030489e-02,1.427593874038964317e-01,5.053361091007443906e-02,2.159893819525360581e-01,2.942979317805478195e-02,0.000000000000000000e+00,0.000000000000000000e+00,0.000000000000000000e+00,9.960513168177481669e-02,1.258633043971090770e-01,0.000000000000000000e+00,8.535943309128876666e-02,0.000000000000000000e+00,1.000835639118241721e-01,0.000000000000000000e+00,0.000000000000000000e+00,1.340675390797444466e-01,4.022617886647390090e-02,0.000000000000000000e+00,1.422500107372863531e-01,1.456554213248003049e-01,7.062384219366260596e-02,0.000000000000000000e+00,1.188963830570182179e-01,0.000000000000000000e+00,0.000000000000000000e+00,7.644025000365733957e-02,0.000000000000000000e+00,1.888673961040542026e-02,2.536557760740248968e-01,0.000000000000000000e+00,0.000000000000000000e+00,8.438362849248107200e-02,2.995502091413522749e-01,0.000000000000000000e+00,1.244270808445749679e-02,4.883121774856211128e-02,2.958683806616722173e-02,1.004294829925254373e-01,0.000000000000000000e+00,0.000000000000000000e+00,0.000000000000000000e+00,0.000000000000000000e+00,5.723875456334653195e-02,0.000000000000000000e+00,4.325121644474620719e-02,9.900212509610059608e-02,0.000000000000000000e+00,4.926215657141122528e-02,0.000000000000000000e+00,0.000000000000000000e+00,1.146828431009934840e-01,0.000000000000000000e+00,0.000000000000000000e+00,6.107705781224298525e-02,2.569591630869031973e-01,0.000000000000000000e+00,0.000000000000000000e+00,1.004924949771837800e-01,0.000000000000000000e+00,0.000000000000000000e+00,9.958925529129913912e-02,7.478071591623997039e-02,0.000000000000000000e+00,8.484402704205831064e-03,7.162614386137933220e-02,1.831971765224763363e-02,0.000000000000000000e+00,7.162614386137933220e-02,5.037015440257567450e-02,1.615057729876823167e-01,0.000000000000000000e+00,0.000000000000000000e+00,6.813018457135122663e-02,2.508599427102387383e-02,8.578018878953699855e-02,1.277368827025828213e-01,8.394718131504211311e-02,0.000000000000000000e+00,0.000000000000000000e+00,3.696547430882343721e-02
0.000000000000000000e+00,0.000000000000000000e+00,2.237676357748697720e-01,1.076175293543359113e-01,0.000000000000000000e+00,0.000000000000000000e+00,0.000000000000000000e+00,0.000000000000000000e+00,1.990919033623211321e-01,0.000000000000000000e+00,0.000000000000000000e+00,4.665725116259470534e-02,0.000000000000000000e+00,0.000000000000000000e+00,1.558063745466018446e-01,0.000000000000000000e+00,2.506619183680061091e-01,0.000000000000000000e+00,0.000000000000000000e+00,0.000000000000000000e+00,0.000000000000000000e+00,0.000000000000000000e+00,2.960293858776896769e-02,4.444151443349400599e-02,5.991892724037636148e-02,0.000000000000000000e+00,0.000000000000000000e+00,0.000000000000000000e+00,1.173255906862390452e-01,0.000000000000000000e+00,0.000000000000000000e+00,0.000000000000000000e+00,5.325079534057156061e-02,0.000000000000000000e+00,6.442127684219753347e-02,0.000000000000000000e+00,0.000000000000000000e+00,1.882152232660825319e-01,0.000000000000000000e+00,4.954780801435311466e-02,0.000000000000000000e+00,0.000000000000000000e+00,0.000000000000000000e+00,0.000000000000000000e+00,0.000000000000000000e+00,5.496736395123967556e-02,2.537165011764476175e-01,2.241389199304045510e-01,0.000000000000000000e+00,4.561608640731963649e-02,0.000000000000000000e+00,0.000000000000000000e+00,3.722320403714220183e-02,4.215269014279149351e-02,7.606045552205206728e-02,0.000000000000000000e+00,0.000000000000000000e+00,7.068379753550005015e-03,3.110536192756983009e-01,1.252306900818393465e-01,0.000000000000000000e+00,0.000000000000000000e+00,6.891786697782232608e-03,0.000000000000000000e+00,0.000000000000000000e+00,0.000000000000000000e+00,3.918600023349150252e-02,2.193365527570282913e-01,0.000000000000000000e+00,1.509161082598348136e-01,1.527103816651064760e-01,0.000000000000000000e+00,1.932742192483344335e-01,0.000000000000000000e+00,6.540995541575482519e-02,0.000000000000000000e+00,2.944649687252528375e-02,8.576549946465183982e-02,1.666922150356515142e-01,0.000000000000000000e+00,0.000000000000000000e+00,0.000000000000000000e+00,4.230865076466744368e-02,0.000000000000000000e+00,2.715985693808794718e-02,0.000000000000000000e+00,4.230865076466744368e-02,2.715985693808794718e-02,0.000000000000000000e+00,5.957334026048741182e-02,0.000000000000000000e+00,0.000000000000000000e+00,0.000000000000000000e+00,0.000000000000000000e+00,0.000000000000000000e+00,3.769110411222981183e-02,0.000000000000000000e+00,1.753113330640498901e-01,1.540839490047306477e-02,5.693133687562076939e-02
0.000000000000000000e+00,0.000000000000000000e+00,0.000000000000000000e+00,0.000000000000000000e+00,0.000000000000000000e+00,0.000000000000000000e+00,0.000000000000000000e+00,9.961850665935465584e-04,0.000000000000000000e+00,0.000000000000000000e+00,0.000000000000000000e+00,0.000000000000000000e+00,1.254568480365392258e-01,0.000000000000000000e+00,7.142725745362480012e-03,0.000000000000000000e+00,1.532213691935880306e-01,0.000000000000000000e+00,1.394959537034742847e-01,0.000000000000000000e+00,0.000000000000000000e+00,1.653318533641862792e-02,0.000000000000000000e+00,0.000000000000000000e+00,2.597187894167489741e-01,9.960513168177481669e-02,0.000000000000000000e+00,0.000000000000000000e+00,1.135864327695479403e-01,0.000000000000000000e+00,1.394959537034742847e-01,1.184889113568860994e-02,0.000000000000000000e+00,0.000000000000000000e+00,0.000000000000000000e+00,1.411485619963472604e-01,0.000000000000000000e+00,0.000000000000000000e+00,0.000000000000000000e+00,0.000000000000000000e+00,8.456123374256077629e-02,0.000000000000000000e+00,0.000000000000000000e+00,0.000000000000000000e+00,0.000000000000000000e+00,1.032796682840377844e-01,0.000000000000000000e+00,8.816003913668270242e-02,0.000000000000000000e+00,0.000000000000000000e+00,1.433296161424860715e-01,8.698609823800676488e-02,0.000000000000000000e+00,0.000000000000000000e+00,0.000000000000000000e+00,0.000000000000000000e+00,0.000000000000000000e+00,0.000000000000000000e+00,2.522464934673277620e-02,0.000000000000000000e+00,1.943820009446363059e-02,0.000000000000000000e+00,0.000000000000000000e+00,0.000000000000000000e+00,0.000000000000000000e+00,0.000000000000000000e+00,0.000000000000000000e+00,0.000000000000000000e+00,0.000000000000000000e+00,0.000000000000000000e+00,1.918958737051886312e-02,2.487064743205920359e-02,0.000000000000000000e+00,1.453058869574765932e-01,0.000000000000000000e+00,0.000000000000000000e+00,0.000000000000000000e+00,1.589164556693763719e-01,0.000000000000000000e+00,3.199433899368322315e-02,0.000000000000000000e+00,0.000000000000000000e+00,0.000000000000000000e+00,0.000000000000000000e+00,0.000000000000000000e+00,0.000000000000000000e+00,0.000000000000000000e+00,0.000000000000000000e+00,0.000000000000000000e+00,0.000000000000000000e+00,2.228974580341323564e-01,0.000000000000000000e+00,1.126342602885182231e-01,0.000000000000000000e+00,3.094182022131636289e-02,0.000000000000000000e+00,0.000000000000000000e+00,8.381096190830340797e-02,0.000000000000000000e+00,8.173246461255226358e-02
0.000000000000000000e+00,0.000000000000000000e+00,2.236662428930534866e-02,0.000000000000000000e+00,0.000000000000000000e+00,1.010969104643704986e-01,0.000000000000000000e+00,0.000000000000000000e+00,0.000000000000000000e+00,0.000000000000000000e+00,5.033686671618123332e-02,8.153573567132971212e-02,1.458251066311967992e-01,0.000000000000000000e+00,0.000000000000000000e+00,0.000000000000000000e+00,0.000000000000000000e+00,0.000000000000000000e+00,1.773595230763268943e-02,3.268921784624596871e-02,0.000000000000000000e+00,0.000000000000000000e+00,0.000000000000000000e+00,7.177354111463046804e-02,0.000000000000000000e+00,1.258633043971090770e-01,1.173255906862390452e-01,1.135864327695479403e-01,0.000000000000000000e+00,0.000000000000000000e+00,1.773595230763268943e-02,0.000000000000000000e+00,0.000000000000000000e+00,9.086465360246234052e-03,0.000000000000000000e+00,0.000000000000000000e+00,0.000000000000000000e+00,0.000000000000000000e+00,0.000000000000000000e+00,7.789600666297298408e-03,2.396284947923569761e-02,0.000000000000000000e+00,4.070808406900764537e-02,0.000000000000000000e+00,0.000000000000000000e+00,7.663768219499656788e-03,0.000000000000000000e+00,1.496462434145932607e-01,8.051147316052049974e-02,0.000000000000000000e+00,6.313756444544205496e-03,0.000000000000000000e+00,1.261549956396462169e-01,4.436380124442006190e-02,5.804630261848736650e-02,3.590117558992703128e-02,2.943071095470092997e-03,6.118874329081318980e-02,0.000000000000000000e+00,0.000000000000000000e+00,5.286541824648183230e-02,0.000000000000000000e+00,0.000000000000000000e+00,0.000000000000000000e+00,0.000000000000000000e+00,6.104825860512438918e-02,0.000000000000000000e+00,5.094015151680589965e-02,0.000000000000000000e+00,5.483564187019852182e-02,5.129660435863474255e-02,1.066849598341568922e-01,3.375531437277332764e-02,0.000000000000000000e+00,0.000000000000000000e+00,0.000000000000000000e+00,0.000000000000000000e+00,0.000000000000000000e+00,3.686088174776900456e-02,1.958514027021834164e-02,4.285996253935825395e-02,0.000000000000000000e+00,2.764545422607523131e-02,0.000000000000000000e+00,5.708612761567126437e-02,1.646028774612330048e-01,2.764545422607523131e-02,5.708612761567126437e-02,1.220632411774223020e-01,9.540178423223870385e-02,9.490917351946852928e-04,0.000000000000000000e+00,0.000000000000000000e+00,1.231251822987395189e-01,0.000000000000000000e+00,9.150247220828983119e-02,0.000000000000000000e+00,2.459393830577293397e-03,4.056864316901847081e-03,0.000000000000000000e+00
0.000000000000000000e+00,1.336492920066367218e-01,1.073560145753112670e-02,0.000000000000000000e+00,1.305299459281005492e-01,0.000000000000000000e+00,0.000000000000000000e+00,0.000000000000000000e+00,4.059055092355345201e-02,0.000000000000000000e+00,0.000000000000000000e+00,0.000000000000000000e+00,0.000000000000000000e+00,8.236187098048260158e-02,0.000000000000000000e+00,0.000000000000000000e+00,0.000000000000000000e+00,9.999999999999997780e-01,0.000000000000000000e+00,3.252541575090814319e-02,0.000000000000000000e+00,7.154943956669146225e-03,0.000000000000000000e+00,1.687284953023140965e-01,5.061158115893736598e-02,0.000000000000000000e+00,0.000000000000000000e+00,0.000000000000000000e+00,0.000000000000000000e+00,0.000000000000000000e+00,0.000000000000000000e+00,1.745496264644355588e-01,0.000000000000000000e+00,3.236225110994772058e-01,1.884397835655963749e-01,0.000000000000000000e+00,0.000000000000000000e+00,1.615301287559300358e-01,0.000000000000000000e+00,0.000000000000000000e+00,0.000000000000000000e+00,0.000000000000000000e+00,0.000000000000000000e+00,8.034603156137361257e-02,2.621771861915205282e-01,0.000000000000000000e+00,8.974815482887413265e-02,0.000000000000000000e+00,0.000000000000000000e+00,2.576917303201609055e-01,0.000000000000000000e+00,0.000000000000000000e+00,0.000000000000000000e+00,2.467643234355553633e-02,1.975793539881016136e-01,0.000000000000000000e+00,5.171946938401411446e-03,0.000000000000000000e+00,0.000000000000000000e+00,7.938252236483223090e-02,4.925286742956010155e-03,1.348815946254206533e-01,0.000000000000000000e+00,2.448948822142140228e-02,0.000000000000000000e+00,5.787053552027100756e-02,1.137446332680428218e-01,0.000000000000000000e+00,3.296660570615076447e-01,0.000000000000000000e+00,0.000000000000000000e+00,1.612116835276787841e-01,1.206611743602989673e-01,0.000000000000000000e+00,0.000000000000000000e+00,1.266438126083102578e-01,2.789542427157758464e-01,0.000000000000000000e+00,3.560700351324860152e-02,3.264848024169698937e-02,0.000000000000000000e+00,0.000000000000000000e+00,8.841441746273406149e-03,0.000000000000000000e+00,0.000000000000000000e+00,8.482411978723168600e-02,8.841441746273406149e-03,0.000000000000000000e+00,4.647966957867682991e-02,0.000000000000000000e+00,6.241208232516724796e-02,3.122891153479914403e-02,0.000000000000000000e+00,7.023885214199675209e-02,0.000000000000000000e+00,0.000000000000000000e+00,0.000000000000000000e+00,2.082681210262050664e-01,0.000000000000000000e+00,0.000000000000000000e+00
0.000000000000000000e+00,1.842589090927507223e-01,0.000000000000000000e+00,3.715862000066810084e-02,7.189757253600088938e-02,1.019178502710589296e-01,2.835814770602937962e-01,0.000000000000000000e+00,0.000000000000000000e+00,8.807235260207474381e-02,1.157804067458506336e-01,7.425089453918201632e-02,1.949224695225686421e-01,0.000000000000000000e+00,1.032160221914708680e-03,0.000000000000000000e+00,0.000000000000000000e+00,0.000000000000000000e+00,1.000000000000000000e+00,0.000000000000000000e+00,5.972313423882734396e-02,8.993188439257657207e-02,0.000000000000000000e+00,0.000000000000000000e+00,8.251487937967569297e-02,8.535943309128876666e-02,0.000000000000000000e+00,1.394959537034742847e-01,1.773595230763268943e-02,0.000000000000000000e+00,0.000000000000000000e+00,5.574089183043216822e-02,8.920916499880061912e-03,7.108352970342776689e-02,0.000000000000000000e+00,0.000000000000000000e+00,0.000000000000000000e+00,0.000000000000000000e+00,0.000000000000000000e+00,1.409524655916519764e-01,1.056435276546743851e-02,5.184495984608108315e-02,1.321917405339094742e-01,1.603319875379798642e-01,9.365196303078365814e-02,0.000000000000000000e+00,0.000000000000000000e+00,0.000000000000000000e+00,2.024110253076790156e-01,0.000000000000000000e+00,9.036508161805738293e-02,9.415274660171540910e-02,0.000000000000000000e+00,0.000000000000000000e+00,5.764364494925310056e-02,1.478910688487214582e-02,0.000000000000000000e+00,0.000000000000000000e+00,0.000000000000000000e+00,0.000000000000000000e+00,1.234173985553450453e-01,0.000000000000000000e+00,7.197349977223953255e-03,8.929890684853197813e-02,0.000000000000000000e+00,0.000000000000000000e+00,3.455913025518477649e-02,0.000000000000000000e+00,1.304354552880769569e-01,1.687623856582197157e-01,0.000000000000000000e+00,1.470519332207767260e-01,3.161341792232541525e-02,7.325128158403160228e-02,5.528872380810699594e-03,0.000000000000000000e+00,8.321930726993846672e-02,1.006506832174706711e-01,1.231269893041743793e-02,0.000000000000000000e+00,0.000000000000000000e+00,0.000000000000000000e+00,1.203099974613091316e-01,1.797760250425627093e-02,0.000000000000000000e+00,0.000000000000000000e+00,1.203099974613091316e-01,0.000000000000000000e+00,4.498403547089851497e-03,0.000000000000000000e+00,0.000000000000000000e+00,2.219609100017495840e-02,0.000000000000000000e+00,4.659424789211699669e-02,0.000000000000000000e+00,1.331694063482648585e-02,1.164603700073798820e-01,0.000000000000000000e+00,4.680384661266296514e-02,0.000000000000000000e+00
0.000000000000000000e+00,1.099500241027032837e-01,0.000000000000000000e+00,1.709626823251008884e-02,1.696141461667047268e-02,0.000000000000000000e+00,7.402985788098842557e-02,1.860039486909727952e-02,0.000000000000000000e+00,0.000000000000000000e+00,9.026293213610800392e-02,0.000000000000000000e+00,2.857798756920416627e-01,0.000000000000000000e+00,1.169253619093845176e-01,0.000000000000000000e+00,0.000000000000000000e+00,1.745496264644355588e-01,5.574089183043216822e-02,0.000000000000000000e+00,0.000000000000000000e+00,9.023543648188029481e-03,0.000000000000000000e+00,0.000000000000000000e+00,0.000000000000000000e+00,0.000000000000000000e+00,0.000000000000000000e+00,1.184889113568860994e-02,0.000000000000000000e+00,1.745496264644355588e-01,5.574089183043216822e-02,0.000000000000000000e+00,0.000000000000000000e+00,0.000000000000000000e+00,9.297331747044060291e-02,0.000000000000000000e+00,0.000000000000000000e+00,0.000000000000000000e+00,0.000000000000000000e+00,0.000000000000000000e+00,0.000000000000000000e+00,3.517873460142646735e-02,9.779669102259108682e-02,8.687569303666933807e-02,2.258393721044468783e-01,2.014927341039949305e-01,1.162018806544922594e-01,1.094608122138405505e-02,0.000000000000000000e+00,1.747877453492397426e-01,1.264993312471541786e-01,3.127459223806818532e-03,1.279798132617321893e-01,0.000000000000000000e+00,2.953754292776661350e-02,0.000000000000000000e+00,0.000000000000000000e+00,0.000000000000000000e+00,0.000000000000000000e+00,0.000000000000000000e+00,1.450507403193156478e-02,2.486859343211704140e-02,0.000000000000000000e+00,8.712810470056259193e-02,0.000000000000000000e+00,0.000000000000000000e+00,6.015180791941511507e-02,0.000000000000000000e+00,1.226200135483845877e-01,5.806990210211052106e-02,0.000000000000000000e+00,2.153324150030712092e-01,1.493687861167362352e-01,1.196139546690031530e-01,0.000000000000000000e+00,2.826508176696016644e-02,6.901486624038176421e-02,1.221407629778894360e-01,8.266612932769112909e-02,0.000000000000000000e+00,0.000000000000000000e+00,0.000000000000000000e+00,3.274105563819493941e-02,0.000000000000000000e+00,0.000000000000000000e+00,0.000000000000000000e+00,3.274105563819493941e-02,0.000000000000000000e+00,0.000000000000000000e+00,0.000000000000000000e+00,0.000000000000000000e+00,9.327991065818875410e-03,0.000000000000000000e+00,0.000000000000000000e+00,0.000000000000000000e+00,0.000000000000000000e+00,0.000000000000000000e+00,1.519088183235188794e-01,0.000000000000000000e+00,1.433172025138608127e-02
9.083917717125064573e-02,0.000000000000000000e+00,9.543631930524624704e-03,0.000000000000000000e+00,0.000000000000000000e+00,0.000000000000000000e+00,3.181109180511385720e-02,0.000000000000000000e+00,0.000000000000000000e+00,6.001546769598960912e-02,0.000000000000000000e+00,0.000000000000000000e+00,6.884161292630062989e-02,0.000000000000000000e+00,2.079593255185652190e-02,2.904565742714204819e-03,3.703792412391810479e-02,0.000000000000000000e+00,8.920916499880061912e-03,0.000000000000000000e+00,2.314668355555844770e-02,4.788681243242563085e-02,2.481616962611783439e-01,8.016099087666572753e-02,2.258788252125469576e-02,1.000835639118241721e-01,5.325079534057156061e-02,0.000000000000000000e+00,0.000000000000000000e+00,0.000000000000000000e+00,8.920916499880061912e-03,0.000000000000000000e+00,0.000000000000000000e+00,0.000000000000000000e+00,3.857117431869297453e-02,0.000000000000000000e+00,5.690735911353483195e-02,0.000000000000000000e+00,8.432748551952425065e-04,0.000000000000000000e+00,3.458482867551650186e-02,0.000000000000000000e+00,1.941593055360258399e-03,2.202588803814249652e-02,0.000000000000000000e+00,0.000000000000000000e+00,0.000000000000000000e+00,0.000000000000000000e+00,6.110297778947851310e-03,0.000000000000000000e+00,0.000000000000000000e+00,0.000000000000000000e+00,5.141184695007440519e-02,1.637454839513962090e-01,0.000000000000000000e+00,7.581106747322852168e-02,1.937473552534988569e-02,0.000000000000000000e+00,0.000000000000000000e+00,0.000000000000000000e+00,0.000000000000000000e+00,1.581625561722349582e-02,0.000000000000000000e+00,0.000000000000000000e+00,2.397458140589850406e-02,3.494094052995020544e-02,0.000000000000000000e+00,3.227646524964998542e-02,0.000000000000000000e+00,0.000000000000000000e+00,7.440042555881672126e-02,0.000000000000000000e+00,0.000000000000000000e+00,2.058884490488562674e-02,5.035412954637111943e-02,0.000000000000000000e+00,6.328806955692248271e-02,0.000000000000000000e+00,9.103550213914882172e-02,6.608288265640643866e-02,1.052592562725524206e-01,8.480163660874513731e-03,1.589007980672499376e-02,0.000000000000000000e+00,0.000000000000000000e+00,1.256196896384756054e-02,1.589007980672499376e-02,0.000000000000000000e+00,1.792231459300418217e-02,0.000000000000000000e+00,1.109293174282152640e-03,0.000000000000000000e+00,2.212269476480414540e-02,2.627692298213160638e-02,0.000000000000000000e+00,0.000000000000000000e+00,2.016011686875629483e-01,0.000000000000000000e+00,2.175059918219680866e-02,2.075454646664180447e-01
0.000000000000000000e+00,8.632122026586025454e-02,0.000000000000000000e+00,0.000000000000000000e+00,1.651945055676762308e-01,0.000000000000000000e+00,1.309775809700287619e-01,0.000000000000000000e+00,0.000000000000000000e+00,0.000000000000000000e+00,0.000000000000000000e+00,7.611322271984659327e-02,0.000000000000000000e+00,4.938837643291073970e-02,0.000000000000000000e+00,1.464920274272964451e-01,0.000000000000000000e+00,3.236225110994772058e-01,7.108352970342776689e-02,9.143016107644910684e-02,4.570415366599175216e-02,1.603109697054189153e-01,9.078865369541097574e-03,0.000000000000000000e+00,2.587368414228987529e-02,0.000000000000000000e+00,0.000000000000000000e+00,0.000000000000000000e+00,9.086465360246234052e-03,3.236225110994772058e-01,7.108352970342776689e-02,0.000000000000000000e+00,0.000000000000000000e+00,0.000000000000000000e+00,0.000000000000000000e+00,0.000000000000000000e+00,0.000000000000000000e+00,2.199978190890648500e-01,0.000000000000000000e+00,4.173259316668020968e-01,0.000000000000000000e+00,0.000000000000000000e+00,3.615225036896641680e-02,0.000000000000000000e+00,7.033045843189647539e-02,0.000000000000000000e+00,0.000000000000000000e+00,1.304469181032762680e-02,0.000000000000000000e+00,5.042418479272405829e-01,0.000000000000000000e+00,0.000000000000000000e+00,0.000000000000000000e+00,3.005230831395281146e-02,6.593258722916600645e-02,0.000000000000000000e+00,1.128518308913814550e-01,0.000000000000000000e+00,0.000000000000000000e+00,0.000000000000000000e+00,6.724379336257702011e-02,0.000000000000000000e+00,1.498190459724336315e-02,1.370933900378019654e-01,5.688647922858075523e-02,4.696289185723134807e-02,5.725659221298506213e-02,1.503344229736893467e-01,3.839444913679539439e-01,4.483512274807836470e-03,0.000000000000000000e+00,0.000000000000000000e+00,5.791037204077222750e-03,0.000000000000000000e+00,0.000000000000000000e+00,7.945143651008358676e-02,1.532114649641333481e-01,0.000000000000000000e+00,5.292338399073838462e-02,9.070290140824343456e-03,0.000000000000000000e+00,7.855571149372773260e-03,0.000000000000000000e+00,0.000000000000000000e+00,9.829453490531740376e-03,2.396639877949242534e-02,0.000000000000000000e+00,9.829453490531740376e-03,0.000000000000000000e+00,0.000000000000000000e+00,1.412919706743846759e-01,9.596438062858228535e-02,0.000000000000000000e+00,0.000000000000000000e+00,0.000000000000000000e+00,0.000000000000000000e+00,0.000000000000000000e+00,1.139686672708231652e-01,0.000000000000000000e+00,6.149273394879627846e-02
1.841126621082283046e-02,8.532710093750428548e-02,4.367685028682830595e-01,0.000000000000000000e+00,0.000000000000000000e+00,0.000000000000000000e+00,0.000000000000000000e+00,0.000000000000000000e+00,3.921915174144524618e-01,0.000000000000000000e+00,0.000000000000000000e+00,0.000000000000000000e+00,7.181311577808133229e-02,0.000000000000000000e+00,7.769984850107214402e-02,1.225115557608301015e-01,1.450834482676555681e-01,1.884397835655963749e-01,0.000000000000000000e+00,0.000000000000000000e+00,1.199212969048955579e-01,1.028707554687284809e-01,4.732680479636285076e-03,0.000000000000000000e+00,0.000000000000000000e+00,0.000000000000000000e+00,6.442127684219753347e-02,0.000000000000000000e+00,0.000000000000000000e+00,1.884397835655963749e-01,0.000000000000000000e+00,9.297331747044060291e-02,3.857117431869297453e-02,0.000000000000000000e+00,0.000000000000000000e+00,0.000000000000000000e+00,4.167696323435367556e-01,0.000000000000000000e+00,9.917172783765713928e-02,0.000000000000000000e+00,0.000000000000000000e+00,0.000000000000000000e+00,0.000000000000000000e+00,0.000000000000000000e+00,1.256973976800404014e-01,1.497541547223556480e-01,3.193258238896413137e-01,0.000000000000000000e+00,0.000000000000000000e+00,0.000000000000000000e+00,0.000000000000000000e+00,8.750170517322941599e-02,0.000000000000000000e+00,0.000000000000000000e+00,0.000000000000000000e+00,0.000000000000000000e+00,0.000000000000000000e+00,1.012633676396171301e-01,8.028825985017054578e-02,0.000000000000000000e+00,0.000000000000000000e+00,0.000000000000000000e+00,0.000000000000000000e+00,0.000000000000000000e+00,0.000000000000000000e+00,0.000000000000000000e+00,0.000000000000000000e+00,1.187051971799960581e-01,1.067590327120643834e-01,4.424873157907446147e-02,6.395638996848622415e-02,3.000744999820290637e-01,0.000000000000000000e+00,1.441843007877176563e-01,8.691303693396780494e-02,1.935557156217339037e-01,2.070995484025049127e-01,0.000000000000000000e+00,8.995011830319524226e-02,1.152083038537396742e-01,0.000000000000000000e+00,3.349508240520404634e-02,5.053062901948451868e-02,0.000000000000000000e+00,0.000000000000000000e+00,4.897865042900480942e-02,5.053062901948451868e-02,0.000000000000000000e+00,5.397585963083558619e-02,0.000000000000000000e+00,8.712390987976196058e-03,0.000000000000000000e+00,0.000000000000000000e+00,8.876918326768912237e-02,8.210866911744960084e-02,0.000000000000000000e+00,1.506018680098849538e-01,1.858653738669102662e-01,0.000000000000000000e+00,0.000000000000000000e+00
5.268699958905537217e-02,2.874904863592865970e-02,2.946851967873238554e-01,0.000000000000000000e+00,1.051622736023738736e-01,0.000000000000000000e+00,0.000000000000000000e+00,0.000000000000000000e+00,2.380059677789698735e-01,0.000000000000000000e+00,0.000000000000000000e+00,1.439486633548903161e-01,0.000000000000000000e+00,0.000000000000000000e+00,6.392515105984442059e-02,0.000000000000000000e+00,2.556812603827832153e-01,0.000000000000000000e+00,0.000000000000000000e+00,4.532725813693430639e-02,3.739325693123670812e-03,1.649016713208124041e-01,0.000000000000000000e+00,0.000000000000000000e+00,1.038353384080295538e-01,1.340675390797444466e-01,0.000000000000000000e+00,1.411485619963472604e-01,0.000000000000000000e+00,0.000000000000000000e+00,0.000000000000000000e+00,0.000000000000000000e+00,0.000000000000000000e+00,0.000000000000000000e+00,0.000000000000000000e+00,0.000000000000000000e+00,1.582023100222137990e-02,0.000000000000000000e+00,0.000000000000000000e+00,0.000000000000000000e+00,2.731207322797743475e-01,0.000000000000000000e+00,0.000000000000000000e+00,0.000000000000000000e+00,0.000000000000000000e+00,2.173753027389780379e-01,2.797931737223552373e-01,0.000000000000000000e+00,0.000000000000000000e+00,0.000000000000000000e+00,0.000000000000000000e+00,0.000000000000000000e+00,1.644168306118778677e-01,0.000000000000000000e+00,0.000000000000000000e+00,0.000000000000000000e+00,0.000000000000000000e+00,0.000000000000000000e+00,0.000000000000000000e+00,1.292376014843586440e-01,3.230699326075226613e-02,5.287708607362931468e-02,5.647318294765296676e-02,1.495563475696452989e-02,7.536969240077823207e-02,0.000000000000000000e+00,0.000000000000000000e+00,0.000000000000000000e+00,1.484736285064279793e-01,0.000000000000000000e+00,8.736744088661405061e-02,2.723865425938145832e-02,2.542384042402724958e-03,0.000000000000000000e+00,3.640584419569257296e-02,8.571936982897396251e-02,0.000000000000000000e+00,6.745666204809008804e-02,0.000000000000000000e+00,0.000000000000000000e+00,0.000000000000000000e+00,7.616651478310929035e-02,0.000000000000000000e+00,8.471093116927899680e-02,0.000000000000000000e+00,0.000000000000000000e+00,0.000000000000000000e+00,0.000000000000000000e+00,0.000000000000000000e+00,7.485087767759032729e-02,4.971154501086344490e-02,7.487033086009428628e-02,2.686115378634174045e-01,0.000000000000000000e+00,1.459120235768976426e-01,6.082758011786862373e-02,0.000000000000000000e+00,0.000000000000000000e+00,7.214050947022463117e-04,0.000000000000000000e+00
4.031688609905032666e-02,1.518307236172172781e-01,3.478870586393584818e-01,0.000000000000000000e+00,0.000000000000000000e+00,1.019942797220301511e-01,0.000000000000000000e+00,9.900988131869806197e-02,3.382660325476544161e-01,0.000000000000000000e+00,0.000000000000000000e+00,0.000000000000000000e+00,0.000000000000000000e+00,0.000000000000000000e+00,1.600254963434560862e-01,1.557265248886011699e-01,1.208535384728514350e-01,0.000000000000000000e+00,0.000000000000000000e+00,8.429095863650114262e-02,9.146898910057080223e-02,0.000000000000000000e+00,6.239527056213538952e-03,0.000000000000000000e+00,0.000000000000000000e+00,4.022617886647390090e-02,0.000000000000000000e+00,0.000000000000000000e+00,0.000000000000000000e+00,0.000000000000000000e+00,0.000000000000000000e+00,0.000000000000000000e+00,5.690735911353483195e-02,0.000000000000000000e+00,4.167696323435367556e-01,1.582023100222137990e-02,0.000000000000000000e+00,0.000000000000000000e+00,5.719603632682577210e-01,0.000000000000000000e+00,0.000000000000000000e+00,1.102868662847390768e-01,0.000000000000000000e+00,0.000000000000000000e+00,2.380484396314862527e-01,8.958418259120000393e-02,3.460587068540549316e-02,0.000000000000000000e+00,0.000000000000000000e+00,0.000000000000000000e+00,0.000000000000000000e+00,1.448545921360227529e-01,0.000000000000000000e+00,0.000000000000000000e+00,0.000000000000000000e+00,6.980157679410173288e-02,0.000000000000000000e+00,1.358869328625275097e-01,0.000000000000000000e+00,0.000000000000000000e+00,0.000000000000000000e+00,0.000000000000000000e+00,0.000000000000000000e+00,0.000000000000000000e+00,0.000000000000000000e+00,1.022285601388730480e-01,0.000000000000000000e+00,2.610883053378405816e-02,0.000000000000000000e+00,0.000000000000000000e+00,7.473018247995813490e-02,3.504180004266319592e-01,0.000000000000000000e+00,1.735499707752041765e-02,2.720932503092499122e-01,9.704774460360912625e-02,0.000000000000000000e+00,0.000000000000000000e+00,0.000000000000000000e+00,1.299016968665667182e-01,0.000000000000000000e+00,3.555038320076009395e-02,1.538633663588865330e-01,0.000000000000000000e+00,2.947462932125487212e-02,1.059001574311805305e-01,1.538633663588865330e-01,2.947462932125487212e-02,8.778295655475057413e-02,1.444821876819782358e-01,1.278498269957218381e-01,8.757270773089231245e-04,5.114923717598419961e-02,9.907618330026585207e-02,3.552610902369424117e-02,1.238618813952552800e-01,2.253192194707813456e-02,1.685922067381985801e-01,0.000000000000000000e+00,0.000000000000000000e+00
5.484969338535221339e-02,0.000000000000000000e+00,1.374461467560089689e-01,0.000000000000000000e+00,2.731947443001972453e-01,0.000000000000000000e+00,0.000000000000000000e+00,1.005067554749463146e-02,1.499364839355909473e-01,0.000000000000000000e+00,0.000000000000000000e+00,1.175736678563633758e-01,0.000000000000000000e+00,3.386306257193496920e-03,0.000000000000000000e+00,0.000000000000000000e+00,7.802692284943690826e-02,1.615301287559300358e-01,0.000000000000000000e+00,3.719639361732970939e-02,6.978228209222127332e-02,0.000000000000000000e+00,6.869816655072982781e-03,0.000000000000000000e+00,1.469905411375900806e-01,0.000000000000000000e+00,1.882152232660825319e-01,0.000000000000000000e+00,0.000000000000000000e+00,1.615301287559300358e-01,0.000000000000000000e+00,0.000000000000000000e+00,0.000000000000000000e+00,2.199978190890648500e-01,0.000000000000000000e+00,0.000000000000000000e+00,0.000000000000000000e+00,0.000000000000000000e+00,0.000000000000000000e+00,9.531416584669180625e-02,9.950134654036356385e-02,0.000000000000000000e+00,0.000000000000000000e+00,0.000000000000000000e+00,0.000000000000000000e+00,0.000000000000000000e+00,4.119116795388523544e-02,1.211356864407319156e-01,0.000000000000000000e+00,1.156604054543333704e-01,1.371240364983857818e-01,0.000000000000000000e+00,0.000000000000000000e+00,4.431072697388823214e-03,0.000000000000000000e+00,3.652001113086958406e-02,1.648410166751432260e-01,0.000000000000000000e+00,1.641343792353013309e-01,5.280487420926321951e-02,3.456307488662396094e-02,1.957474208966664478e-02,0.000000000000000000e+00,2.716357164225827875e-02,3.510797297158744779e-01,5.518333469822508941e-02,1.255540421227053227e-01,1.602771428490129546e-01,1.181117478439144830e-01,0.000000000000000000e+00,0.000000000000000000e+00,0.000000000000000000e+00,2.796978533412197709e-02,0.000000000000000000e+00,0.000000000000000000e+00,0.000000000000000000e+00,6.697651184040757932e-02,0.000000000000000000e+00,6.524851079852658775e-02,0.000000000000000000e+00,0.000000000000000000e+00,1.564472579047066977e-02,7.336194963046299700e-02,0.000000000000000000e+00,0.000000000000000000e+00,0.000000000000000000e+00,7.336194963046299700e-02,0.000000000000000000e+00,0.000000000000000000e+00,5.629267121826326409e-02,1.687908142163853098e-01,0.000000000000000000e+00,3.360011717975742995e-02,0.000000000000000000e+00,1.745034655985058802e-02,3.008819180270170396e-02,0.000000000000000000e+00,1.714807975018814989e-01,1.653930482460017060e-01,1.347121800286112114e-01
2.125444110987789043e-02,3.852010213698785490e-01,1.511132508099765487e-02,6.863217163998683312e-02,0.000000000000000000e+00,3.341638645602890700e-01,1.962923446091225689e-03,3.532713600559865830e-01,1.364951149770093908e-02,0.000000000000000000e+00,1.978555521538126749e-01,9.885289097947359827e-02,0.000000000000000000e+00,1.406490929850904292e-01,1.746539432967389449e-01,1.821215300945814852e-01,0.000000000000000000e+00,0.000000000000000000e+00,0.000000000000000000e+00,8.763125619373798858e-02,1.538991436024387260e-01,0.000000000000000000e+00,7.627935968196450367e-02,0.000000000000000000e+00,0.000000000000000000e+00,1.422500107372863531e-01,0.000000000000000000e+00,0.000000000000000000e+00,0.000000000000000000e+00,0.000000000000000000e+00,0.000000000000000000e+00,0.000000000000000000e+00,8.432748551952425065e-04,0.000000000000000000e+00,9.917172783765713928e-02,0.000000000000000000e+00,5.719603632682577210e-01,0.000000000000000000e+00,0.000000000000000000e+00,2.291791859349102609e-02,0.000000000000000000e+00,5.305030964494910073e-01,7.210454010466159358e-02,0.000000000000000000e+00,4.021581974398917847e-01,1.238193150128372687e-03,0.000000000000000000e+00,4.091256817150369651e-02,1.260563705409273316e-01,0.000000000000000000e+00,0.000000000000000000e+00,1.289826557451501376e-01,1.238488775999028457e-01,0.000000000000000000e+00,0.000000000000000000e+00,1.259129695620542777e-01,0.000000000000000000e+00,1.306797102853564374e-01,0.000000000000000000e+00,3.177797379901588226e-02,0.000000000000000000e+00,0.000000000000000000e+00,7.226810412251799542e-02,1.247317351826636167e-01,0.000000000000000000e+00,2.364534431066527276e-01,0.000000000000000000e+00,0.000000000000000000e+00,0.000000000000000000e+00,0.000000000000000000e+00,0.000000000000000000e+00,1.610738115868055875e-01,0.000000000000000000e+00,0.000000000000000000e+00,1.930068132869559305e-01,8.979308651446550604e-02,0.000000000000000000e+00,0.000000000000000000e+00,0.000000000000000000e+00,1.296923710930491525e-01,1.479608294930050971e-01,0.000000000000000000e+00,0.000000000000000000e+00,6.453381350457387811e-02,2.271563911465607766e-01,1.554538027719686022e-01,0.000000000000000000e+00,2.271563911465607766e-01,1.511170404129238976e-01,0.000000000000000000e+00,2.693419662406453322e-02,7.591028380081060734e-02,9.935424841465329004e-02,1.663678844347293850e-01,2.311694857341253448e-02,0.000000000000000000e+00,8.650974801370367451e-02,1.320057421914361262e-01,7.444326572781161111e-02,0.000000000000000000e+00
7.522768766780624228e-03,1.543789412486086185e-02,0.000000000000000000e+00,1.470888023674035150e-01,0.000000000000000000e+00,9.700014661273727301e-02,4.323057287915348379e-01,2.015110352369195099e-02,0.000000000000000000e+00,7.414366633678391716e-02,0.000000000000000000e+00,1.822688012033402694e-01,1.315491824281353819e-02,3.865325126697403274e-02,0.000000000000000000e+00,1.648632582786657141e-01,0.000000000000000000e+00,0.000000000000000000e+00,1.409524655916519764e-01,1.581161466483960998e-01,0.000000000000000000e+00,0.000000000000000000e+00,2.160800092291183805e-01,0.000000000000000000e+00,0.000000000000000000e+00,1.456554213248003049e-01,4.954780801435311466e-02,0.000000000000000000e+00,7.789600666297298408e-03,0.000000000000000000e+00,1.409524655916519764e-01,0.000000000000000000e+00,0.000000000000000000e+00,4.173259316668020968e-01,0.000000000000000000e+00,0.000000000000000000e+00,0.000000000000000000e+00,9.531416584669180625e-02,2.291791859349102609e-02,0.000000000000000000e+00,0.000000000000000000e+00,1.381912982633873577e-01,1.210365994145082558e-01,0.000000000000000000e+00,0.000000000000000000e+00,0.000000000000000000e+00,0.000000000000000000e+00,1.195140544250691411e-01,8.145277623610139295e-02,2.011357362957454376e-01,1.128790240366804309e-01,0.000000000000000000e+00,0.000000000000000000e+00,3.518580085178922567e-02,0.000000000000000000e+00,2.202272787852172994e-02,3.895511313061708614e-02,0.000000000000000000e+00,2.307758634452170519e-03,0.000000000000000000e+00,7.121522952501467552e-02,0.000000000000000000e+00,9.425135312922186537e-02,1.436389826495544364e-01,1.728188010932967811e-01,0.000000000000000000e+00,0.000000000000000000e+00,1.471963471303369686e-01,1.531485217226742634e-02,2.567754272737284849e-01,0.000000000000000000e+00,0.000000000000000000e+00,6.226385892360113139e-02,0.000000000000000000e+00,0.000000000000000000e+00,0.000000000000000000e+00,0.000000000000000000e+00,1.202521676727770217e-01,8.661584485621930118e-02,0.000000000000000000e+00,0.000000000000000000e+00,0.000000000000000000e+00,3.581768786520740655e-02,2.460333185075075368e-02,1.786112770615678746e-01,1.192658468504160379e-02,3.581768786520740655e-02,1.786112770615678746e-01,3.915286062144800183e-02,6.443659526660824866e-02,4.497373648852599076e-03,7.224729647426963997e-02,0.000000000000000000e+00,7.407653382936328634e-03,0.000000000000000000e+00,2.175458778145316144e-02,0.000000000000000000e+00,0.000000000000000000e+00,0.000000000000000000e+00,1.146571696766681553e-01
0.000000000000000000e+00,0.000000000000000000e+00,1.133031051519919341e-01,0.000000000000000000e+00,2.366271880238584591e-01,1.517057255308410790e-01,0.000000000000000000e+00,0.000000000000000000e+00,1.535575121068842586e-01,5.600874923628455099e-02,1.415198369311655435e-01,3.769664766235516495e-01,0.000000000000000000e+00,2.666067735669677002e-02,1.434151401560664063e-02,0.000000000000000000e+00,1.153945308896049821e-01,0.000000000000000000e+00,1.056435276546743851e-02,0.000000000000000000e+00,0.000000000000000000e+00,2.630440087603914262e-02,0.000000000000000000e+00,0.000000000000000000e+00,1.231140301251434088e-01,7.062384219366260596e-02,0.000000000000000000e+00,8.456123374256077629e-02,2.396284947923569761e-02,0.000000000000000000e+00,1.056435276546743851e-02,0.000000000000000000e+00,3.458482867551650186e-02,0.000000000000000000e+00,0.000000000000000000e+00,2.731207322797743475e-01,0.000000000000000000e+00,9.950134654036356385e-02,0.000000000000000000e+00,0.000000000000000000e+00,0.000000000000000000e+00,0.000000000000000000e+00,0.000000000000000000e+00,2.383849665760388176e-02,0.000000000000000000e+00,1.700761003400292140e-02,1.044794442099006571e-01,6.397983506262677755e-02,2.544470679748683795e-01,0.000000000000000000e+00,5.266442642343741043e-02,0.000000000000000000e+00,2.050149033891679462e-02,2.596594309064215872e-03,0.000000000000000000e+00,5.618428068662119357e-03,2.956249878483230634e-02,0.000000000000000000e+00,0.000000000000000000e+00,3.635354966766861373e-02,4.812246170596723438e-03,1.220390796604629846e-02,0.000000000000000000e+00,0.000000000000000000e+00,1.619980184733624262e-01,5.887758843498641648e-02,6.929131204359864626e-02,0.000000000000000000e+00,1.229973797094254806e-01,0.000000000000000000e+00,1.007773883014536354e-01,0.000000000000000000e+00,0.000000000000000000e+00,0.000000000000000000e+00,3.481492257432224069e-02,0.000000000000000000e+00,0.000000000000000000e+00,0.000000000000000000e+00,8.933305985925472231e-03,0.000000000000000000e+00,0.000000000000000000e+00,6.703199065910125931e-02,0.000000000000000000e+00,1.306281462641861180e-01,0.000000000000000000e+00,0.000000000000000000e+00,0.000000000000000000e+00,0.000000000000000000e+00,0.000000000000000000e+00,0.000000000000000000e+00,4.404300112183598404e-02,2.319707238237501273e-02,1.051919020380780168e-01,0.000000000000000000e+00,6.385988834671796344e-02,0.000000000000000000e+00,1.588620552372742301e-02,0.000000000000000000e+00,1.181725332660047423e-01,3.390967771865018021e-02
0.000000000000000000e+00,6.197686297033209168e-01,0.000000000000000000e+00,1.721648452053611833e-01,0.000000000000000000e+00,4.304479520845414520e-01,9.495857422237802270e-02,5.726405577700847127e-01,0.000000000000000000e+00,7.381724977349077288e-02,3.733783071517843277e-01,1.191718427990090395e-01,0.000000000000000000e+00,3.029034080238587889e-01,2.065300204326703248e-01,1.595882606125266223e-01,0.000000000000000000e+00,0.000000000000000000e+00,5.184495984608108315e-02,1.318669696718148820e-01,0.000000000000000000e+00,0.000000000000000000e+00,1.171403977575753430e-01,0.000000000000000000e+00,0.000000000000000000e+00,0.000000000000000000e+00,0.000000000000000000e+00,0.000000000000000000e+00,0.000000000000000000e+00,0.000000000000000000e+00,5.184495984608108315e-02,3.517873460142646735e-02,0.000000000000000000e+00,0.000000000000000000e+00,0.000000000000000000e+00,0.000000000000000000e+00,1.102868662847390768e-01,0.000000000000000000e+00,5.305030964494910073e-01,1.381912982633873577e-01,0.000000000000000000e+00,0.000000000000000000e+00,1.372175016325011265e-01,4.179774677668312566e-01,5.326281291242334071e-01,0.000000000000000000e+00,0.000000000000000000e+00,2.652318054104801925e-02,2.128117509759954729e-01,0.000000000000000000e+00,0.000000000000000000e+00,3.690579557901980251e-02,3.359593236779764847e-02,0.000000000000000000e+00,0.000000000000000000e+00,1.271268796541015766e-01,0.000000000000000000e+00,5.188884363616207140e-02,0.000000000000000000e+00,0.000000000000000000e+00,0.000000000000000000e+00,3.576127900405780269e-02,2.531867696258175982e-01,2.274477318340832888e-01,1.842227091798752103e-01,0.000000000000000000e+00,4.951395316440041633e-03,0.000000000000000000e+00,0.000000000000000000e+00,1.152833974833978314e-01,0.000000000000000000e+00,0.000000000000000000e+00,0.000000000000000000e+00,0.000000000000000000e+00,1.360541006255107099e-01,1.171925449770076094e-02,0.000000000000000000e+00,1.249769333130319737e-01,7.781258182706368709e-02,1.673470055619371427e-02,1.231518587638772422e-01,0.000000000000000000e+00,4.337811304807982771e-02,6.699432967486873558e-02,2.030200209663364230e-01,7.197104743149387862e-02,4.337811304807982771e-02,2.030200209663364230e-01,1.446226199834541315e-01,0.000000000000000000e+00,0.000000000000000000e+00,1.084898185152153305e-01,1.057449218785342093e-01,1.316192999411314180e-01,0.000000000000000000e+00,0.000000000000000000e+00,1.252721025258424735e-02,9.216348774644395059e-02,0.000000000000000000e+00,0.000000000000000000e+00
0.000000000000000000e+00,9.430355715305047126e-02,0.000000000000000000e+00,2.319031329299328648e-02,0.000000000000000000e+00,2.247903613148062862e-01,3.617322874016086764e-01,0.000000000000000000e+00,0.000000000000000000e+00,0.000000000000000000e+00,2.166272831813152444e-01,8.145576259324202595e-02,5.576152359857530216e-01,1.227072018290213118e-01,0.000000000000000000e+00,9.268435223212219409e-02,0.000000000000000000e+00,0.000000000000000000e+00,1.321917405339094742e-01,0.000000000000000000e+00,1.167480807459253256e-01,9.706813962099663726e-03,2.301112011060298806e-02,2.261089184335618452e-01,0.000000000000000000e+00,1.188963830570182179e-01,0.000000000000000000e+00,0.000000000000000000e+00,4.070808406900764537e-02,0.000000000000000000e+00,1.321917405339094742e-01,9.779669102259108682e-02,1.941593055360258399e-03,3.615225036896641680e-02,0.000000000000000000e+00,0.000000000000000000e+00,0.000000000000000000e+00,0.000000000000000000e+00,7.210454010466159358e-02,1.210365994145082558e-01,0.000000000000000000e+00,1.372175016325011265e-01,0.000000000000000000e+00,1.330513296949029090e-01,0.000000000000000000e+00,0.000000000000000000e+00,0.000000000000000000e+00,3.932657028184875780e-02,2.306269346523791564e-01,8.344998048059754092e-02,0.000000000000000000e+00,5.490950569721739227e-02,1.548081063760356479e-01,2.848815116997173089e-02,0.000000000000000000e+00,0.000000000000000000e+00,0.000000000000000000e+00,0.000000000000000000e+00,0.000000000000000000e+00,0.000000000000000000e+00,7.989922060368920276e-02,0.000000000000000000e+00,1.374680772200714551e-01,2.633676122877875309e-02,0.000000000000000000e+00,1.117011547473874267e-01,0.000000000000000000e+00,0.000000000000000000e+00,0.000000000000000000e+00,0.000000000000000000e+00,0.000000000000000000e+00,0.000000000000000000e+00,0.000000000000000000e+00,2.327271129247928672e-01,3.243326295217899974e-02,0.000000000000000000e+00,0.000000000000000000e+00,1.094438167184754451e-01,0.000000000000000000e+00,1.411072322296008305e-02,1.038004588510315074e-01,0.000000000000000000e+00,0.000000000000000000e+00,5.919815441703447402e-03,1.531681592740184450e-01,9.891775411918982130e-02,0.000000000000000000e+00,1.531681592740184450e-01,1.350441673847579405e-01,0.000000000000000000e+00,0.000000000000000000e+00,6.817190333597661356e-02,0.000000000000000000e+00,1.596559848097638401e-01,0.000000000000000000e+00,0.000000000000000000e+00,1.253389524494453455e-01,0.000000000000000000e+00,0.000000000000000000e+00,0.000000000000000000e+00
0.000000000000000000e+00,3.484245390585030688e-01,0.000000000000000000e+00,0.000000000000000000e+00,9.136611694751328727e-02,1.976758687874844156e-01,6.359856883580160269e-02,5.158461719771312293e-01,0.000000000000000000e+00,7.245838713187532920e-02,2.469733096768689240e-01,3.733023036981029941e-02,0.000000000000000000e+00,2.449748071331309396e-01,1.828976788899460693e-01,1.136025123923317670e-01,0.000000000000000000e+00,8.034603156137361257e-02,1.603319875379798642e-01,0.000000000000000000e+00,0.000000000000000000e+00,0.000000000000000000e+00,0.000000000000000000e+00,0.000000000000000000e+00,0.000000000000000000e+00,0.000000000000000000e+00,0.000000000000000000e+00,0.000000000000000000e+00,0.000000000000000000e+00,8.034603156137361257e-02,1.603319875379798642e-01,8.687569303666933807e-02,2.202588803814249652e-02,0.000000000000000000e+00,0.000000000000000000e+00,0.000000000000000000e+00,0.000000000000000000e+00,0.000000000000000000e+00,0.000000000000000000e+00,0.000000000000000000e+00,2.383849665760388176e-02,4.179774677668312566e-01,1.330513296949029090e-01,0.000000000000000000e+00,3.744363038229382989e-01,1.213151314645751488e-01,7.945103714297253091e-04,0.000000000000000000e+00,1.815486750353752232e-01,0.000000000000000000e+00,7.545800124561359568e-02,2.435598913801409471e-02,0.000000000000000000e+00,1.044178847268724952e-01,0.000000000000000000e+00,6.076703793447721380e-02,1.192811676329560110e-02,0.000000000000000000e+00,0.000000000000000000e+00,3.768501635820751400e-02,4.387460639488775099e-02,2.884640685550089387e-02,4.625680919950468650e-02,0.000000000000000000e+00,1.066471147548886528e-01,0.000000000000000000e+00,2.518581052716808294e-02,0.000000000000000000e+00,5.214473422632315280e-02,1.466355524151663481e-01,0.000000000000000000e+00,0.000000000000000000e+00,1.583149416777497043e-01,1.230423225905307172e-01,6.283786907855339054e-02,0.000000000000000000e+00,9.786107711876679272e-02,1.247295914650627807e-01,1.746265506374090060e-01,1.324233382346663435e-01,1.205815946023396645e-01,0.000000000000000000e+00,0.000000000000000000e+00,1.472300303092968221e-01,2.800057664202482838e-02,1.232447247925825828e-01,0.000000000000000000e+00,2.800057664202482838e-02,1.050250214685633787e-01,0.000000000000000000e+00,0.000000000000000000e+00,8.435682611684486298e-02,0.000000000000000000e+00,9.340075794972618750e-02,0.000000000000000000e+00,0.000000000000000000e+00,1.181440868791280296e-01,0.000000000000000000e+00,0.000000000000000000e+00,3.031815599339308942e-02
0.000000000000000000e+00,5.102525749284310130e-01,4.917634980898717700e-02,0.000000000000000000e+00,7.109270427037950313e-02,4.016667013686591181e-01,1.085805467321527829e-01,4.079500107422153743e-01,9.768380939049969847e-02,0.000000000000000000e+00,4.206477870390863960e-01,4.207478889855367776e-02,0.000000000000000000e+00,1.230292564101078401e-01,2.322088122297391866e-01,9.694977711376909224e-02,0.000000000000000000e+00,2.621771861915205282e-01,9.365196303078365814e-02,1.952667310399355260e-01,0.000000000000000000e+00,0.000000000000000000e+00,0.000000000000000000e+00,0.000000000000000000e+00,0.000000000000000000e+00,0.000000000000000000e+00,0.000000000000000000e+00,0.000000000000000000e+00,0.000000000000000000e+00,2.621771861915205282e-01,9.365196303078365814e-02,2.258393721044468783e-01,0.000000000000000000e+00,7.033045843189647539e-02,1.256973976800404014e-01,0.000000000000000000e+00,2.380484396314862527e-01,0.000000000000000000e+00,4.021581974398917847e-01,0.000000000000000000e+00,0.000000000000000000e+00,5.326281291242334071e-01,0.000000000000000000e+00,3.744363038229382989e-01,0.000000000000000000e+00,1.043052445432092745e-01,9.721420107937647770e-02,0.000000000000000000e+00,1.644791856595771984e-01,1.136884469567625566e-01,1.032716317731957878e-01,7.631342734511457893e-02,0.000000000000000000e+00,0.000000000000000000e+00,0.000000000000000000e+00,1.045922901001771765e-01,0.000000000000000000e+00,0.000000000000000000e+00,0.000000000000000000e+00,1.160632666202134899e-01,4.695315406476802123e-02,0.000000000000000000e+00,0.000000000000000000e+00,2.176112140796399030e-01,0.000000000000000000e+00,0.000000000000000000e+00,0.000000000000000000e+00,0.000000000000000000e+00,9.939976916231485493e-02,3.450162381077698237e-01,0.000000000000000000e+00,2.143532714688867191e-01,8.990749316845450534e-02,0.000000000000000000e+00,3.175038184063942032e-02,0.000000000000000000e+00,0.000000000000000000e+00,6.782796884502262369e-02,1.289680286040307267e-01,1.283366531361472274e-01,0.000000000000000000e+00,0.000000000000000000e+00,0.000000000000000000e+00,1.521144870173925523e-01,7.570487404091727490e-02,7.749508082790976249e-02,0.000000000000000000e+00,7.570487404091727490e-02,1.073296668294161371e-01,0.000000000000000000e+00,0.000000000000000000e+00,6.295714286341100308e-02,0.000000000000000000e+00,1.067786776141954053e-01,1.244157157539869940e-01,0.000000000000000000e+00,2.222252966692048887e-02,9.184366208430240486e-02,6.445252053893223143e-02,0.000000000000000000e+00
0.000000000000000000e+00,5.412332034357027893e-02,3.398732301209803075e-01,0.000000000000000000e+00,8.232420391018191452e-02,8.758413124283551121e-02,0.000000000000000000e+00,0.000000000000000000e+00,2.908005091855306312e-01,4.168329326730489670e-02,2.931784003674162697e-01,0.000000000000000000e+00,0.000000000000000000e+00,0.000000000000000000e+00,3.014198624686789119e-01,0.000000000000000000e+00,5.530742204214980084e-01,0.000000000000000000e+00,0.000000000000000000e+00,2.435362904692688416e-02,0.000000000000000000e+00,1.097965861472415955e-01,0.000000000000000000e+00,0.000000000000000000e+00,1.351824322300415777e-02,7.644025000365733957e-02,5.496736395123967556e-02,1.032796682840377844e-01,7.663768219499656788e-03,0.000000000000000000e+00,0.000000000000000000e+00,2.014927341039949305e-01,0.000000000000000000e+00,0.000000000000000000e+00,1.497541547223556480e-01,2.173753027389780379e-01,8.958418259120000393e-02,0.000000000000000000e+00,1.238193150128372687e-03,0.000000000000000000e+00,1.700761003400292140e-02,0.000000000000000000e+00,0.000000000000000000e+00,1.213151314645751488e-01,1.043052445432092745e-01,0.000000000000000000e+00,5.402642189938773321e-01,1.187579907093131576e-02,1.447690299970956669e-02,0.000000000000000000e+00,4.121699342772009583e-02,0.000000000000000000e+00,2.389390500058872213e-01,0.000000000000000000e+00,0.000000000000000000e+00,0.000000000000000000e+00,0.000000000000000000e+00,0.000000000000000000e+00,0.000000000000000000e+00,1.424414205969068425e-01,0.000000000000000000e+00,5.974317040571483495e-03,2.682236546716290637e-02,0.000000000000000000e+00,0.000000000000000000e+00,0.000000000000000000e+00,0.000000000000000000e+00,0.000000000000000000e+00,0.000000000000000000e+00,1.572659025245939923e-02,1.366600527490337003e-01,1.943962915405095804e-01,1.863196590328583535e-02,9.160913256313404918e-02,2.289136233477101212e-01,0.000000000000000000e+00,0.000000000000000000e+00,8.635124500959798222e-02,0.000000000000000000e+00,7.185652604599156168e-02,7.738007685639147759e-02,8.761646698635081054e-02,0.000000000000000000e+00,2.379457282842551563e-02,0.000000000000000000e+00,0.000000000000000000e+00,0.000000000000000000e+00,0.000000000000000000e+00,0.000000000000000000e+00,0.000000000000000000e+00,0.000000000000000000e+00,0.000000000000000000e+00,4.537559325275121458e-02,0.000000000000000000e+00,2.245322741150678203e-01,0.000000000000000000e+00,0.000000000000000000e+00,5.167080664707251331e-02,4.482622544871385332e-03,0.000000000000000000e+00
0.000000000000000000e+00,1.124089370921380407e-02,7.318932305938530281e-01,0.000000000000000000e+00,2.417713716866705109e-01,0.000000000000000000e+00,0.000000000000000000e+00,0.000000000000000000e+00,6.429515856160767928e-01,1.090952004660082353e-01,1.029858743556162359e-01,0.000000000000000000e+00,0.000000000000000000e+00,0.000000000000000000e+00,2.921257396723115907e-01,0.000000000000000000e+00,6.472866405239261489e-01,8.974815482887413265e-02,0.000000000000000000e+00,5.544101455756158398e-02,0.000000000000000000e+00,8.634482286947384178e-02,0.000000000000000000e+00,0.000000000000000000e+00,2.048351209238245263e-01,0.000000000000000000e+00,2.537165011764476175e-01,0.000000000000000000e+00,0.000000000000000000e+00,8.974815482887413265e-02,0.000000000000000000e+00,1.162018806544922594e-01,0.000000000000000000e+00,0.000000000000000000e+00,3.193258238896413137e-01,2.797931737223552373e-01,3.460587068540549316e-02,4.119116795388523544e-02,0.000000000000000000e+00,0.000000000000000000e+00,1.044794442099006571e-01,0.000000000000000000e+00,0.000000000000000000e+00,7.945103714297253091e-04,9.721420107937647770e-02,5.402642189938773321e-01,0.000000000000000000e+00,2.684711585069619183e-02,0.000000000000000000e+00,0.000000000000000000e+00,4.591143650726044884e-03,0.000000000000000000e+00,1.810608268520882136e-01,0.000000000000000000e+00,0.000000000000000000e+00,0.000000000000000000e+00,0.000000000000000000e+00,0.000000000000000000e+00,1.309919842263939163e-02,1.083869724538497059e-01,2.272313599829613867e-02,1.985246485008781980e-02,0.000000000000000000e+00,0.000000000000000000e+00,0.000000000000000000e+00,0.000000000000000000e+00,0.000000000000000000e+00,2.097979566406298901e-01,1.890386977713218175e-01,1.920976282906316501e-01,2.474766469205300634e-01,1.250960253210224027e-01,8.178811965862392563e-02,0.000000000000000000e+00,2.121195695193335284e-01,2.686339054945805632e-02,0.000000000000000000e+00,1.046058654737297700e-01,2.702036630467393591e-02,0.000000000000000000e+00,0.000000000000000000e+00,8.025082881431411241e-02,0.000000000000000000e+00,5.521917535653533826e-02,0.000000000000000000e+00,0.000000000000000000e+00,0.000000000000000000e+00,0.000000000000000000e+00,0.000000000000000000e+00,0.000000000000000000e+00,0.000000000000000000e+00,0.000000000000000000e+00,5.758058601377851957e-03,0.000000000000000000e+00,1.720850050081126903e-01,3.948301298915896096e-02,0.000000000000000000e+00,7.367316207838170428e-02,0.000000000000000000e+00,0.000000000000000000e+00
0.000000000000000000e+00,0.000000000000000000e+00,0.000000000000000000e+00,6.976521337978452975e-02,0.000000000000000000e+00,1.643835149849952881e-01,9.732451155876842286e-03,0.000000000000000000e+00,0.000000000000000000e+00,0.000000000000000000e+00,1.390280410846727599e-01,1.234215535336543046e-01,2.220435597429615965e-02,2.119493342576985739e-01,0.000000000000000000e+00,0.000000000000000000e+00,5.289606320477540508e-02,0.000000000000000000e+00,0.000000000000000000e+00,3.893397387757439876e-02,0.000000000000000000e+00,0.000000000000000000e+00,0.000000000000000000e+00,1.502324673878386863e-01,7.659723805908849603e-02,1.888673961040542026e-02,2.241389199304045510e-01,8.816003913668270242e-02,1.496462434145932607e-01,0.000000000000000000e+00,0.000000000000000000e+00,1.094608122138405505e-02,0.000000000000000000e+00,1.304469181032762680e-02,0.000000000000000000e+00,0.000000000000000000e+00,0.000000000000000000e+00,1.211356864407319156e-01,4.091256817150369651e-02,1.195140544250691411e-01,6.397983506262677755e-02,2.652318054104801925e-02,3.932657028184875780e-02,0.000000000000000000e+00,0.000000000000000000e+00,1.187579907093131576e-02,2.684711585069619183e-02,0.000000000000000000e+00,1.005514864096637359e-02,8.614970516651002802e-03,5.941923906873966543e-02,6.081712881434945400e-02,1.701655788513993239e-01,0.000000000000000000e+00,0.000000000000000000e+00,0.000000000000000000e+00,0.000000000000000000e+00,0.000000000000000000e+00,1.273920379950663762e-01,0.000000000000000000e+00,0.000000000000000000e+00,4.547199653970197819e-02,0.000000000000000000e+00,1.967414887691144171e-02,1.013621937765431941e-01,1.037253454567260702e-01,0.000000000000000000e+00,1.095490369991830026e-01,0.000000000000000000e+00,6.444996288771745463e-02,0.000000000000000000e+00,0.000000000000000000e+00,1.736593808906175540e-02,0.000000000000000000e+00,2.607486882070017206e-02,1.082503313668092410e-01,0.000000000000000000e+00,1.302981860784238333e-01,0.000000000000000000e+00,0.000000000000000000e+00,3.262234606918891500e-02,0.000000000000000000e+00,0.000000000000000000e+00,0.000000000000000000e+00,7.236216842983404784e-02,0.000000000000000000e+00,0.000000000000000000e+00,7.236216842983404784e-02,0.000000000000000000e+00,4.590656164611879586e-02,0.000000000000000000e+00,0.000000000000000000e+00,2.063112022575218710e-02,0.000000000000000000e+00,0.000000000000000000e+00,3.353035985901128835e-03,0.000000000000000000e+00,2.529157531066273945e-01,0.000000000000000000e+00,0.000000000000000000e+00
0.000000000000000000e+00,1.222103062498439974e-01,0.000000000000000000e+00,3.583639208699520434e-02,1.745750862093864986e-01,7.238099007605314217e-01,1.123374382365368296e-01,6.402474593528280356e-03,0.000000000000000000e+00,2.163561857825682389e-01,6.201118803793279621e-01,7.303398398622025223e-01,0.000000000000000000e+00,7.942991695329134488e-03,0.000000000000000000e+00,0.000000000000000000e+00,0.000000000000000000e+00,0.000000000000000000e+00,2.024110253076790156e-01,2.180405646365077971e-02,0.000000000000000000e+00,0.000000000000000000e+00,0.000000000000000000e+00,2.088007532137344802e-01,9.287190580448465016e-02,2.536557760740248968e-01,0.000000000000000000e+00,0.000000000000000000e+00,8.051147316052049974e-02,0.000000000000000000e+00,2.024110253076790156e-01,0.000000000000000000e+00,6.110297778947851310e-03,0.000000000000000000e+00,0.000000000000000000e+00,0.000000000000000000e+00,0.000000000000000000e+00,0.000000000000000000e+00,1.260563705409273316e-01,8.145277623610139295e-02,2.544470679748683795e-01,2.128117509759954729e-01,2.306269346523791564e-01,1.815486750353752232e-01,1.644791856595771984e-01,1.447690299970956669e-02,0.000000000000000000e+00,1.005514864096637359e-02,0.000000000000000000e+00,0.000000000000000000e+00,3.215080292786808014e-02,0.000000000000000000e+00,0.000000000000000000e+00,2.183419021178011066e-02,4.097661983751468839e-02,6.282711518338418566e-02,1.092663073894662717e-01,0.000000000000000000e+00,0.000000000000000000e+00,7.040837495966863202e-02,0.000000000000000000e+00,0.000000000000000000e+00,1.051906612305797406e-01,6.946529509468526986e-02,4.406017585787230795e-02,1.391169972649543840e-01,0.000000000000000000e+00,0.000000000000000000e+00,0.000000000000000000e+00,3.882614321763210724e-02,0.000000000000000000e+00,0.000000000000000000e+00,0.000000000000000000e+00,0.000000000000000000e+00,1.870138411112501065e-01,0.000000000000000000e+00,0.000000000000000000e+00,1.508089891184270781e-01,0.000000000000000000e+00,0.000000000000000000e+00,0.000000000000000000e+00,7.018158438822166834e-02,0.000000000000000000e+00,1.757661774911406516e-01,1.982399508247220665e-01,8.885758702379757332e-03,0.000000000000000000e+00,1.982399508247220665e-01,7.066033075295979904e-02,0.000000000000000000e+00,0.000000000000000000e+00,6.916913441597968837e-02,0.000000000000000000e+00,3.710970341259610394e-02,1.992452299544489602e-01,0.000000000000000000e+00,6.092039702933962388e-03,0.000000000000000000e+00,1.160749742110930710e-01,0.000000000000000000e+00
0.000000000000000000e+00,0.000000000000000000e+00,0.000000000000000000e+00,0.000000000000000000e+00,8.055026339901655286e-03,0.000000000000000000e+00,2.495524068755677893e-01,1.683771099141318506e-01,0.000000000000000000e+00,0.000000000000000000e+00,0.000000000000000000e+00,0.000000000000000000e+00,1.446035011949734495e-01,8.512986245051354373e-02,0.000000000000000000e+00,1.234787938754555031e-01,0.000000000000000000e+00,2.576917303201609055e-01,0.000000000000000000e+00,0.000000000000000000e+00,0.000000000000000000e+00,0.000000000000000000e+00,1.032996977792711157e-01,0.000000000000000000e+00,0.000000000000000000e+00,0.000000000000000000e+00,4.561608640731963649e-02,0.000000000000000000e+00,0.000000000000000000e+00,2.576917303201609055e-01,0.000000000000000000e+00,1.747877453492397426e-01,0.000000000000000000e+00,5.042418479272405829e-01,0.000000000000000000e+00,0.000000000000000000e+00,0.000000000000000000e+00,1.156604054543333704e-01,0.000000000000000000e+00,2.011357362957454376e-01,0.000000000000000000e+00,0.000000000000000000e+00,8.344998048059754092e-02,0.000000000000000000e+00,1.136884469567625566e-01,0.000000000000000000e+00,0.000000000000000000e+00,8.614970516651002802e-03,0.000000000000000000e+00,0.000000000000000000e+00,9.320214643840495083e-03,0.000000000000000000e+00,0.000000000000000000e+00,1.364345657812433554e-01,2.000088218079833224e-01,0.000000000000000000e+00,4.518917313008603831e-02,0.000000000000000000e+00,1.092107600328710293e-01,0.000000000000000000e+00,0.000000000000000000e+00,1.135095251798532295e-01,0.000000000000000000e+00,1.115530825982377350e-01,0.000000000000000000e+00,0.000000000000000000e+00,1.492744627603135033e-01,5.047954689209743773e-02,2.626101013201115331e-01,0.000000000000000000e+00,0.000000000000000000e+00,0.000000000000000000e+00,1.047803904706269829e-01,1.306216999277453883e-01,0.000000000000000000e+00,5.791757230978859805e-02,5.134516464970062533e-02,0.000000000000000000e+00,1.773569975357352016e-02,0.000000000000000000e+00,0.000000000000000000e+00,0.000000000000000000e+00,1.466836520590940607e-01,0.000000000000000000e+00,9.153188987597268844e-02,0.000000000000000000e+00,1.466836520590940607e-01,9.153188987597268844e-02,0.000000000000000000e+00,0.000000000000000000e+00,1.240391255555803873e-01,6.891806757239964110e-02,0.000000000000000000e+00,0.000000000000000000e+00,0.000000000000000000e+00,0.000000000000000000e+00,0.000000000000000000e+00,1.979937744295845181e-01,0.000000000000000000e+00,5.558099744292177569e-02
0.000000000000000000e+00,0.000000000000000000e+00,0.000000000000000000e+00,0.000000000000000000e+00,1.050059327847626678e-01,0.000000000000000000e+00,1.718506605524549036e-01,9.614614548060833321e-02,2.889961508938438187e-02,0.000000000000000000e+00,0.000000000000000000e+00,0.000000000000000000e+00,0.000000000000000000e+00,3.566695601913599800e-02,0.000000000000000000e+00,0.000000000000000000e+00,0.000000000000000000e+00,0.000000000000000000e+00,9.036508161805738293e-02,0.000000000000000000e+00,0.000000000000000000e+00,0.000000000000000000e+00,0.000000000000000000e+00,0.000000000000000000e+00,1.457001761111723082e-01,0.000000000000000000e+00,0.000000000000000000e+00,1.433296161424860715e-01,6.313756444544205496e-03,0.000000000000000000e+00,9.036508161805738293e-02,1.264993312471541786e-01,0.000000000000000000e+00,0.000000000000000000e+00,0.000000000000000000e+00,0.000000000000000000e+00,0.000000000000000000e+00,1.371240364983857818e-01,0.000000000000000000e+00,1.128790240366804309e-01,5.266442642343741043e-02,0.000000000000000000e+00,0.000000000000000000e+00,7.545800124561359568e-02,1.032716317731957878e-01,4.121699342772009583e-02,4.591143650726044884e-03,5.941923906873966543e-02,3.215080292786808014e-02,9.320214643840495083e-03,0.000000000000000000e+00,0.000000000000000000e+00,0.000000000000000000e+00,0.000000000000000000e+00,0.000000000000000000e+00,6.915211867589429739e-02,1.513461269652060515e-01,4.942582624750640335e-02,6.324335849479119365e-02,4.307300309024640617e-02,0.000000000000000000e+00,0.000000000000000000e+00,5.772039228910614411e-02,1.266208767086476200e-02,6.133717421712674839e-02,0.000000000000000000e+00,0.000000000000000000e+00,0.000000000000000000e+00,1.614920357049269561e-02,1.596931667829975532e-01,2.054628488931733304e-02,1.315826042874861275e-02,0.000000000000000000e+00,0.000000000000000000e+00,0.000000000000000000e+00,0.000000000000000000e+00,2.455154710848790334e-01,9.705563059212510280e-03,0.000000000000000000e+00,7.214894987268211102e-02,2.186680560043730015e-02,0.000000000000000000e+00,0.000000000000000000e+00,6.284471494394577862e-02,0.000000000000000000e+00,0.000000000000000000e+00,0.000000000000000000e+00,0.000000000000000000e+00,0.000000000000000000e+00,0.000000000000000000e+00,1.073035134319324235e-01,0.000000000000000000e+00,0.000000000000000000e+00,0.000000000000000000e+00,8.681686247189958350e-02,0.000000000000000000e+00,6.640800014317396749e-02,3.747771350177357685e-02,2.017680044294028474e-01,9.078017666870122349e-03
6.916708880310301621e-02,1.246008479006087410e-01,9.593648429518097931e-03,1.861118741246972630e-01,0.000000000000000000e+00,0.000000000000000000e+00,1.307605229070684175e-03,7.839582725569818611e-02,0.000000000000000000e+00,7.420124186298419910e-02,5.854766610208676780e-02,0.000000000000000000e+00,6.960999216813296142e-02,5.808958350877049814e-02,7.836091936747882625e-02,7.874416032003207777e-03,3.322258372192533893e-02,0.000000000000000000e+00,9.415274660171540910e-02,8.006413336742140840e-02,8.316258939237136660e-02,0.000000000000000000e+00,0.000000000000000000e+00,0.000000000000000000e+00,8.068712588566537974e-03,8.438362849248107200e-02,0.000000000000000000e+00,8.698609823800676488e-02,0.000000000000000000e+00,0.000000000000000000e+00,9.415274660171540910e-02,3.127459223806818532e-03,0.000000000000000000e+00,0.000000000000000000e+00,8.750170517322941599e-02,0.000000000000000000e+00,1.448545921360227529e-01,0.000000000000000000e+00,1.289826557451501376e-01,0.000000000000000000e+00,0.000000000000000000e+00,3.690579557901980251e-02,5.490950569721739227e-02,2.435598913801409471e-02,7.631342734511457893e-02,0.000000000000000000e+00,0.000000000000000000e+00,6.081712881434945400e-02,0.000000000000000000e+00,0.000000000000000000e+00,0.000000000000000000e+00,0.000000000000000000e+00,6.970982225800925747e-02,0.000000000000000000e+00,0.000000000000000000e+00,0.000000000000000000e+00,0.000000000000000000e+00,1.178369224456460862e-01,6.727403109652965729e-02,0.000000000000000000e+00,4.290858004881004106e-02,1.127416171582016659e-02,0.000000000000000000e+00,0.000000000000000000e+00,0.000000000000000000e+00,0.000000000000000000e+00,3.419484060267573289e-02,0.000000000000000000e+00,0.000000000000000000e+00,7.278253061851117089e-02,1.810196352645170731e-02,6.993703298287215486e-02,3.071367577436200785e-02,1.622571674875998293e-01,1.066206012311503304e-01,1.864468689177489480e-01,0.000000000000000000e+00,3.125461636820588834e-02,0.000000000000000000e+00,1.243857032064585311e-01,0.000000000000000000e+00,0.000000000000000000e+00,1.501423263087189527e-02,0.000000000000000000e+00,7.542463407225262310e-03,1.112405140677892451e-01,1.501423263087189527e-02,7.542463407225262310e-03,5.800827482080732345e-02,1.423343230537565951e-01,0.000000000000000000e+00,0.000000000000000000e+00,7.637129564074780774e-02,1.288163345212130495e-01,0.000000000000000000e+00,1.107769872890281004e-01,5.028238757411922916e-02,1.795474976767832409e-01,0.000000000000000000e+00,0.000000000000000000e+00
1.667073602419762990e-01,2.789017807008722233e-02,1.032213269347076745e-01,1.702206167840664697e-01,0.000000000000000000e+00,4.048352962551743373e-02,0.000000000000000000e+00,0.000000000000000000e+00,0.000000000000000000e+00,2.320784237122129889e-01,1.876086663494083706e-02,0.000000000000000000e+00,3.782938687472234274e-02,0.000000000000000000e+00,6.880205456285354293e-02,4.264937862913129041e-02,1.823199379317964608e-01,0.000000000000000000e+00,0.000000000000000000e+00,2.069543073709571579e-01,2.136277377028788504e-01,8.331720525692878909e-02,1.242195965445166972e-01,5.830415566152985507e-02,0.000000000000000000e+00,2.995502091413522749e-01,3.722320403714220183e-02,0.000000000000000000e+00,1.261549956396462169e-01,0.000000000000000000e+00,0.000000000000000000e+00,1.279798132617321893e-01,5.141184695007440519e-02,0.000000000000000000e+00,0.000000000000000000e+00,1.644168306118778677e-01,0.000000000000000000e+00,0.000000000000000000e+00,1.238488775999028457e-01,0.000000000000000000e+00,2.050149033891679462e-02,3.359593236779764847e-02,1.548081063760356479e-01,0.000000000000000000e+00,0.000000000000000000e+00,2.389390500058872213e-01,1.810608268520882136e-01,1.701655788513993239e-01,0.000000000000000000e+00,0.000000000000000000e+00,0.000000000000000000e+00,6.970982225800925747e-02,0.000000000000000000e+00,0.000000000000000000e+00,0.000000000000000000e+00,1.243931352295284121e-02,0.000000000000000000e+00,0.000000000000000000e+00,0.000000000000000000e+00,7.756412802397708028e-02,0.000000000000000000e+00,7.576509058246658213e-02,0.000000000000000000e+00,6.444094505568070952e-02,2.388377193101028778e-02,2.022943540669657481e-01,0.000000000000000000e+00,1.515739549307322798e-01,0.000000000000000000e+00,0.000000000000000000e+00,6.904836214901363678e-02,0.000000000000000000e+00,0.000000000000000000e+00,0.000000000000000000e+00,1.251169707821998545e-01,1.341292185407154669e-01,0.000000000000000000e+00,0.000000000000000000e+00,2.874040517148853530e-02,4.248735097453407161e-02,9.794837094775990516e-02,9.855978240438725835e-02,0.000000000000000000e+00,4.508208872045276622e-02,3.203237751874978001e-02,3.751435238247823739e-02,0.000000000000000000e+00,3.203237751874978001e-02,1.636528015583502138e-01,1.820992136030212538e-02,0.000000000000000000e+00,0.000000000000000000e+00,3.521367736848075858e-02,1.698639490632572469e-01,0.000000000000000000e+00,1.424607233649977968e-02,0.000000000000000000e+00,0.000000000000000000e+00,0.000000000000000000e+00,4.966941202552271895e-02
7.339966098145930817e-02,0.000000000000000000e+00,0.000000000000000000e+00,0.000000000000000000e+00,1.099001657014371247e-01,0.000000000000000000e+00,8.634842106771800641e-02,9.298209049945268395e-03,0.000000000000000000e+00,8.503049684530339380e-02,0.000000000000000000e+00,0.000000000000000000e+00,0.000000000000000000e+00,1.142054109977993712e-02,0.000000000000000000e+00,0.000000000000000000e+00,1.087159383477655922e-02,2.467643234355553633e-02,0.000000000000000000e+00,0.000000000000000000e+00,0.000000000000000000e+00,0.000000000000000000e+00,1.214514891749694236e-01,1.262397743497374880e-01,0.000000000000000000e+00,0.000000000000000000e+00,4.215269014279149351e-02,0.000000000000000000e+00,4.436380124442006190e-02,2.467643234355553633e-02,0.000000000000000000e+00,0.000000000000000000e+00,1.637454839513962090e-01,3.005230831395281146e-02,0.000000000000000000e+00,0.000000000000000000e+00,0.000000000000000000e+00,4.431072697388823214e-03,0.000000000000000000e+00,3.518580085178922567e-02,2.596594309064215872e-03,0.000000000000000000e+00,2.848815116997173089e-02,1.044178847268724952e-01,0.000000000000000000e+00,0.000000000000000000e+00,0.000000000000000000e+00,0.000000000000000000e+00,2.183419021178011066e-02,1.364345657812433554e-01,0.000000000000000000e+00,0.000000000000000000e+00,0.000000000000000000e+00,0.000000000000000000e+00,1.445237624299810231e-01,8.167063760209582191e-02,0.000000000000000000e+00,0.000000000000000000e+00,0.000000000000000000e+00,3.569853274571046890e-03,1.360671309168932919e-02,1.585626093127866787e-01,0.000000000000000000e+00,0.000000000000000000e+00,7.487384288634242602e-02,5.141653184158950785e-02,1.766787953498911712e-01,4.905384991626980662e-02,1.405575856938202362e-01,0.000000000000000000e+00,1.314223525744596943e-01,0.000000000000000000e+00,3.970921113340682845e-03,3.529060527309476475e-02,0.000000000000000000e+00,0.000000000000000000e+00,0.000000000000000000e+00,2.837584474056155728e-02,8.267356210269274919e-02,6.652620115172996895e-02,7.333745516054748781e-02,0.000000000000000000e+00,1.591964991057998602e-01,3.314613188501433494e-02,2.764855982090377168e-02,6.486858146739642866e-03,1.591964991057998602e-01,2.764855982090377168e-02,0.000000000000000000e+00,1.537212740837558267e-01,0.000000000000000000e+00,0.000000000000000000e+00,0.000000000000000000e+00,3.725413155962732648e-02,0.000000000000000000e+00,1.625813145231712054e-01,0.000000000000000000e+00,0.000000000000000000e+00,0.000000000000000000e+00,4.547394215654052690e-02
7.797053012573440522e-02,2.894537016622510811e-02,0.000000000000000000e+00,1.306303468440750959e-01,3.324688990456275278e-02,0.000000000000000000e+00,0.000000000000000000e+00,0.000000000000000000e+00,0.000000000000000000e+00,7.165197099463566088e-02,0.000000000000000000e+00,4.796524475795675702e-02,3.470731137478674788e-02,0.000000000000000000e+00,0.000000000000000000e+00,0.000000000000000000e+00,5.007453165680668221e-04,1.975793539881016136e-01,5.764364494925310056e-02,0.000000000000000000e+00,0.000000000000000000e+00,9.087507688294320374e-02,1.244465427091370757e-01,1.569886002130970737e-01,1.911889046214894361e-02,1.244270808445749679e-02,7.606045552205206728e-02,0.000000000000000000e+00,5.804630261848736650e-02,1.975793539881016136e-01,5.764364494925310056e-02,2.953754292776661350e-02,0.000000000000000000e+00,6.593258722916600645e-02,0.000000000000000000e+00,0.000000000000000000e+00,0.000000000000000000e+00,0.000000000000000000e+00,0.000000000000000000e+00,0.000000000000000000e+00,0.000000000000000000e+00,0.000000000000000000e+00,0.000000000000000000e+00,0.000000000000000000e+00,0.000000000000000000e+00,0.000000000000000000e+00,0.000000000000000000e+00,0.000000000000000000e+00,4.097661983751468839e-02,2.000088218079833224e-01,0.000000000000000000e+00,0.000000000000000000e+00,0.000000000000000000e+00,1.445237624299810231e-01,0.000000000000000000e+00,0.000000000000000000e+00,0.000000000000000000e+00,0.000000000000000000e+00,0.000000000000000000e+00,3.534608072479576875e-03,4.944874529445993094e-02,2.280045637409112980e-01,0.000000000000000000e+00,9.793228270764489651e-02,0.000000000000000000e+00,5.177160311185148925e-03,1.087766605885805149e-01,0.000000000000000000e+00,1.449084638762930255e-01,0.000000000000000000e+00,0.000000000000000000e+00,9.023254222454234197e-02,1.283175715409914097e-01,0.000000000000000000e+00,0.000000000000000000e+00,0.000000000000000000e+00,5.510303971669432144e-02,0.000000000000000000e+00,0.000000000000000000e+00,2.245046188530275266e-02,0.000000000000000000e+00,0.000000000000000000e+00,1.622459021486156450e-01,0.000000000000000000e+00,0.000000000000000000e+00,8.544669622067017911e-02,1.622459021486156450e-01,0.000000000000000000e+00,0.000000000000000000e+00,1.894086459972374806e-02,2.280219756068815190e-02,0.000000000000000000e+00,0.000000000000000000e+00,0.000000000000000000e+00,1.490791406834080651e-02,6.112982539078203048e-02,0.000000000000000000e+00,4.714144166936141966e-03,0.000000000000000000e+00,7.760667665680556770e-02
0.000000000000000000e+00,0.000000000000000000e+00,0.000000000000000000e+00,0.000000000000000000e+00,0.000000000000000000e+00,1.061708801727851981e-01,1.232198104249093151e-01,1.426542386084906494e-02,0.000000000000000000e+00,6.151806216414047040e-02,0.000000000000000000e+00,1.505616014839293026e-01,0.000000000000000000e+00,4.768354193404368557e-02,7.718609809969551039e-02,0.000000000000000000e+00,0.000000000000000000e+00,0.000000000000000000e+00,1.478910688487214582e-02,7.499270081441286595e-02,0.000000000000000000e+00,0.000000000000000000e+00,1.695497821761577095e-01,1.097165433828617698e-01,0.000000000000000000e+00,4.883121774856211128e-02,0.000000000000000000e+00,0.000000000000000000e+00,3.590117558992703128e-02,0.000000000000000000e+00,1.478910688487214582e-02,0.000000000000000000e+00,7.581106747322852168e-02,0.000000000000000000e+00,0.000000000000000000e+00,0.000000000000000000e+00,6.980157679410173288e-02,3.652001113086958406e-02,1.259129695620542777e-01,2.202272787852172994e-02,5.618428068662119357e-03,1.271268796541015766e-01,0.000000000000000000e+00,6.076703793447721380e-02,1.045922901001771765e-01,0.000000000000000000e+00,0.000000000000000000e+00,0.000000000000000000e+00,6.282711518338418566e-02,0.000000000000000000e+00,6.915211867589429739e-02,0.000000000000000000e+00,1.243931352295284121e-02,8.167063760209582191e-02,0.000000000000000000e+00,0.000000000000000000e+00,7.129561271905733577e-03,1.381699079809314279e-01,0.000000000000000000e+00,1.784235077936145719e-01,0.000000000000000000e+00,0.000000000000000000e+00,0.000000000000000000e+00,1.333260419239399863e-01,1.087935445398577616e-01,0.000000000000000000e+00,6.206254154929566336e-02,0.000000000000000000e+00,0.000000000000000000e+00,0.000000000000000000e+00,0.000000000000000000e+00,0.000000000000000000e+00,0.000000000000000000e+00,0.000000000000000000e+00,2.572969949549661593e-03,0.000000000000000000e+00,9.628605829400777028e-02,9.504485843491016633e-03,8.240750500472021622e-02,0.000000000000000000e+00,1.106929258885329115e-01,7.277694262912537404e-02,1.979417799862806526e-02,0.000000000000000000e+00,6.534153654582910975e-02,1.018370413301255273e-01,1.979417799862806526e-02,6.534153654582910975e-02,1.915466327919556622e-01,0.000000000000000000e+00,6.709022283157999034e-02,2.518070280495218749e-02,0.000000000000000000e+00,1.872805002350408921e-01,4.118379718363064657e-02,0.000000000000000000e+00,1.187914062261026249e-01,0.000000000000000000e+00,1.016906286100510981e-01,0.000000000000000000e+00
0.000000000000000000e+00,0.000000000000000000e+00,0.000000000000000000e+00,3.201335782658012996e-02,2.638402710303737117e-02,0.000000000000000000e+00,0.000000000000000000e+00,0.000000000000000000e+00,0.000000000000000000e+00,5.235745970637280255e-02,0.000000000000000000e+00,0.000000000000000000e+00,0.000000000000000000e+00,0.000000000000000000e+00,0.000000000000000000e+00,0.000000000000000000e+00,0.000000000000000000e+00,5.171946938401411446e-03,0.000000000000000000e+00,0.000000000000000000e+00,8.001001829593961875e-03,1.639574955268242595e-01,4.043914626162939396e-02,7.173928652599242950e-02,2.919356513341498163e-02,2.958683806616722173e-02,0.000000000000000000e+00,0.000000000000000000e+00,2.943071095470092997e-03,5.171946938401411446e-03,0.000000000000000000e+00,0.000000000000000000e+00,1.937473552534988569e-02,1.128518308913814550e-01,0.000000000000000000e+00,0.000000000000000000e+00,0.000000000000000000e+00,1.648410166751432260e-01,0.000000000000000000e+00,3.895511313061708614e-02,2.956249878483230634e-02,0.000000000000000000e+00,0.000000000000000000e+00,1.192811676329560110e-02,0.000000000000000000e+00,0.000000000000000000e+00,0.000000000000000000e+00,0.000000000000000000e+00,1.092663073894662717e-01,4.518917313008603831e-02,1.513461269652060515e-01,0.000000000000000000e+00,0.000000000000000000e+00,0.000000000000000000e+00,0.000000000000000000e+00,7.129561271905733577e-03,0.000000000000000000e+00,0.000000000000000000e+00,0.000000000000000000e+00,8.306927699218685096e-03,7.650284386630641642e-02,0.000000000000000000e+00,0.000000000000000000e+00,1.220265117503616936e-01,8.739939712718661213e-02,9.583263563161575904e-02,0.000000000000000000e+00,1.752478490612608408e-01,6.524103557597370207e-02,0.000000000000000000e+00,7.546706278710587842e-03,0.000000000000000000e+00,0.000000000000000000e+00,0.000000000000000000e+00,0.000000000000000000e+00,0.000000000000000000e+00,0.000000000000000000e+00,0.000000000000000000e+00,0.000000000000000000e+00,5.407029691023489126e-03,1.905740292733175759e-02,5.230087911367276021e-02,8.571679771864207376e-02,5.973601564627591121e-02,0.000000000000000000e+00,0.000000000000000000e+00,8.571679771864207376e-02,0.000000000000000000e+00,0.000000000000000000e+00,4.161467980513848530e-02,8.489301373567517683e-02,0.000000000000000000e+00,0.000000000000000000e+00,0.000000000000000000e+00,1.454049767602587084e-01,5.419312670741750770e-02,0.000000000000000000e+00,0.000000000000000000e+00,0.000000000000000000e+00,4.807863685325351050e-02
1.979897437968754920e-02,2.749761907035570135e-02,2.591308254556326605e-03,8.507982091777521738e-02,0.000000000000000000e+00,0.000000000000000000e+00,1.063123843502783612e-02,0.000000000000000000e+00,0.000000000000000000e+00,7.165082011730297684e-02,0.000000000000000000e+00,0.000000000000000000e+00,1.433895321505242459e-01,1.305525328483141678e-01,1.533210534679407266e-01,8.020291144160282548e-02,5.114798228601816904e-02,0.000000000000000000e+00,0.000000000000000000e+00,8.701330468457751932e-02,9.229911160901718703e-02,0.000000000000000000e+00,0.000000000000000000e+00,2.148137178929932639e-02,0.000000000000000000e+00,1.004294829925254373e-01,7.068379753550005015e-03,0.000000000000000000e+00,6.118874329081318980e-02,0.000000000000000000e+00,0.000000000000000000e+00,0.000000000000000000e+00,0.000000000000000000e+00,0.000000000000000000e+00,1.012633676396171301e-01,0.000000000000000000e+00,1.358869328625275097e-01,0.000000000000000000e+00,1.306797102853564374e-01,0.000000000000000000e+00,0.000000000000000000e+00,5.188884363616207140e-02,0.000000000000000000e+00,0.000000000000000000e+00,0.000000000000000000e+00,0.000000000000000000e+00,0.000000000000000000e+00,0.000000000000000000e+00,0.000000000000000000e+00,0.000000000000000000e+00,4.942582624750640335e-02,1.178369224456460862e-01,0.000000000000000000e+00,0.000000000000000000e+00,0.000000000000000000e+00,1.381699079809314279e-01,0.000000000000000000e+00,0.000000000000000000e+00,1.476274661959485479e-02,8.343859540080247883e-02,0.000000000000000000e+00,0.000000000000000000e+00,0.000000000000000000e+00,0.000000000000000000e+00,0.000000000000000000e+00,0.000000000000000000e+00,0.000000000000000000e+00,3.818157490506524088e-02,0.000000000000000000e+00,2.320786437998869842e-02,8.012270919603677044e-02,1.826668865881780901e-01,1.052710128822601995e-02,8.082237371175196583e-02,1.526673507974710131e-01,1.199073427270909431e-01,3.991424975893184679e-02,0.000000000000000000e+00,0.000000000000000000e+00,0.000000000000000000e+00,0.000000000000000000e+00,7.497827618617064482e-02,2.014567164560228385e-02,0.000000000000000000e+00,0.000000000000000000e+00,0.000000000000000000e+00,2.014567164560228385e-02,0.000000000000000000e+00,8.933588598858682728e-02,8.455183699993107371e-02,0.000000000000000000e+00,0.000000000000000000e+00,0.000000000000000000e+00,4.505809695696171707e-02,6.971797481513636319e-02,4.080253847974719961e-02,6.770838400667592016e-02,4.790651739268016185e-02,0.000000000000000000e+00,0.000000000000000000e+00
0.000000000000000000e+00,0.000000000000000000e+00,2.029696893070489366e-02,6.738663246271640872e-02,0.000000000000000000e+00,0.000000000000000000e+00,1.827127181040642118e-02,0.000000000000000000e+00,8.431936283943629318e-02,4.727386012986130315e-02,0.000000000000000000e+00,0.000000000000000000e+00,0.000000000000000000e+00,3.534190397121567129e-02,0.000000000000000000e+00,0.000000000000000000e+00,2.246880602207803820e-02,0.000000000000000000e+00,0.000000000000000000e+00,0.000000000000000000e+00,1.074939716091561914e-01,0.000000000000000000e+00,6.786937533731325634e-02,0.000000000000000000e+00,1.973556838448171924e-02,0.000000000000000000e+00,3.110536192756983009e-01,2.522464934673277620e-02,0.000000000000000000e+00,0.000000000000000000e+00,0.000000000000000000e+00,0.000000000000000000e+00,0.000000000000000000e+00,0.000000000000000000e+00,8.028825985017054578e-02,0.000000000000000000e+00,0.000000000000000000e+00,1.641343792353013309e-01,0.000000000000000000e+00,2.307758634452170519e-03,0.000000000000000000e+00,0.000000000000000000e+00,0.000000000000000000e+00,0.000000000000000000e+00,0.000000000000000000e+00,0.000000000000000000e+00,1.309919842263939163e-02,1.273920379950663762e-01,0.000000000000000000e+00,1.092107600328710293e-01,6.324335849479119365e-02,6.727403109652965729e-02,0.000000000000000000e+00,0.000000000000000000e+00,0.000000000000000000e+00,0.000000000000000000e+00,0.000000000000000000e+00,1.476274661959485479e-02,0.000000000000000000e+00,7.487662981379648863e-02,0.000000000000000000e+00,4.087944746209399433e-02,4.031819886355765548e-02,0.000000000000000000e+00,9.698174101703824559e-03,2.851387751393696240e-02,6.922997384569390400e-02,2.450205522851405839e-03,0.000000000000000000e+00,1.961476883479581698e-02,0.000000000000000000e+00,3.930135588186374485e-02,1.604403947743338055e-01,8.139375067745316383e-02,8.537758824343977260e-02,1.848223872571501669e-01,0.000000000000000000e+00,1.798119619987784412e-01,7.904298965269761224e-02,7.297293737059860896e-02,0.000000000000000000e+00,0.000000000000000000e+00,8.243127216813109226e-02,0.000000000000000000e+00,1.372033766424051726e-01,3.915777862355375102e-03,8.243127216813109226e-02,1.372033766424051726e-01,0.000000000000000000e+00,9.178160283247820128e-02,3.607922325684856379e-02,7.853573714862369104e-02,0.000000000000000000e+00,1.433694934744009913e-02,2.183194168777442476e-02,7.226712472933576048e-02,6.195485841174766528e-02,1.348851654534605760e-01,0.000000000000000000e+00,0.000000000000000000e+00
0.000000000000000000e+00,4.640105609304559509e-02,4.850280341087927216e-02,2.797892937794582355e-02,0.000000000000000000e+00,1.189378639636232138e-01,0.000000000000000000e+00,0.000000000000000000e+00,3.422374110964725158e-02,0.000000000000000000e+00,1.017295918363097032e-02,1.203099974255933680e-01,0.000000000000000000e+00,0.000000000000000000e+00,1.065158649255890794e-01,0.000000000000000000e+00,1.666944338569983919e-01,7.938252236483223090e-02,0.000000000000000000e+00,7.985286558859472361e-02,0.000000000000000000e+00,0.000000000000000000e+00,0.000000000000000000e+00,2.776789097435668208e-02,4.622417376118199278e-02,0.000000000000000000e+00,1.252306900818393465e-01,0.000000000000000000e+00,0.000000000000000000e+00,7.938252236483223090e-02,0.000000000000000000e+00,0.000000000000000000e+00,0.000000000000000000e+00,0.000000000000000000e+00,0.000000000000000000e+00,1.292376014843586440e-01,0.000000000000000000e+00,5.280487420926321951e-02,3.177797379901588226e-02,0.000000000000000000e+00,3.635354966766861373e-02,0.000000000000000000e+00,0.000000000000000000e+00,3.768501635820751400e-02,1.160632666202134899e-01,1.424414205969068425e-01,1.083869724538497059e-01,0.000000000000000000e+00,7.040837495966863202e-02,0.000000000000000000e+00,4.307300309024640617e-02,0.000000000000000000e+00,7.756412802397708028e-02,3.569853274571046890e-03,3.534608072479576875e-03,1.784235077936145719e-01,8.306927699218685096e-03,8.343859540080247883e-02,7.487662981379648863e-02,0.000000000000000000e+00,0.000000000000000000e+00,1.312618339496225695e-02,7.401325610416785439e-02,1.959683276896098669e-02,1.121148749657006546e-02,0.000000000000000000e+00,8.517335009626970238e-03,0.000000000000000000e+00,0.000000000000000000e+00,6.446776184926583664e-02,0.000000000000000000e+00,3.665681350676833206e-02,0.000000000000000000e+00,0.000000000000000000e+00,0.000000000000000000e+00,4.457187552575864187e-02,1.363594929158421232e-01,1.124856693979067734e-01,1.522349882917444115e-03,8.627448544263975616e-02,0.000000000000000000e+00,6.424811356894581660e-02,7.723275684601717261e-03,1.171057670559191577e-01,2.598232767645299729e-02,1.391326603021588171e-01,7.723275684601717261e-03,2.598232767645299729e-02,2.138167311679702864e-01,0.000000000000000000e+00,7.327923049918266818e-02,5.494969396227986774e-03,0.000000000000000000e+00,2.301430985018964592e-01,6.618987010924837211e-02,0.000000000000000000e+00,1.125478335070622671e-01,3.613538505102797949e-02,1.882895289131440719e-02,0.000000000000000000e+00
0.000000000000000000e+00,1.824914007734561305e-02,0.000000000000000000e+00,0.000000000000000000e+00,1.703571951735723955e-01,0.000000000000000000e+00,7.251661144800637671e-02,0.000000000000000000e+00,0.000000000000000000e+00,0.000000000000000000e+00,6.343810403290503497e-02,0.000000000000000000e+00,4.997750476359689130e-03,0.000000000000000000e+00,2.565239975391058261e-03,0.000000000000000000e+00,0.000000000000000000e+00,4.925286742956010155e-03,1.234173985553450453e-01,1.757311996617779218e-02,0.000000000000000000e+00,5.991216910389642047e-02,0.000000000000000000e+00,0.000000000000000000e+00,1.017543624305805028e-01,0.000000000000000000e+00,0.000000000000000000e+00,1.943820009446363059e-02,5.286541824648183230e-02,4.925286742956010155e-03,1.234173985553450453e-01,1.450507403193156478e-02,0.000000000000000000e+00,6.724379336257702011e-02,0.000000000000000000e+00,3.230699326075226613e-02,0.000000000000000000e+00,3.456307488662396094e-02,0.000000000000000000e+00,7.121522952501467552e-02,4.812246170596723438e-03,0.000000000000000000e+00,7.989922060368920276e-02,4.387460639488775099e-02,4.695315406476802123e-02,0.000000000000000000e+00,2.272313599829613867e-02,0.000000000000000000e+00,0.000000000000000000e+00,0.000000000000000000e+00,0.000000000000000000e+00,4.290858004881004106e-02,0.000000000000000000e+00,1.360671309168932919e-02,4.944874529445993094e-02,0.000000000000000000e+00,7.650284386630641642e-02,0.000000000000000000e+00,0.000000000000000000e+00,0.000000000000000000e+00,0.000000000000000000e+00,7.087327737256121640e-02,2.627229130049099637e-02,1.162409009317820346e-01,4.550070635907961514e-02,0.000000000000000000e+00,0.000000000000000000e+00,0.000000000000000000e+00,1.589925384384566764e-01,2.410685430154566045e-01,0.000000000000000000e+00,0.000000000000000000e+00,1.273466593977584660e-01,0.000000000000000000e+00,0.000000000000000000e+00,0.000000000000000000e+00,0.000000000000000000e+00,0.000000000000000000e+00,0.000000000000000000e+00,0.000000000000000000e+00,0.000000000000000000e+00,0.000000000000000000e+00,4.162691203948486185e-02,1.114135026381409821e-01,0.000000000000000000e+00,0.000000000000000000e+00,4.162691203948486185e-02,0.000000000000000000e+00,0.000000000000000000e+00,7.640050407650431086e-02,0.000000000000000000e+00,3.772271177977192663e-02,6.325028224765112672e-02,0.000000000000000000e+00,0.000000000000000000e+00,3.750704732957291926e-02,0.000000000000000000e+00,0.000000000000000000e+00,0.000000000000000000e+00,0.000000000000000000e+00
1.551337989172150156e-01,4.484325864754885871e-02,0.000000000000000000e+00,1.442882160105765643e-01,1.196416520190736466e-01,0.000000000000000000e+00,0.000000000000000000e+00,4.646151841284978934e-02,0.000000000000000000e+00,0.000000000000000000e+00,0.000000000000000000e+00,0.000000000000000000e+00,0.000000000000000000e+00,0.000000000000000000e+00,2.878320035444234537e-02,1.324353838503688693e-02,3.543806222471852785e-02,1.348815946254206533e-01,0.000000000000000000e+00,0.000000000000000000e+00,1.086220552329600353e-02,0.000000000000000000e+00,0.000000000000000000e+00,0.000000000000000000e+00,1.664967589166503614e-02,0.000000000000000000e+00,0.000000000000000000e+00,0.000000000000000000e+00,0.000000000000000000e+00,1.348815946254206533e-01,0.000000000000000000e+00,2.486859343211704140e-02,1.581625561722349582e-02,0.000000000000000000e+00,0.000000000000000000e+00,5.287708607362931468e-02,0.000000000000000000e+00,1.957474208966664478e-02,0.000000000000000000e+00,0.000000000000000000e+00,1.220390796604629846e-02,3.576127900405780269e-02,0.000000000000000000e+00,2.884640685550089387e-02,0.000000000000000000e+00,5.974317040571483495e-03,1.985246485008781980e-02,4.547199653970197819e-02,0.000000000000000000e+00,1.135095251798532295e-01,0.000000000000000000e+00,1.127416171582016659e-02,7.576509058246658213e-02,1.585626093127866787e-01,2.280045637409112980e-01,0.000000000000000000e+00,0.000000000000000000e+00,0.000000000000000000e+00,4.087944746209399433e-02,1.312618339496225695e-02,7.087327737256121640e-02,0.000000000000000000e+00,0.000000000000000000e+00,6.554267139725269975e-02,0.000000000000000000e+00,9.578871229499863471e-02,1.714314602051167369e-01,0.000000000000000000e+00,3.476228513658229796e-02,0.000000000000000000e+00,5.177303329191938752e-02,0.000000000000000000e+00,3.478235446321976954e-02,1.227101983798145474e-01,0.000000000000000000e+00,7.707817011883659475e-02,1.140705810546669211e-02,1.325290952740727432e-02,0.000000000000000000e+00,0.000000000000000000e+00,0.000000000000000000e+00,0.000000000000000000e+00,1.523896755693717187e-01,0.000000000000000000e+00,0.000000000000000000e+00,0.000000000000000000e+00,1.523896755693717187e-01,0.000000000000000000e+00,0.000000000000000000e+00,5.594066102321930412e-02,0.000000000000000000e+00,8.292951254836009034e-02,1.561571577141482592e-01,0.000000000000000000e+00,0.000000000000000000e+00,9.451551819240580632e-02,0.000000000000000000e+00,1.019888342538294301e-01,0.000000000000000000e+00,0.000000000000000000e+00
0.000000000000000000e+00,1.124577785080599635e-01,0.000000000000000000e+00,0.000000000000000000e+00,0.000000000000000000e+00,5.179493080881654443e-02,0.000000000000000000e+00,1.226436942470736369e-01,0.000000000000000000e+00,2.567592653396090496e-02,0.000000000000000000e+00,1.866842253468870699e-02,0.000000000000000000e+00,0.000000000000000000e+00,0.000000000000000000e+00,2.624865846448146134e-02,0.000000000000000000e+00,0.000000000000000000e+00,7.197349977223953255e-03,0.000000000000000000e+00,4.407034312910385748e-02,5.655726644330896780e-02,7.271708260857734363e-02,4.162802417681578382e-02,1.257704790335431033e-01,5.723875456334653195e-02,6.891786697782232608e-03,0.000000000000000000e+00,0.000000000000000000e+00,0.000000000000000000e+00,7.197349977223953255e-03,0.000000000000000000e+00,0.000000000000000000e+00,1.498190459724336315e-02,0.000000000000000000e+00,5.647318294765296676e-02,0.000000000000000000e+00,0.000000000000000000e+00,7.226810412251799542e-02,9.425135312922186537e-02,0.000000000000000000e+00,2.531867696258175982e-01,1.374680772200714551e-01,4.625680919950468650e-02,0.000000000000000000e+00,2.682236546716290637e-02,0.000000000000000000e+00,0.000000000000000000e+00,1.051906612305797406e-01,0.000000000000000000e+00,5.772039228910614411e-02,0.000000000000000000e+00,0.000000000000000000e+00,0.000000000000000000e+00,0.000000000000000000e+00,0.000000000000000000e+00,0.000000000000000000e+00,0.000000000000000000e+00,4.031819886355765548e-02,7.401325610416785439e-02,2.627229130049099637e-02,0.000000000000000000e+00,0.000000000000000000e+00,9.460347413727746013e-02,1.850880845492936244e-01,1.360024751923965824e-01,0.000000000000000000e+00,0.000000000000000000e+00,0.000000000000000000e+00,5.364876354770689582e-02,0.000000000000000000e+00,0.000000000000000000e+00,0.000000000000000000e+00,1.575562172905052225e-02,9.165786451221906439e-02,5.183977394894648261e-02,1.033037573062510761e-01,1.334569407220801696e-01,1.650375944524142859e-03,0.000000000000000000e+00,1.193034405369521461e-01,8.990214290969553157e-02,0.000000000000000000e+00,5.036422855586311642e-02,9.731332650934002015e-02,0.000000000000000000e+00,0.000000000000000000e+00,9.731332650934002015e-02,0.000000000000000000e+00,0.000000000000000000e+00,2.490643365447461205e-02,7.155513680275957245e-02,3.554026635385055394e-02,0.000000000000000000e+00,0.000000000000000000e+00,0.000000000000000000e+00,0.000000000000000000e+00,0.000000000000000000e+00,1.795021797546834941e-01,8.747788427115192611e-02
0.000000000000000000e+00,1.009157054242819929e-01,0.000000000000000000e+00,0.000000000000000000e+00,0.000000000000000000e+00,0.000000000000000000e+00,6.650493167305515652e-02,4.378602472201967299e-03,0.000000000000000000e+00,0.000000000000000000e+00,1.337689375268782434e-02,4.955668739122370825e-02,0.000000000000000000e+00,0.000000000000000000e+00,7.715773638759113040e-02,0.000000000000000000e+00,0.000000000000000000e+00,2.448948822142140228e-02,8.929890684853197813e-02,2.906904366051724781e-02,8.157727959075707774e-03,1.280612822182932709e-01,1.115816343626155199e-01,0.000000000000000000e+00,5.445432363267215664e-02,0.000000000000000000e+00,0.000000000000000000e+00,0.000000000000000000e+00,0.000000000000000000e+00,2.448948822142140228e-02,8.929890684853197813e-02,8.712810470056259193e-02,0.000000000000000000e+00,1.370933900378019654e-01,0.000000000000000000e+00,1.495563475696452989e-02,0.000000000000000000e+00,2.716357164225827875e-02,1.247317351826636167e-01,1.436389826495544364e-01,0.000000000000000000e+00,2.274477318340832888e-01,2.633676122877875309e-02,0.000000000000000000e+00,2.176112140796399030e-01,0.000000000000000000e+00,0.000000000000000000e+00,1.967414887691144171e-02,6.946529509468526986e-02,1.115530825982377350e-01,1.266208767086476200e-02,0.000000000000000000e+00,6.444094505568070952e-02,0.000000000000000000e+00,9.793228270764489651e-02,1.333260419239399863e-01,1.220265117503616936e-01,0.000000000000000000e+00,0.000000000000000000e+00,1.959683276896098669e-02,1.162409009317820346e-01,6.554267139725269975e-02,9.460347413727746013e-02,0.000000000000000000e+00,9.285227859092357039e-02,0.000000000000000000e+00,0.000000000000000000e+00,0.000000000000000000e+00,0.000000000000000000e+00,0.000000000000000000e+00,0.000000000000000000e+00,0.000000000000000000e+00,1.939932585944990073e-01,0.000000000000000000e+00,0.000000000000000000e+00,0.000000000000000000e+00,0.000000000000000000e+00,0.000000000000000000e+00,9.159362182088950921e-02,4.728567465474285691e-02,0.000000000000000000e+00,0.000000000000000000e+00,9.976741078754175485e-02,0.000000000000000000e+00,0.000000000000000000e+00,2.478937366780628593e-02,9.976741078754175485e-02,0.000000000000000000e+00,0.000000000000000000e+00,8.691816554659595809e-03,0.000000000000000000e+00,0.000000000000000000e+00,0.000000000000000000e+00,0.000000000000000000e+00,3.241443361910802123e-02,1.568510673204935937e-02,0.000000000000000000e+00,5.967706034153759387e-02,2.377904766965191138e-02,0.000000000000000000e+00
1.933331691422530141e-01,0.000000000000000000e+00,0.000000000000000000e+00,9.176496395207098256e-02,0.000000000000000000e+00,0.000000000000000000e+00,0.000000000000000000e+00,1.782490873337689852e-01,0.000000000000000000e+00,1.056318316744939284e-01,0.000000000000000000e+00,1.630265516892059618e-01,0.000000000000000000e+00,6.361546246435326180e-02,0.000000000000000000e+00,0.000000000000000000e+00,0.000000000000000000e+00,0.000000000000000000e+00,0.000000000000000000e+00,5.787688918150243889e-02,9.505091756997480212e-02,0.000000000000000000e+00,1.980885397941861137e-01,7.715429134805495970e-03,6.483012772681697941e-03,4.325121644474620719e-02,0.000000000000000000e+00,0.000000000000000000e+00,0.000000000000000000e+00,0.000000000000000000e+00,0.000000000000000000e+00,0.000000000000000000e+00,2.397458140589850406e-02,5.688647922858075523e-02,0.000000000000000000e+00,7.536969240077823207e-02,0.000000000000000000e+00,3.510797297158744779e-01,0.000000000000000000e+00,1.728188010932967811e-01,1.619980184733624262e-01,1.842227091798752103e-01,0.000000000000000000e+00,1.066471147548886528e-01,0.000000000000000000e+00,0.000000000000000000e+00,0.000000000000000000e+00,1.013621937765431941e-01,4.406017585787230795e-02,0.000000000000000000e+00,6.133717421712674839e-02,0.000000000000000000e+00,2.388377193101028778e-02,7.487384288634242602e-02,0.000000000000000000e+00,1.087935445398577616e-01,8.739939712718661213e-02,0.000000000000000000e+00,9.698174101703824559e-03,1.121148749657006546e-02,4.550070635907961514e-02,0.000000000000000000e+00,1.850880845492936244e-01,9.285227859092357039e-02,0.000000000000000000e+00,7.035363666868828247e-02,0.000000000000000000e+00,1.145382912255648450e-01,0.000000000000000000e+00,0.000000000000000000e+00,0.000000000000000000e+00,0.000000000000000000e+00,0.000000000000000000e+00,0.000000000000000000e+00,0.000000000000000000e+00,0.000000000000000000e+00,4.974930899897837822e-02,0.000000000000000000e+00,8.472833606640683968e-02,1.509198545105587368e-02,1.008850485479416415e-01,7.317355621499680276e-04,0.000000000000000000e+00,1.683954598998321228e-01,6.526837976931423868e-02,2.768250337645979456e-02,0.000000000000000000e+00,6.526837976931423868e-02,2.269309912093286918e-02,0.000000000000000000e+00,1.179510442320986507e-01,5.481171367930212646e-02,1.506062475609721563e-01,0.000000000000000000e+00,0.000000000000000000e+00,0.000000000000000000e+00,2.346968613897535555e-02,0.000000000000000000e+00,1.191014457914958968e-01,0.000000000000000000e+00
1.131697434394456220e-01,2.808210164792825786e-02,5.159857950993216452e-02,2.470810249420216792e-02,0.000000000000000000e+00,7.677713321131987567e-02,2.479985646806649041e-02,0.000000000000000000e+00,0.000000000000000000e+00,2.192493975447354707e-02,0.000000000000000000e+00,6.625998741858879493e-02,0.000000000000000000e+00,0.000000000000000000e+00,0.000000000000000000e+00,1.027022101006314636e-01,0.000000000000000000e+00,5.787053552027100756e-02,0.000000000000000000e+00,1.548658906136922940e-03,1.313332692637893540e-01,1.796190420698241252e-01,4.528995716550447692e-02,1.264956693935409826e-01,1.020062699978835710e-02,9.900212509610059608e-02,0.000000000000000000e+00,0.000000000000000000e+00,6.104825860512438918e-02,5.787053552027100756e-02,0.000000000000000000e+00,0.000000000000000000e+00,3.494094052995020544e-02,4.696289185723134807e-02,0.000000000000000000e+00,0.000000000000000000e+00,1.022285601388730480e-01,5.518333469822508941e-02,2.364534431066527276e-01,0.000000000000000000e+00,5.887758843498641648e-02,0.000000000000000000e+00,1.117011547473874267e-01,0.000000000000000000e+00,0.000000000000000000e+00,0.000000000000000000e+00,0.000000000000000000e+00,1.037253454567260702e-01,1.391169972649543840e-01,0.000000000000000000e+00,0.000000000000000000e+00,0.000000000000000000e+00,2.022943540669657481e-01,5.141653184158950785e-02,5.177160311185148925e-03,0.000000000000000000e+00,9.583263563161575904e-02,0.000000000000000000e+00,2.851387751393696240e-02,0.000000000000000000e+00,0.000000000000000000e+00,9.578871229499863471e-02,1.360024751923965824e-01,0.000000000000000000e+00,7.035363666868828247e-02,0.000000000000000000e+00,0.000000000000000000e+00,2.475864470569689446e-01,0.000000000000000000e+00,0.000000000000000000e+00,2.287460039533115511e-02,0.000000000000000000e+00,0.000000000000000000e+00,0.000000000000000000e+00,7.978340982099049739e-02,4.795664121685246084e-02,0.000000000000000000e+00,0.000000000000000000e+00,4.983289805467167044e-02,0.000000000000000000e+00,1.533966083574881930e-03,3.582003983355290522e-02,0.000000000000000000e+00,1.185168821358568991e-01,9.589741811060392696e-02,0.000000000000000000e+00,0.000000000000000000e+00,9.589741811060392696e-02,0.000000000000000000e+00,4.413060121253620932e-02,0.000000000000000000e+00,2.542515742129996398e-02,0.000000000000000000e+00,0.000000000000000000e+00,8.745024299636877663e-02,0.000000000000000000e+00,0.000000000000000000e+00,0.000000000000000000e+00,0.000000000000000000e+00,7.519509292458875782e-02
0.000000000000000000e+00,0.000000000000000000e+00,0.000000000000000000e+00,1.000276556645368076e-01,1.050087212073608223e-01,5.143594600446766557e-02,3.544492868195228685e-02,0.000000000000000000e+00,0.000000000000000000e+00,4.070195596123128701e-02,6.233096840687820522e-02,2.540800378723962957e-03,0.000000000000000000e+00,1.264934953550344576e-01,0.000000000000000000e+00,0.000000000000000000e+00,0.000000000000000000e+00,1.137446332680428218e-01,3.455913025518477649e-02,0.000000000000000000e+00,0.000000000000000000e+00,0.000000000000000000e+00,4.367332457709671711e-02,1.311574206935425466e-02,4.696647157955466390e-02,0.000000000000000000e+00,3.918600023349150252e-02,0.000000000000000000e+00,0.000000000000000000e+00,1.137446332680428218e-01,3.455913025518477649e-02,6.015180791941511507e-02,0.000000000000000000e+00,5.725659221298506213e-02,0.000000000000000000e+00,0.000000000000000000e+00,0.000000000000000000e+00,1.255540421227053227e-01,0.000000000000000000e+00,0.000000000000000000e+00,6.929131204359864626e-02,4.951395316440041633e-03,0.000000000000000000e+00,2.518581052716808294e-02,0.000000000000000000e+00,0.000000000000000000e+00,0.000000000000000000e+00,0.000000000000000000e+00,0.000000000000000000e+00,1.492744627603135033e-01,0.000000000000000000e+00,3.419484060267573289e-02,0.000000000000000000e+00,1.766787953498911712e-01,1.087766605885805149e-01,6.206254154929566336e-02,0.000000000000000000e+00,0.000000000000000000e+00,6.922997384569390400e-02,8.517335009626970238e-03,0.000000000000000000e+00,1.714314602051167369e-01,0.000000000000000000e+00,0.000000000000000000e+00,0.000000000000000000e+00,0.000000000000000000e+00,0.000000000000000000e+00,0.000000000000000000e+00,1.982040599780525991e-01,0.000000000000000000e+00,4.365651782441951068e-02,5.087586870288489382e-02,8.342585633482291207e-02,0.000000000000000000e+00,0.000000000000000000e+00,1.851291980646240648e-02,4.571319241286361801e-02,0.000000000000000000e+00,3.029362588710849541e-02,2.397520408000527667e-03,0.000000000000000000e+00,0.000000000000000000e+00,1.376579053080561055e-01,0.000000000000000000e+00,4.885752194172034157e-02,4.675622498849688058e-02,1.376579053080561055e-01,4.885752194172034157e-02,0.000000000000000000e+00,1.992556717016959744e-01,0.000000000000000000e+00,1.583081691831580984e-01,0.000000000000000000e+00,0.000000000000000000e+00,0.000000000000000000e+00,1.967661857543220039e-01,1.205247805022501006e-01,7.697975463030140575e-02,0.000000000000000000e+00,0.000000000000000000e+00
2.703262839469889323e-01,0.000000000000000000e+00,2.269924066651888284e-01,2.170547296111761948e-01,0.000000000000000000e+00,0.000000000000000000e+00,0.000000000000000000e+00,0.000000000000000000e+00,1.583109523423810172e-01,1.989567874349426613e-01,0.000000000000000000e+00,0.000000000000000000e+00,0.000000000000000000e+00,0.000000000000000000e+00,0.000000000000000000e+00,1.266390683474354351e-01,3.731802860562382501e-02,0.000000000000000000e+00,0.000000000000000000e+00,1.262181301130112232e-01,6.642169933321709699e-03,1.642754114519228148e-01,1.353119887142111843e-01,2.208331031893306928e-02,3.112276188689164919e-02,4.926215657141122528e-02,2.193365527570282913e-01,0.000000000000000000e+00,5.094015151680589965e-02,0.000000000000000000e+00,0.000000000000000000e+00,0.000000000000000000e+00,3.227646524964998542e-02,1.503344229736893467e-01,1.187051971799960581e-01,0.000000000000000000e+00,2.610883053378405816e-02,1.602771428490129546e-01,0.000000000000000000e+00,1.471963471303369686e-01,0.000000000000000000e+00,0.000000000000000000e+00,0.000000000000000000e+00,0.000000000000000000e+00,0.000000000000000000e+00,0.000000000000000000e+00,2.097979566406298901e-01,1.095490369991830026e-01,0.000000000000000000e+00,5.047954689209743773e-02,0.000000000000000000e+00,0.000000000000000000e+00,1.515739549307322798e-01,4.905384991626980662e-02,0.000000000000000000e+00,0.000000000000000000e+00,1.752478490612608408e-01,3.818157490506524088e-02,2.450205522851405839e-03,0.000000000000000000e+00,0.000000000000000000e+00,0.000000000000000000e+00,0.000000000000000000e+00,0.000000000000000000e+00,1.145382912255648450e-01,2.475864470569689446e-01,0.000000000000000000e+00,0.000000000000000000e+00,7.594225547872179849e-02,7.688187485034013446e-02,1.553221421568285743e-01,0.000000000000000000e+00,0.000000000000000000e+00,0.000000000000000000e+00,0.000000000000000000e+00,2.165812722659410106e-01,0.000000000000000000e+00,0.000000000000000000e+00,2.367329780205731232e-02,0.000000000000000000e+00,0.000000000000000000e+00,1.107070767189004268e-01,5.799251294972188053e-02,0.000000000000000000e+00,0.000000000000000000e+00,0.000000000000000000e+00,5.799251294972188053e-02,0.000000000000000000e+00,0.000000000000000000e+00,9.441720153118308978e-02,1.049848993118061291e-01,0.000000000000000000e+00,0.000000000000000000e+00,0.000000000000000000e+00,0.000000000000000000e+00,1.282617569225356635e-01,0.000000000000000000e+00,1.224796087179732262e-01,0.000000000000000000e+00,2.277512611130864673e-01
0.000000000000000000e+00,7.295730220284021850e-02,1.686568123314315104e-01,0.000000000000000000e+00,4.110664140276726330e-01,0.000000000000000000e+00,0.000000000000000000e+00,0.000000000000000000e+00,1.813604980721998661e-01,0.000000000000000000e+00,0.000000000000000000e+00,0.000000000000000000e+00,0.000000000000000000e+00,0.000000000000000000e+00,0.000000000000000000e+00,0.000000000000000000e+00,0.000000000000000000e+00,3.296660570615076447e-01,1.304354552880769569e-01,0.000000000000000000e+00,0.000000000000000000e+00,2.034957431536147110e-01,0.000000000000000000e+00,0.000000000000000000e+00,1.599722389224728092e-01,0.000000000000000000e+00,0.000000000000000000e+00,0.000000000000000000e+00,0.000000000000000000e+00,3.296660570615076447e-01,1.304354552880769569e-01,1.226200135483845877e-01,0.000000000000000000e+00,3.839444913679539439e-01,1.067590327120643834e-01,1.484736285064279793e-01,0.000000000000000000e+00,1.181117478439144830e-01,0.000000000000000000e+00,1.531485217226742634e-02,1.229973797094254806e-01,0.000000000000000000e+00,0.000000000000000000e+00,5.214473422632315280e-02,9.939976916231485493e-02,0.000000000000000000e+00,1.890386977713218175e-01,0.000000000000000000e+00,0.000000000000000000e+00,2.626101013201115331e-01,1.614920357049269561e-02,0.000000000000000000e+00,0.000000000000000000e+00,1.405575856938202362e-01,1.449084638762930255e-01,0.000000000000000000e+00,6.524103557597370207e-02,0.000000000000000000e+00,0.000000000000000000e+00,0.000000000000000000e+00,1.589925384384566764e-01,3.476228513658229796e-02,0.000000000000000000e+00,0.000000000000000000e+00,0.000000000000000000e+00,0.000000000000000000e+00,1.982040599780525991e-01,7.594225547872179849e-02,0.000000000000000000e+00,5.424374356987364532e-02,6.824529685429875370e-03,5.706950952608819128e-02,1.328356263489605671e-01,0.000000000000000000e+00,0.000000000000000000e+00,0.000000000000000000e+00,2.302384301162925806e-01,0.000000000000000000e+00,6.629619793660576632e-02,0.000000000000000000e+00,0.000000000000000000e+00,0.000000000000000000e+00,4.043706319274400357e-02,2.500745231795243467e-02,0.000000000000000000e+00,0.000000000000000000e+00,4.043706319274400357e-02,0.000000000000000000e+00,0.000000000000000000e+00,0.000000000000000000e+00,1.275591804453988891e-02,8.146782259081786215e-02,0.000000000000000000e+00,0.000000000000000000e+00,3.911293274876505299e-02,0.000000000000000000e+00,0.000000000000000000e+00,0.000000000000000000e+00,3.946575357419605107e-02,2.457816171864057528e-02
0.000000000000000000e+00,2.362104752737120283e-01,4.265156052496692912e-02,5.547702439832717658e-02,1.075903972177529033e-01,1.116146749662755150e-01,2.814962670576511283e-01,1.411582366441703484e-01,1.869582061347439539e-01,3.437099378761639124e-02,1.300304455281084404e-01,0.000000000000000000e+00,1.103224774892195073e-02,0.000000000000000000e+00,1.826099640785621148e-01,0.000000000000000000e+00,0.000000000000000000e+00,0.000000000000000000e+00,1.687623856582197157e-01,9.050734069100332957e-02,0.000000000000000000e+00,0.000000000000000000e+00,0.000000000000000000e+00,0.000000000000000000e+00,1.316874190734270700e-01,0.000000000000000000e+00,1.509161082598348136e-01,0.000000000000000000e+00,5.483564187019852182e-02,0.000000000000000000e+00,1.687623856582197157e-01,5.806990210211052106e-02,0.000000000000000000e+00,4.483512274807836470e-03,4.424873157907446147e-02,0.000000000000000000e+00,0.000000000000000000e+00,0.000000000000000000e+00,0.000000000000000000e+00,2.567754272737284849e-01,0.000000000000000000e+00,1.152833974833978314e-01,0.000000000000000000e+00,1.466355524151663481e-01,3.450162381077698237e-01,1.572659025245939923e-02,1.920976282906316501e-01,6.444996288771745463e-02,3.882614321763210724e-02,0.000000000000000000e+00,1.596931667829975532e-01,7.278253061851117089e-02,0.000000000000000000e+00,0.000000000000000000e+00,0.000000000000000000e+00,0.000000000000000000e+00,0.000000000000000000e+00,2.320786437998869842e-02,1.961476883479581698e-02,6.446776184926583664e-02,2.410685430154566045e-01,0.000000000000000000e+00,5.364876354770689582e-02,0.000000000000000000e+00,0.000000000000000000e+00,0.000000000000000000e+00,0.000000000000000000e+00,7.688187485034013446e-02,5.424374356987364532e-02,0.000000000000000000e+00,4.334867519601387498e-02,6.153172332678745471e-02,2.263383215647628566e-01,0.000000000000000000e+00,7.304584585423623544e-02,0.000000000000000000e+00,0.000000000000000000e+00,1.737366604491124567e-01,1.255480131215496453e-01,0.000000000000000000e+00,0.000000000000000000e+00,0.000000000000000000e+00,0.000000000000000000e+00,5.817106030630819768e-02,0.000000000000000000e+00,0.000000000000000000e+00,0.000000000000000000e+00,0.000000000000000000e+00,0.000000000000000000e+00,0.000000000000000000e+00,0.000000000000000000e+00,0.000000000000000000e+00,0.000000000000000000e+00,0.000000000000000000e+00,0.000000000000000000e+00,0.000000000000000000e+00,9.569601452442282052e-03,5.365047437343371806e-02,0.000000000000000000e+00,0.000000000000000000e+00
1.112855909765936013e-01,0.000000000000000000e+00,3.809290252739866434e-01,6.290804275359505697e-03,1.382530572058472684e-01,1.067890888980608903e-03,0.000000000000000000e+00,1.323028013950905066e-02,3.554333186489720964e-01,2.029900014575411471e-01,0.000000000000000000e+00,4.597443395092271068e-02,0.000000000000000000e+00,0.000000000000000000e+00,6.369394322294009980e-02,0.000000000000000000e+00,2.964732186967684591e-01,0.000000000000000000e+00,0.000000000000000000e+00,0.000000000000000000e+00,0.000000000000000000e+00,0.000000000000000000e+00,0.000000000000000000e+00,3.892465189482266497e-02,0.000000000000000000e+00,1.146828431009934840e-01,1.527103816651064760e-01,1.918958737051886312e-02,5.129660435863474255e-02,0.000000000000000000e+00,0.000000000000000000e+00,0.000000000000000000e+00,7.440042555881672126e-02,0.000000000000000000e+00,6.395638996848622415e-02,8.736744088661405061e-02,7.473018247995813490e-02,0.000000000000000000e+00,0.000000000000000000e+00,0.000000000000000000e+00,1.007773883014536354e-01,0.000000000000000000e+00,0.000000000000000000e+00,0.000000000000000000e+00,0.000000000000000000e+00,1.366600527490337003e-01,2.474766469205300634e-01,0.000000000000000000e+00,0.000000000000000000e+00,0.000000000000000000e+00,2.054628488931733304e-02,1.810196352645170731e-02,6.904836214901363678e-02,1.314223525744596943e-01,0.000000000000000000e+00,0.000000000000000000e+00,7.546706278710587842e-03,8.012270919603677044e-02,0.000000000000000000e+00,0.000000000000000000e+00,0.000000000000000000e+00,5.177303329191938752e-02,0.000000000000000000e+00,0.000000000000000000e+00,0.000000000000000000e+00,2.287460039533115511e-02,4.365651782441951068e-02,1.553221421568285743e-01,6.824529685429875370e-03,4.334867519601387498e-02,0.000000000000000000e+00,1.119232554774690497e-01,0.000000000000000000e+00,7.995239118460184535e-02,2.435954397523336645e-01,0.000000000000000000e+00,0.000000000000000000e+00,0.000000000000000000e+00,0.000000000000000000e+00,0.000000000000000000e+00,1.154781991111156481e-01,1.610309056451287302e-01,0.000000000000000000e+00,0.000000000000000000e+00,9.732945098245424087e-02,0.000000000000000000e+00,0.000000000000000000e+00,9.732945098245424087e-02,5.197317734735628150e-03,1.478000161712629545e-01,3.474225068500911423e-02,6.902110476486830737e-02,5.524080230179703732e-02,3.645555952245060904e-02,1.792536403236353465e-02,1.107642284946204897e-01,0.000000000000000000e+00,0.000000000000000000e+00,0.000000000000000000e+00,0.000000000000000000e+00
0.000000000000000000e+00,9.398398489875581241e-02,2.374769538654873391e-01,0.000000000000000000e+00,0.000000000000000000e+00,1.079104387902654963e-02,1.314880819688447888e-02,0.000000000000000000e+00,2.717402730957457768e-01,0.000000000000000000e+00,5.044866727939464890e-02,0.000000000000000000e+00,2.819476243200961241e-01,7.830727457593698176e-03,7.626794133517365848e-02,0.000000000000000000e+00,1.065663958239160547e-01,1.612116835276787841e-01,1.470519332207767260e-01,5.083513030478318401e-02,5.823834470463067070e-02,2.745002423205864656e-02,0.000000000000000000e+00,4.268831393414483644e-02,1.626945295867145841e-02,0.000000000000000000e+00,0.000000000000000000e+00,2.487064743205920359e-02,1.066849598341568922e-01,1.612116835276787841e-01,1.470519332207767260e-01,2.153324150030712092e-01,0.000000000000000000e+00,0.000000000000000000e+00,3.000744999820290637e-01,2.723865425938145832e-02,3.504180004266319592e-01,0.000000000000000000e+00,1.610738115868055875e-01,0.000000000000000000e+00,0.000000000000000000e+00,0.000000000000000000e+00,0.000000000000000000e+00,0.000000000000000000e+00,2.143532714688867191e-01,1.943962915405095804e-01,1.250960253210224027e-01,0.000000000000000000e+00,0.000000000000000000e+00,0.000000000000000000e+00,1.315826042874861275e-02,6.993703298287215486e-02,0.000000000000000000e+00,0.000000000000000000e+00,9.023254222454234197e-02,0.000000000000000000e+00,0.000000000000000000e+00,1.826668865881780901e-01,3.930135588186374485e-02,3.665681350676833206e-02,0.000000000000000000e+00,0.000000000000000000e+00,0.000000000000000000e+00,0.000000000000000000e+00,0.000000000000000000e+00,0.000000000000000000e+00,5.087586870288489382e-02,0.000000000000000000e+00,5.706950952608819128e-02,6.153172332678745471e-02,1.119232554774690497e-01,0.000000000000000000e+00,8.419514165520555760e-02,1.092987425927646611e-01,1.206769460972796915e-01,1.668582454117143454e-01,2.394735971382334211e-02,0.000000000000000000e+00,0.000000000000000000e+00,5.741444680330701558e-03,0.000000000000000000e+00,0.000000000000000000e+00,1.417750880163390070e-01,0.000000000000000000e+00,0.000000000000000000e+00,0.000000000000000000e+00,1.417750880163390070e-01,0.000000000000000000e+00,1.249458327926245699e-01,3.068711042596610275e-02,0.000000000000000000e+00,4.257952355429064917e-02,0.000000000000000000e+00,1.052182548961319991e-01,1.895342159213133093e-01,6.000321171499840844e-02,2.865998983930079149e-03,1.647423821200867389e-01,0.000000000000000000e+00,0.000000000000000000e+00
0.000000000000000000e+00,5.058028502484741840e-02,1.882586276196668990e-02,0.000000000000000000e+00,1.178751203704065664e-01,0.000000000000000000e+00,0.000000000000000000e+00,0.000000000000000000e+00,4.679668925415285397e-02,0.000000000000000000e+00,0.000000000000000000e+00,0.000000000000000000e+00,8.025762114011888992e-02,4.083368507620004778e-02,9.418227610435032926e-02,0.000000000000000000e+00,0.000000000000000000e+00,1.206611743602989673e-01,3.161341792232541525e-02,0.000000000000000000e+00,0.000000000000000000e+00,0.000000000000000000e+00,0.000000000000000000e+00,0.000000000000000000e+00,0.000000000000000000e+00,0.000000000000000000e+00,1.932742192483344335e-01,0.000000000000000000e+00,3.375531437277332764e-02,1.206611743602989673e-01,3.161341792232541525e-02,1.493687861167362352e-01,0.000000000000000000e+00,5.791037204077222750e-03,0.000000000000000000e+00,2.542384042402724958e-03,0.000000000000000000e+00,2.796978533412197709e-02,0.000000000000000000e+00,6.226385892360113139e-02,0.000000000000000000e+00,0.000000000000000000e+00,0.000000000000000000e+00,1.583149416777497043e-01,8.990749316845450534e-02,1.863196590328583535e-02,8.178811965862392563e-02,1.736593808906175540e-02,0.000000000000000000e+00,1.047803904706269829e-01,0.000000000000000000e+00,3.071367577436200785e-02,0.000000000000000000e+00,3.970921113340682845e-03,1.283175715409914097e-01,0.000000000000000000e+00,0.000000000000000000e+00,1.052710128822601995e-02,1.604403947743338055e-01,0.000000000000000000e+00,1.273466593977584660e-01,3.478235446321976954e-02,0.000000000000000000e+00,1.939932585944990073e-01,0.000000000000000000e+00,0.000000000000000000e+00,8.342585633482291207e-02,0.000000000000000000e+00,1.328356263489605671e-01,2.263383215647628566e-01,0.000000000000000000e+00,8.419514165520555760e-02,0.000000000000000000e+00,4.496992222555031005e-02,0.000000000000000000e+00,0.000000000000000000e+00,0.000000000000000000e+00,2.213175045421145459e-01,2.844294313268679320e-01,5.309515032936630574e-02,0.000000000000000000e+00,0.000000000000000000e+00,2.146826476013034835e-01,0.000000000000000000e+00,0.000000000000000000e+00,5.511688048639514642e-02,2.146826476013034835e-01,0.000000000000000000e+00,5.978048325508747429e-02,1.482815635048909675e-01,0.000000000000000000e+00,1.089704222856945418e-02,0.000000000000000000e+00,4.096323743133389872e-02,4.771431296715686332e-02,1.528624514112173205e-01,1.257682432271017142e-02,7.076529401291774268e-02,0.000000000000000000e+00,3.758961348953290121e-02
1.006867260763110034e-01,0.000000000000000000e+00,0.000000000000000000e+00,0.000000000000000000e+00,0.000000000000000000e+00,0.000000000000000000e+00,3.050806751049809501e-02,1.045078327188984357e-01,0.000000000000000000e+00,0.000000000000000000e+00,0.000000000000000000e+00,0.000000000000000000e+00,3.307357373432050496e-01,0.000000000000000000e+00,1.497739018414013246e-01,3.732881080166604304e-02,0.000000000000000000e+00,0.000000000000000000e+00,7.325128158403160228e-02,0.000000000000000000e+00,1.905817614665619719e-01,0.000000000000000000e+00,0.000000000000000000e+00,0.000000000000000000e+00,0.000000000000000000e+00,6.107705781224298525e-02,0.000000000000000000e+00,1.453058869574765932e-01,0.000000000000000000e+00,0.000000000000000000e+00,7.325128158403160228e-02,1.196139546690031530e-01,2.058884490488562674e-02,0.000000000000000000e+00,1.441843007877176563e-01,0.000000000000000000e+00,1.735499707752041765e-02,0.000000000000000000e+00,0.000000000000000000e+00,0.000000000000000000e+00,0.000000000000000000e+00,0.000000000000000000e+00,2.327271129247928672e-01,1.230423225905307172e-01,0.000000000000000000e+00,9.160913256313404918e-02,0.000000000000000000e+00,0.000000000000000000e+00,0.000000000000000000e+00,1.306216999277453883e-01,0.000000000000000000e+00,1.622571674875998293e-01,0.000000000000000000e+00,3.529060527309476475e-02,0.000000000000000000e+00,0.000000000000000000e+00,0.000000000000000000e+00,8.082237371175196583e-02,8.139375067745316383e-02,0.000000000000000000e+00,0.000000000000000000e+00,1.227101983798145474e-01,1.575562172905052225e-02,0.000000000000000000e+00,0.000000000000000000e+00,0.000000000000000000e+00,0.000000000000000000e+00,0.000000000000000000e+00,0.000000000000000000e+00,0.000000000000000000e+00,7.995239118460184535e-02,1.092987425927646611e-01,4.496992222555031005e-02,0.000000000000000000e+00,6.617235673689836339e-02,1.041007557198384836e-01,9.914946672560237539e-02,0.000000000000000000e+00,0.000000000000000000e+00,1.191210220207456101e-02,1.417482481863810984e-01,0.000000000000000000e+00,9.913411132216384813e-02,0.000000000000000000e+00,0.000000000000000000e+00,0.000000000000000000e+00,9.913411132216384813e-02,0.000000000000000000e+00,0.000000000000000000e+00,1.073976164893697127e-01,9.482318475658850498e-02,5.564208928971483420e-02,1.582046647627349811e-02,0.000000000000000000e+00,0.000000000000000000e+00,1.236187699345668300e-01,1.607186518635207173e-01,7.650068094021172938e-02,0.000000000000000000e+00,0.000000000000000000e+00
1.180274599967442023e-01,6.574065809841127261e-02,2.618388493722384469e-01,1.035027741330001583e-01,0.000000000000000000e+00,2.099562832554130731e-01,0.000000000000000000e+00,1.754469061489790926e-01,2.852810394174124520e-01,3.034719596881505499e-01,1.928269061129544437e-01,1.173199083244595708e-01,0.000000000000000000e+00,2.270318745269534269e-02,2.095010080210708558e-01,0.000000000000000000e+00,2.947045807914887572e-01,0.000000000000000000e+00,5.528872380810699594e-03,3.575276596630441728e-02,1.273283870061664436e-01,0.000000000000000000e+00,0.000000000000000000e+00,7.481044759439599290e-02,0.000000000000000000e+00,2.569591630869031973e-01,6.540995541575482519e-02,0.000000000000000000e+00,0.000000000000000000e+00,0.000000000000000000e+00,5.528872380810699594e-03,0.000000000000000000e+00,5.035412954637111943e-02,0.000000000000000000e+00,8.691303693396780494e-02,3.640584419569257296e-02,2.720932503092499122e-01,0.000000000000000000e+00,1.930068132869559305e-01,0.000000000000000000e+00,3.481492257432224069e-02,1.360541006255107099e-01,3.243326295217899974e-02,6.283786907855339054e-02,3.175038184063942032e-02,2.289136233477101212e-01,2.121195695193335284e-01,2.607486882070017206e-02,1.870138411112501065e-01,0.000000000000000000e+00,0.000000000000000000e+00,1.066206012311503304e-01,1.251169707821998545e-01,0.000000000000000000e+00,0.000000000000000000e+00,2.572969949549661593e-03,0.000000000000000000e+00,1.526673507974710131e-01,8.537758824343977260e-02,0.000000000000000000e+00,0.000000000000000000e+00,0.000000000000000000e+00,9.165786451221906439e-02,0.000000000000000000e+00,0.000000000000000000e+00,7.978340982099049739e-02,0.000000000000000000e+00,0.000000000000000000e+00,0.000000000000000000e+00,7.304584585423623544e-02,2.435954397523336645e-01,1.206769460972796915e-01,0.000000000000000000e+00,6.617235673689836339e-02,0.000000000000000000e+00,9.007960973749756795e-03,0.000000000000000000e+00,1.351247419133140837e-01,0.000000000000000000e+00,3.242364771672662238e-02,0.000000000000000000e+00,4.337820281715205895e-03,0.000000000000000000e+00,0.000000000000000000e+00,1.786818560035447478e-01,2.574846876506311361e-02,0.000000000000000000e+00,1.786818560035447478e-01,1.321177992038379267e-01,2.015349688542833473e-02,0.000000000000000000e+00,4.430779824544149592e-02,7.260038432124893415e-02,1.598199691752759388e-01,2.054871649345908768e-02,0.000000000000000000e+00,9.244533979008492941e-02,0.000000000000000000e+00,0.000000000000000000e+00,0.000000000000000000e+00
1.648542786995069731e-01,2.431692871635614261e-02,3.604412347901100877e-02,6.278647391782798959e-02,0.000000000000000000e+00,0.000000000000000000e+00,0.000000000000000000e+00,8.429346479241178313e-04,0.000000000000000000e+00,6.016594251148481461e-03,0.000000000000000000e+00,0.000000000000000000e+00,1.430059570769279254e-01,7.314779113935848676e-02,3.362098912833717118e-02,3.092352840700358652e-01,1.905391713849478863e-02,1.266438126083102578e-01,0.000000000000000000e+00,4.857900526097324451e-02,1.030393170599160357e-01,6.673522879968390997e-02,0.000000000000000000e+00,0.000000000000000000e+00,1.740842415106109292e-02,0.000000000000000000e+00,0.000000000000000000e+00,0.000000000000000000e+00,0.000000000000000000e+00,1.266438126083102578e-01,0.000000000000000000e+00,2.826508176696016644e-02,0.000000000000000000e+00,7.945143651008358676e-02,1.935557156217339037e-01,8.571936982897396251e-02,9.704774460360912625e-02,0.000000000000000000e+00,8.979308651446550604e-02,0.000000000000000000e+00,0.000000000000000000e+00,1.171925449770076094e-02,0.000000000000000000e+00,0.000000000000000000e+00,0.000000000000000000e+00,0.000000000000000000e+00,2.686339054945805632e-02,1.082503313668092410e-01,0.000000000000000000e+00,5.791757230978859805e-02,0.000000000000000000e+00,1.864468689177489480e-01,1.341292185407154669e-01,0.000000000000000000e+00,0.000000000000000000e+00,0.000000000000000000e+00,0.000000000000000000e+00,1.199073427270909431e-01,1.848223872571501669e-01,4.457187552575864187e-02,0.000000000000000000e+00,7.707817011883659475e-02,5.183977394894648261e-02,0.000000000000000000e+00,0.000000000000000000e+00,4.795664121685246084e-02,1.851291980646240648e-02,2.165812722659410106e-01,0.000000000000000000e+00,0.000000000000000000e+00,0.000000000000000000e+00,1.668582454117143454e-01,0.000000000000000000e+00,1.041007557198384836e-01,9.007960973749756795e-03,0.000000000000000000e+00,9.055194467263968927e-02,0.000000000000000000e+00,1.437878857432424440e-02,7.232573409234772932e-02,1.965549041734981385e-03,5.154959306240976258e-02,0.000000000000000000e+00,4.279750452596399468e-02,1.412813105120941659e-01,5.398133487958609728e-02,0.000000000000000000e+00,1.412813105120941659e-01,7.420463554240031012e-02,0.000000000000000000e+00,0.000000000000000000e+00,1.252654155029138683e-01,1.761160728065251924e-01,1.074721529220919736e-01,0.000000000000000000e+00,0.000000000000000000e+00,1.030481407878828214e-02,3.530367474669967587e-01,0.000000000000000000e+00,0.000000000000000000e+00
9.706694332680029444e-03,5.319151359107441093e-03,0.000000000000000000e+00,0.000000000000000000e+00,1.104095829224573388e-01,0.000000000000000000e+00,0.000000000000000000e+00,0.000000000000000000e+00,0.000000000000000000e+00,0.000000000000000000e+00,0.000000000000000000e+00,0.000000000000000000e+00,0.000000000000000000e+00,0.000000000000000000e+00,4.286604187117181580e-02,5.790546846691106697e-02,0.000000000000000000e+00,2.789542427157758464e-01,8.321930726993846672e-02,0.000000000000000000e+00,1.968503698716735431e-03,0.000000000000000000e+00,0.000000000000000000e+00,9.414652618509919413e-03,1.096097868363365979e-01,0.000000000000000000e+00,2.944649687252528375e-02,0.000000000000000000e+00,0.000000000000000000e+00,2.789542427157758464e-01,8.321930726993846672e-02,6.901486624038176421e-02,6.328806955692248271e-02,1.532114649641333481e-01,2.070995484025049127e-01,0.000000000000000000e+00,0.000000000000000000e+00,6.697651184040757932e-02,0.000000000000000000e+00,0.000000000000000000e+00,0.000000000000000000e+00,0.000000000000000000e+00,0.000000000000000000e+00,9.786107711876679272e-02,0.000000000000000000e+00,0.000000000000000000e+00,0.000000000000000000e+00,0.000000000000000000e+00,0.000000000000000000e+00,5.134516464970062533e-02,2.455154710848790334e-01,0.000000000000000000e+00,0.000000000000000000e+00,0.000000000000000000e+00,5.510303971669432144e-02,9.628605829400777028e-02,0.000000000000000000e+00,3.991424975893184679e-02,0.000000000000000000e+00,1.363594929158421232e-01,0.000000000000000000e+00,1.140705810546669211e-02,1.033037573062510761e-01,0.000000000000000000e+00,4.974930899897837822e-02,0.000000000000000000e+00,4.571319241286361801e-02,0.000000000000000000e+00,2.302384301162925806e-01,0.000000000000000000e+00,0.000000000000000000e+00,2.394735971382334211e-02,0.000000000000000000e+00,9.914946672560237539e-02,0.000000000000000000e+00,9.055194467263968927e-02,0.000000000000000000e+00,0.000000000000000000e+00,3.916983554471066900e-03,0.000000000000000000e+00,0.000000000000000000e+00,1.561061626567855631e-02,0.000000000000000000e+00,0.000000000000000000e+00,0.000000000000000000e+00,0.000000000000000000e+00,0.000000000000000000e+00,0.000000000000000000e+00,0.000000000000000000e+00,0.000000000000000000e+00,9.502553984883126137e-02,0.000000000000000000e+00,0.000000000000000000e+00,0.000000000000000000e+00,3.298235825349847550e-02,0.000000000000000000e+00,2.755207481791937391e-02,1.319897896888663213e-01,1.810851918367869517e-01,9.003705134821438083e-02
0.000000000000000000e+00,9.262952157926507279e-02,0.000000000000000000e+00,1.453125185499901662e-01,5.982572199018561243e-02,1.851957000754682059e-01,0.000000000000000000e+00,1.136201450009744207e-01,1.322639001926740991e-02,2.045390921909789050e-01,2.131596877755642105e-01,7.785620142101787322e-02,3.825041154121143309e-03,0.000000000000000000e+00,1.905395050278968494e-02,0.000000000000000000e+00,0.000000000000000000e+00,0.000000000000000000e+00,1.006506832174706711e-01,0.000000000000000000e+00,0.000000000000000000e+00,7.367111858568764493e-02,3.797562244080479599e-02,0.000000000000000000e+00,7.285236094819791397e-02,1.004924949771837800e-01,8.576549946465183982e-02,1.589164556693763719e-01,0.000000000000000000e+00,0.000000000000000000e+00,1.006506832174706711e-01,1.221407629778894360e-01,0.000000000000000000e+00,0.000000000000000000e+00,0.000000000000000000e+00,6.745666204809008804e-02,0.000000000000000000e+00,0.000000000000000000e+00,0.000000000000000000e+00,1.202521676727770217e-01,0.000000000000000000e+00,1.249769333130319737e-01,1.094438167184754451e-01,1.247295914650627807e-01,6.782796884502262369e-02,8.635124500959798222e-02,1.046058654737297700e-01,1.302981860784238333e-01,1.508089891184270781e-01,0.000000000000000000e+00,9.705563059212510280e-03,3.125461636820588834e-02,0.000000000000000000e+00,2.837584474056155728e-02,0.000000000000000000e+00,9.504485843491016633e-03,0.000000000000000000e+00,0.000000000000000000e+00,1.798119619987784412e-01,1.124856693979067734e-01,0.000000000000000000e+00,1.325290952740727432e-02,1.334569407220801696e-01,0.000000000000000000e+00,0.000000000000000000e+00,0.000000000000000000e+00,0.000000000000000000e+00,0.000000000000000000e+00,0.000000000000000000e+00,1.737366604491124567e-01,0.000000000000000000e+00,0.000000000000000000e+00,2.213175045421145459e-01,0.000000000000000000e+00,1.351247419133140837e-01,0.000000000000000000e+00,0.000000000000000000e+00,0.000000000000000000e+00,1.278199651651769700e-02,0.000000000000000000e+00,0.000000000000000000e+00,0.000000000000000000e+00,7.288643176443301841e-02,0.000000000000000000e+00,8.611108380589116429e-02,0.000000000000000000e+00,7.288643176443301841e-02,8.611108380589116429e-02,0.000000000000000000e+00,1.089010276788096587e-02,0.000000000000000000e+00,3.764769241626580304e-02,0.000000000000000000e+00,0.000000000000000000e+00,0.000000000000000000e+00,8.003782678880431989e-02,6.577803100623713650e-02,0.000000000000000000e+00,0.000000000000000000e+00,8.783404294570153290e-05
8.196682942824589507e-03,1.201810994841067404e-01,0.000000000000000000e+00,0.000000000000000000e+00,0.000000000000000000e+00,0.000000000000000000e+00,1.590195417937716460e-01,4.763933525847188072e-02,0.000000000000000000e+00,0.000000000000000000e+00,0.000000000000000000e+00,0.000000000000000000e+00,0.000000000000000000e+00,1.021281236765907707e-01,7.563528414823553203e-02,1.329953779635526315e-02,0.000000000000000000e+00,3.560700351324860152e-02,1.231269893041743793e-02,0.000000000000000000e+00,0.000000000000000000e+00,0.000000000000000000e+00,9.312341454023433107e-02,0.000000000000000000e+00,0.000000000000000000e+00,0.000000000000000000e+00,1.666922150356515142e-01,0.000000000000000000e+00,3.686088174776900456e-02,3.560700351324860152e-02,1.231269893041743793e-02,8.266612932769112909e-02,9.103550213914882172e-02,5.292338399073838462e-02,8.995011830319524226e-02,0.000000000000000000e+00,0.000000000000000000e+00,6.524851079852658775e-02,0.000000000000000000e+00,8.661584485621930118e-02,8.933305985925472231e-03,7.781258182706368709e-02,0.000000000000000000e+00,1.746265506374090060e-01,1.289680286040307267e-01,0.000000000000000000e+00,2.702036630467393591e-02,0.000000000000000000e+00,0.000000000000000000e+00,1.773569975357352016e-02,0.000000000000000000e+00,0.000000000000000000e+00,2.874040517148853530e-02,8.267356210269274919e-02,0.000000000000000000e+00,8.240750500472021622e-02,0.000000000000000000e+00,0.000000000000000000e+00,7.904298965269761224e-02,1.522349882917444115e-03,0.000000000000000000e+00,0.000000000000000000e+00,1.650375944524142859e-03,9.159362182088950921e-02,8.472833606640683968e-02,4.983289805467167044e-02,3.029362588710849541e-02,2.367329780205731232e-02,6.629619793660576632e-02,1.255480131215496453e-01,0.000000000000000000e+00,0.000000000000000000e+00,2.844294313268679320e-01,0.000000000000000000e+00,0.000000000000000000e+00,1.437878857432424440e-02,3.916983554471066900e-03,1.278199651651769700e-02,0.000000000000000000e+00,5.103398296711678106e-02,0.000000000000000000e+00,0.000000000000000000e+00,1.002403715670354377e-02,0.000000000000000000e+00,0.000000000000000000e+00,3.803903290863441811e-02,1.002403715670354377e-02,0.000000000000000000e+00,0.000000000000000000e+00,6.649795073466128591e-04,0.000000000000000000e+00,0.000000000000000000e+00,0.000000000000000000e+00,4.113719904976884285e-03,0.000000000000000000e+00,0.000000000000000000e+00,2.870922035205492745e-02,1.051541584770299409e-01,6.535338682390032239e-02,9.207812686582819706e-02
0.000000000000000000e+00,4.101064174265278695e-02,1.363554911438160083e-03,0.000000000000000000e+00,0.000000000000000000e+00,4.281647598622467105e-03,0.000000000000000000e+00,1.482895998674318150e-01,4.733997478238757828e-02,4.433352349873958403e-02,0.000000000000000000e+00,0.000000000000000000e+00,5.076297638342059347e-03,1.677128148144816921e-01,0.000000000000000000e+00,1.116081387865976993e-01,3.513262142604124671e-02,3.264848024169698937e-02,0.000000000000000000e+00,4.364716525067068031e-02,5.754486249629921224e-02,0.000000000000000000e+00,2.075475013516205752e-04,0.000000000000000000e+00,0.000000000000000000e+00,0.000000000000000000e+00,0.000000000000000000e+00,3.199433899368322315e-02,1.958514027021834164e-02,3.264848024169698937e-02,0.000000000000000000e+00,0.000000000000000000e+00,6.608288265640643866e-02,9.070290140824343456e-03,1.152083038537396742e-01,0.000000000000000000e+00,1.299016968665667182e-01,0.000000000000000000e+00,1.296923710930491525e-01,0.000000000000000000e+00,0.000000000000000000e+00,1.673470055619371427e-02,1.411072322296008305e-02,1.324233382346663435e-01,1.283366531361472274e-01,7.185652604599156168e-02,0.000000000000000000e+00,0.000000000000000000e+00,0.000000000000000000e+00,0.000000000000000000e+00,7.214894987268211102e-02,1.243857032064585311e-01,4.248735097453407161e-02,6.652620115172996895e-02,2.245046188530275266e-02,0.000000000000000000e+00,5.407029691023489126e-03,0.000000000000000000e+00,7.297293737059860896e-02,8.627448544263975616e-02,0.000000000000000000e+00,0.000000000000000000e+00,0.000000000000000000e+00,4.728567465474285691e-02,1.509198545105587368e-02,0.000000000000000000e+00,2.397520408000527667e-03,0.000000000000000000e+00,0.000000000000000000e+00,0.000000000000000000e+00,0.000000000000000000e+00,5.741444680330701558e-03,5.309515032936630574e-02,1.191210220207456101e-02,3.242364771672662238e-02,7.232573409234772932e-02,0.000000000000000000e+00,0.000000000000000000e+00,5.103398296711678106e-02,0.000000000000000000e+00,0.000000000000000000e+00,1.336820379862217398e-02,4.771552722384853062e-02,0.000000000000000000e+00,8.925208464480929860e-02,7.856919571627545285e-01,4.771552722384853062e-02,8.925208464480929860e-02,4.904726543038983033e-01,2.300235396228420600e-04,4.978304742993697185e-02,2.686154157266864434e-02,8.689754383465544962e-02,5.714378326976522482e-01,0.000000000000000000e+00,3.586775335876097605e-04,1.972092652918555067e-01,1.199737079960779829e-01,0.000000000000000000e+00,0.000000000000000000e+00
3.640907166082126001e-02,0.000000000000000000e+00,0.000000000000000000e+00,0.000000000000000000e+00,0.000000000000000000e+00,6.264128634279791941e-02,0.000000000000000000e+00,1.928207612773721324e-01,0.000000000000000000e+00,0.000000000000000000e+00,5.300899200078196261e-02,0.000000000000000000e+00,0.000000000000000000e+00,1.078389591933538866e-01,1.122582887722688855e-01,1.153455593001470325e-01,3.642149903029209823e-02,0.000000000000000000e+00,0.000000000000000000e+00,0.000000000000000000e+00,0.000000000000000000e+00,0.000000000000000000e+00,1.407784158747765746e-01,4.415871704262175346e-02,0.000000000000000000e+00,9.958925529129913912e-02,0.000000000000000000e+00,0.000000000000000000e+00,4.285996253935825395e-02,0.000000000000000000e+00,0.000000000000000000e+00,0.000000000000000000e+00,1.052592562725524206e-01,0.000000000000000000e+00,0.000000000000000000e+00,0.000000000000000000e+00,0.000000000000000000e+00,0.000000000000000000e+00,1.479608294930050971e-01,0.000000000000000000e+00,0.000000000000000000e+00,1.231518587638772422e-01,1.038004588510315074e-01,1.205815946023396645e-01,0.000000000000000000e+00,7.738007685639147759e-02,0.000000000000000000e+00,3.262234606918891500e-02,0.000000000000000000e+00,0.000000000000000000e+00,2.186680560043730015e-02,0.000000000000000000e+00,9.794837094775990516e-02,7.333745516054748781e-02,0.000000000000000000e+00,1.106929258885329115e-01,1.905740292733175759e-02,0.000000000000000000e+00,0.000000000000000000e+00,0.000000000000000000e+00,0.000000000000000000e+00,0.000000000000000000e+00,1.193034405369521461e-01,0.000000000000000000e+00,1.008850485479416415e-01,1.533966083574881930e-03,0.000000000000000000e+00,0.000000000000000000e+00,0.000000000000000000e+00,0.000000000000000000e+00,1.154781991111156481e-01,0.000000000000000000e+00,0.000000000000000000e+00,1.417482481863810984e-01,0.000000000000000000e+00,1.965549041734981385e-03,0.000000000000000000e+00,0.000000000000000000e+00,0.000000000000000000e+00,0.000000000000000000e+00,0.000000000000000000e+00,0.000000000000000000e+00,0.000000000000000000e+00,9.524914723258177951e-02,2.839618213672981950e-01,2.466800119566493754e-02,0.000000000000000000e+00,2.839618213672981950e-01,2.171601103692398418e-03,0.000000000000000000e+00,4.913492828026029546e-02,0.000000000000000000e+00,1.051175780953166050e-01,3.801151400722595219e-02,0.000000000000000000e+00,0.000000000000000000e+00,5.862106606770656897e-02,0.000000000000000000e+00,1.815516037878536215e-01,0.000000000000000000e+00
0.000000000000000000e+00,0.000000000000000000e+00,9.805179000370048414e-02,0.000000000000000000e+00,0.000000000000000000e+00,1.517028104075850148e-02,2.509750655332808680e-03,1.063480365360487678e-02,6.432394749780842580e-02,8.340403628814115067e-03,5.045434125446786322e-02,6.085699757286293365e-02,1.980686810681435341e-03,0.000000000000000000e+00,0.000000000000000000e+00,2.186381042903911415e-02,3.598963006366949491e-02,0.000000000000000000e+00,0.000000000000000000e+00,0.000000000000000000e+00,0.000000000000000000e+00,0.000000000000000000e+00,0.000000000000000000e+00,9.547370514345580872e-02,2.959446547294585644e-02,7.478071591623997039e-02,0.000000000000000000e+00,0.000000000000000000e+00,0.000000000000000000e+00,0.000000000000000000e+00,0.000000000000000000e+00,0.000000000000000000e+00,8.480163660874513731e-03,7.855571149372773260e-03,3.349508240520404634e-02,7.616651478310929035e-02,3.555038320076009395e-02,1.564472579047066977e-02,0.000000000000000000e+00,0.000000000000000000e+00,6.703199065910125931e-02,0.000000000000000000e+00,0.000000000000000000e+00,0.000000000000000000e+00,0.000000000000000000e+00,8.761646698635081054e-02,8.025082881431411241e-02,0.000000000000000000e+00,7.018158438822166834e-02,0.000000000000000000e+00,0.000000000000000000e+00,0.000000000000000000e+00,9.855978240438725835e-02,0.000000000000000000e+00,0.000000000000000000e+00,7.277694262912537404e-02,5.230087911367276021e-02,7.497827618617064482e-02,0.000000000000000000e+00,6.424811356894581660e-02,0.000000000000000000e+00,0.000000000000000000e+00,8.990214290969553157e-02,0.000000000000000000e+00,7.317355621499680276e-04,3.582003983355290522e-02,0.000000000000000000e+00,1.107070767189004268e-01,0.000000000000000000e+00,0.000000000000000000e+00,1.610309056451287302e-01,0.000000000000000000e+00,0.000000000000000000e+00,0.000000000000000000e+00,4.337820281715205895e-03,5.154959306240976258e-02,1.561061626567855631e-02,0.000000000000000000e+00,0.000000000000000000e+00,1.336820379862217398e-02,0.000000000000000000e+00,0.000000000000000000e+00,0.000000000000000000e+00,7.243734611290036929e-02,4.297372969020353539e-02,8.006633777616262160e-02,0.000000000000000000e+00,4.297372969020353539e-02,1.070587161703652479e-01,0.000000000000000000e+00,2.992140672030034129e-02,0.000000000000000000e+00,0.000000000000000000e+00,4.075413212275291741e-02,3.357944949640407489e-02,0.000000000000000000e+00,1.994662660783752886e-02,0.000000000000000000e+00,5.149024443902863041e-02,7.525832267131413178e-02
1.042374123926217006e-01,1.056568993867439479e-02,7.580393668868302265e-03,1.025294222063471428e-01,0.000000000000000000e+00,0.000000000000000000e+00,3.859763836442241421e-03,0.000000000000000000e+00,0.000000000000000000e+00,1.123980692199283427e-01,0.000000000000000000e+00,0.000000000000000000e+00,0.000000000000000000e+00,0.000000000000000000e+00,0.000000000000000000e+00,0.000000000000000000e+00,0.000000000000000000e+00,8.841441746273406149e-03,1.203099974613091316e-01,0.000000000000000000e+00,0.000000000000000000e+00,0.000000000000000000e+00,2.544713733647001319e-02,9.750482222641649460e-03,0.000000000000000000e+00,0.000000000000000000e+00,4.230865076466744368e-02,0.000000000000000000e+00,2.764545422607523131e-02,8.841441746273406149e-03,1.203099974613091316e-01,3.274105563819493941e-02,1.589007980672499376e-02,0.000000000000000000e+00,5.053062901948451868e-02,0.000000000000000000e+00,1.538633663588865330e-01,7.336194963046299700e-02,0.000000000000000000e+00,3.581768786520740655e-02,0.000000000000000000e+00,4.337811304807982771e-02,0.000000000000000000e+00,0.000000000000000000e+00,0.000000000000000000e+00,0.000000000000000000e+00,0.000000000000000000e+00,0.000000000000000000e+00,0.000000000000000000e+00,1.466836520590940607e-01,0.000000000000000000e+00,1.501423263087189527e-02,0.000000000000000000e+00,1.591964991057998602e-01,1.622459021486156450e-01,1.979417799862806526e-02,8.571679771864207376e-02,2.014567164560228385e-02,8.243127216813109226e-02,7.723275684601717261e-03,4.162691203948486185e-02,1.523896755693717187e-01,0.000000000000000000e+00,9.976741078754175485e-02,0.000000000000000000e+00,0.000000000000000000e+00,1.376579053080561055e-01,5.799251294972188053e-02,4.043706319274400357e-02,0.000000000000000000e+00,0.000000000000000000e+00,1.417750880163390070e-01,2.146826476013034835e-01,9.913411132216384813e-02,0.000000000000000000e+00,0.000000000000000000e+00,0.000000000000000000e+00,7.288643176443301841e-02,1.002403715670354377e-02,4.771552722384853062e-02,0.000000000000000000e+00,0.000000000000000000e+00,0.000000000000000000e+00,0.000000000000000000e+00,0.000000000000000000e+00,1.193688103910582887e-01,9.999999999999984457e-01,0.000000000000000000e+00,8.773336007041929174e-03,5.276068591627554039e-01,0.000000000000000000e+00,0.000000000000000000e+00,3.711484456550705191e-02,8.045568625281537822e-02,0.000000000000000000e+00,6.454682194556514707e-01,7.147754242801238056e-02,1.486553069468198873e-01,0.000000000000000000e+00,3.515827645711076810e-02
0.000000000000000000e+00,8.680836224284380065e-02,0.000000000000000000e+00,0.000000000000000000e+00,1.161297984032254593e-01,1.108624912331240414e-01,3.429025885285688635e-02,9.595587573357414191e-02,7.654105076777303895e-02,4.646445703074986167e-02,1.128050354602332939e-01,6.617734597451124801e-02,0.000000000000000000e+00,0.000000000000000000e+00,0.000000000000000000e+00,1.590066877629332798e-01,2.639408076411086518e-02,0.000000000000000000e+00,1.797760250425627093e-02,1.026622119182683257e-01,0.000000000000000000e+00,3.241302148525100624e-02,0.000000000000000000e+00,0.000000000000000000e+00,0.000000000000000000e+00,8.484402704205831064e-03,0.000000000000000000e+00,0.000000000000000000e+00,0.000000000000000000e+00,0.000000000000000000e+00,1.797760250425627093e-02,0.000000000000000000e+00,0.000000000000000000e+00,0.000000000000000000e+00,0.000000000000000000e+00,8.471093116927899680e-02,0.000000000000000000e+00,0.000000000000000000e+00,6.453381350457387811e-02,2.460333185075075368e-02,1.306281462641861180e-01,6.699432967486873558e-02,5.919815441703447402e-03,1.472300303092968221e-01,1.521144870173925523e-01,2.379457282842551563e-02,5.521917535653533826e-02,0.000000000000000000e+00,1.757661774911406516e-01,0.000000000000000000e+00,6.284471494394577862e-02,0.000000000000000000e+00,4.508208872045276622e-02,3.314613188501433494e-02,0.000000000000000000e+00,0.000000000000000000e+00,5.973601564627591121e-02,0.000000000000000000e+00,0.000000000000000000e+00,1.171057670559191577e-01,1.114135026381409821e-01,0.000000000000000000e+00,5.036422855586311642e-02,0.000000000000000000e+00,1.683954598998321228e-01,1.185168821358568991e-01,0.000000000000000000e+00,0.000000000000000000e+00,2.500745231795243467e-02,5.817106030630819768e-02,0.000000000000000000e+00,0.000000000000000000e+00,0.000000000000000000e+00,0.000000000000000000e+00,0.000000000000000000e+00,4.279750452596399468e-02,0.000000000000000000e+00,0.000000000000000000e+00,0.000000000000000000e+00,0.000000000000000000e+00,9.524914723258177951e-02,7.243734611290036929e-02,0.000000000000000000e+00,0.000000000000000000e+00,1.107714280472810453e-01,0.000000000000000000e+00,0.000000000000000000e+00,1.107714280472811008e-01,8.393338923965931730e-03,0.000000000000000000e+00,0.000000000000000000e+00,4.519482263534971289e-02,6.424003590038215861e-02,0.000000000000000000e+00,1.340136431265302464e-01,0.000000000000000000e+00,9.109029292466295363e-03,0.000000000000000000e+00,1.211225033086744535e-01,0.000000000000000000e+00
1.187353351775101012e-01,0.000000000000000000e+00,0.000000000000000000e+00,1.051306165125093575e-02,0.000000000000000000e+00,2.553091629091032155e-01,1.352217286564389720e-01,2.638487566238818527e-01,1.386455912758822323e-02,1.209803702539997416e-01,1.906460201443794522e-01,1.869059559094992662e-01,1.757523254659835738e-03,7.023390395461204250e-02,0.000000000000000000e+00,1.447382247268647615e-01,0.000000000000000000e+00,0.000000000000000000e+00,0.000000000000000000e+00,4.622331032810998719e-02,0.000000000000000000e+00,0.000000000000000000e+00,5.399069204668376781e-02,5.190772236299476261e-02,0.000000000000000000e+00,7.162614386137933220e-02,2.715985693808794718e-02,0.000000000000000000e+00,5.708612761567126437e-02,0.000000000000000000e+00,0.000000000000000000e+00,0.000000000000000000e+00,0.000000000000000000e+00,9.829453490531740376e-03,0.000000000000000000e+00,0.000000000000000000e+00,2.947462932125487212e-02,0.000000000000000000e+00,2.271563911465607766e-01,1.786112770615678746e-01,0.000000000000000000e+00,2.030200209663364230e-01,1.531681592740184450e-01,2.800057664202482838e-02,7.570487404091727490e-02,0.000000000000000000e+00,0.000000000000000000e+00,7.236216842983404784e-02,1.982399508247220665e-01,9.153188987597268844e-02,0.000000000000000000e+00,7.542463407225262310e-03,3.203237751874978001e-02,2.764855982090377168e-02,0.000000000000000000e+00,6.534153654582910975e-02,0.000000000000000000e+00,0.000000000000000000e+00,1.372033766424051726e-01,2.598232767645299729e-02,0.000000000000000000e+00,0.000000000000000000e+00,9.731332650934002015e-02,0.000000000000000000e+00,6.526837976931423868e-02,9.589741811060392696e-02,4.885752194172034157e-02,0.000000000000000000e+00,0.000000000000000000e+00,0.000000000000000000e+00,9.732945098245424087e-02,0.000000000000000000e+00,0.000000000000000000e+00,0.000000000000000000e+00,1.786818560035447478e-01,1.412813105120941659e-01,0.000000000000000000e+00,8.611108380589116429e-02,0.000000000000000000e+00,8.925208464480929860e-02,2.839618213672981950e-01,4.297372969020353539e-02,0.000000000000000000e+00,1.107714280472810453e-01,0.000000000000000000e+00,1.325128957183545342e-01,0.000000000000000000e+00,1.000000000000000000e+00,8.402314531224802652e-02,7.153015717365581415e-03,0.000000000000000000e+00,5.428295852480099493e-01,0.000000000000000000e+00,1.398095951741015197e-01,0.000000000000000000e+00,0.000000000000000000e+00,6.936769014372909728e-03,0.000000000000000000e+00,0.000000000000000000e+00,0.000000000000000000e+00
0.000000000000000000e+00,7.361299892308262316e-02,0.000000000000000000e+00,0.000000000000000000e+00,0.000000000000000000e+00,7.570691013609967546e-02,5.353678227156128538e-02,8.906104310636785149e-02,0.000000000000000000e+00,2.461872465231387461e-02,0.000000000000000000e+00,0.000000000000000000e+00,5.750117828613059145e-02,1.916550795536345331e-01,0.000000000000000000e+00,1.288376906545867645e-02,0.000000000000000000e+00,8.482411978723168600e-02,0.000000000000000000e+00,4.438160180904383856e-02,0.000000000000000000e+00,0.000000000000000000e+00,3.166341537638658887e-02,1.028956392095854433e-01,0.000000000000000000e+00,1.831971765224763363e-02,0.000000000000000000e+00,0.000000000000000000e+00,1.646028774612330048e-01,8.482411978723168600e-02,0.000000000000000000e+00,0.000000000000000000e+00,1.256196896384756054e-02,2.396639877949242534e-02,4.897865042900480942e-02,0.000000000000000000e+00,1.059001574311805305e-01,0.000000000000000000e+00,1.554538027719686022e-01,1.192658468504160379e-02,0.000000000000000000e+00,7.197104743149387862e-02,9.891775411918982130e-02,1.232447247925825828e-01,7.749508082790976249e-02,0.000000000000000000e+00,0.000000000000000000e+00,0.000000000000000000e+00,8.885758702379757332e-03,0.000000000000000000e+00,0.000000000000000000e+00,1.112405140677892451e-01,3.751435238247823739e-02,6.486858146739642866e-03,8.544669622067017911e-02,1.018370413301255273e-01,0.000000000000000000e+00,0.000000000000000000e+00,3.915777862355375102e-03,1.391326603021588171e-01,0.000000000000000000e+00,0.000000000000000000e+00,0.000000000000000000e+00,2.478937366780628593e-02,2.768250337645979456e-02,0.000000000000000000e+00,4.675622498849688058e-02,0.000000000000000000e+00,0.000000000000000000e+00,0.000000000000000000e+00,0.000000000000000000e+00,0.000000000000000000e+00,5.511688048639514642e-02,0.000000000000000000e+00,2.574846876506311361e-02,5.398133487958609728e-02,0.000000000000000000e+00,0.000000000000000000e+00,3.803903290863441811e-02,7.856919571627545285e-01,2.466800119566493754e-02,8.006633777616262160e-02,1.193688103910582887e-01,0.000000000000000000e+00,1.325128957183545342e-01,0.000000000000000000e+00,1.193688103910582887e-01,1.325128957183545342e-01,6.221334245317005074e-01,7.057950658740883010e-02,4.692889232040933778e-02,3.243926682535139272e-02,7.172654988531296238e-02,7.171985345998116435e-01,0.000000000000000000e+00,6.735693741126123901e-02,2.267107433368801273e-01,7.508327300084277622e-02,0.000000000000000000e+00,0.000000000000000000e+00
1.042374123926217006e-01,1.056568993867439479e-02,7.580393668868302265e-03,1.025294222063471428e-01,0.000000000000000000e+00,0.000000000000000000e+00,3.859763836442241421e-03,0.000000000000000000e+00,0.000000000000000000e+00,1.123980692199283427e-01,0.000000000000000000e+00,0.000000000000000000e+00,0.000000000000000000e+00,0.000000000000000000e+00,0.000000000000000000e+00,0.000000000000000000e+00,0.000000000000000000e+00,8.841441746273406149e-03,1.203099974613091316e-01,0.000000000000000000e+00,0.000000000000000000e+00,0.000000000000000000e+00,2.544713733647001319e-02,9.750482222641649460e-03,0.000000000000000000e+00,0.000000000000000000e+00,4.230865076466744368e-02,0.000000000000000000e+00,2.764545422607523131e-02,8.841441746273406149e-03,1.203099974613091316e-01,3.274105563819493941e-02,1.589007980672499376e-02,0.000000000000000000e+00,5.053062901948451868e-02,0.000000000000000000e+00,1.538633663588865330e-01,7.336194963046299700e-02,0.000000000000000000e+00,3.581768786520740655e-02,0.000000000000000000e+00,4.337811304807982771e-02,0.000000000000000000e+00,0.000000000000000000e+00,0.000000000000000000e+00,0.000000000000000000e+00,0.000000000000000000e+00,0.000000000000000000e+00,0.000000000000000000e+00,1.466836520590940607e-01,0.000000000000000000e+00,1.501423263087189527e-02,0.000000000000000000e+00,1.591964991057998602e-01,1.622459021486156450e-01,1.979417799862806526e-02,8.571679771864207376e-02,2.014567164560228385e-02,8.243127216813109226e-02,7.723275684601717261e-03,4.162691203948486185e-02,1.523896755693717187e-01,0.000000000000000000e+00,9.976741078754175485e-02,0.000000000000000000e+00,0.000000000000000000e+00,1.376579053080561055e-01,5.799251294972188053e-02,4.043706319274400357e-02,0.000000000000000000e+00,0.000000000000000000e+00,1.417750880163390070e-01,2.146826476013034835e-01,9.913411132216384813e-02,0.000000000000000000e+00,0.000000000000000000e+00,0.000000000000000000e+00,7.288643176443301841e-02,1.002403715670354377e-02,4.771552722384853062e-02,0.000000000000000000e+00,0.000000000000000000e+00,9.999999999999984457e-01,0.000000000000000000e+00,0.000000000000000000e+00,1.193688103910582887e-01,0.000000000000000000e+00,0.000000000000000000e+00,8.773336007041929174e-03,5.276068591627554039e-01,0.000000000000000000e+00,0.000000000000000000e+00,3.711484456550705191e-02,8.045568625281537822e-02,0.000000000000000000e+00,6.454682194556514707e-01,7.147754242801238056e-02,1.486553069468198873e-01,0.000000000000000000e+00,3.515827645711076810e-02
1.187353351775101012e-01,0.000000000000000000e+00,0.000000000000000000e+00,1.051306165125093575e-02,0.000000000000000000e+00,2.553091629091032155e-01,1.352217286564389720e-01,2.638487566238818527e-01,1.386455912758822323e-02,1.209803702539997416e-01,1.906460201443794522e-01,1.869059559094992662e-01,1.757523254659835738e-03,7.023390395461204250e-02,0.000000000000000000e+00,1.447382247268647615e-01,0.000000000000000000e+00,0.000000000000000000e+00,0.000000000000000000e+00,4.622331032810998719e-02,0.000000000000000000e+00,0.000000000000000000e+00,5.399069204668376781e-02,5.190772236299476261e-02,0.000000000000000000e+00,7.162614386137933220e-02,2.715985693808794718e-02,0.000000000000000000e+00,5.708612761567126437e-02,0.000000000000000000e+00,0.000000000000000000e+00,0.000000000000000000e+00,0.000000000000000000e+00,9.829453490531740376e-03,0.000000000000000000e+00,0.000000000000000000e+00,2.947462932125487212e-02,0.000000000000000000e+00,2.271563911465607766e-01,1.786112770615678746e-01,0.000000000000000000e+00,2.030200209663364230e-01,1.531681592740184450e-01,2.800057664202482838e-02,7.570487404091727490e-02,0.000000000000000000e+00,0.000000000000000000e+00,7.236216842983404784e-02,1.982399508247220665e-01,9.153188987597268844e-02,0.000000000000000000e+00,7.542463407225262310e-03,3.203237751874978001e-02,2.764855982090377168e-02,0.000000000000000000e+00,6.534153654582910975e-02,0.000000000000000000e+00,0.000000000000000000e+00,1.372033766424051726e-01,2.598232767645299729e-02,0.000000000000000000e+00,0.000000000000000000e+00,9.731332650934002015e-02,0.000000000000000000e+00,6.526837976931423868e-02,9.589741811060392696e-02,4.885752194172034157e-02,0.000000000000000000e+00,0.000000000000000000e+00,0.000000000000000000e+00,9.732945098245424087e-02,0.000000000000000000e+00,0.000000000000000000e+00,0.000000000000000000e+00,1.786818560035447478e-01,1.412813105120941659e-01,0.000000000000000000e+00,8.611108380589116429e-02,0.000000000000000000e+00,8.925208464480929860e-02,2.839618213672981950e-01,4.297372969020353539e-02,0.000000000000000000e+00,1.107714280472811008e-01,1.000000000000000000e+00,1.325128957183545342e-01,0.000000000000000000e+00,0.000000000000000000e+00,8.402314531224802652e-02,7.153015717365581415e-03,0.000000000000000000e+00,5.428295852480099493e-01,0.000000000000000000e+00,1.398095951741015197e-01,0.000000000000000000e+00,0.000000000000000000e+00,6.936769014372909728e-03,0.000000000000000000e+00,0.000000000000000000e+00,0.000000000000000000e+00
0.000000000000000000e+00,7.341306080761642039e-02,0.000000000000000000e+00,0.000000000000000000e+00,0.000000000000000000e+00,1.342259124705284801e-01,7.092714565416347039e-02,7.473212563550375720e-02,2.068016194805322172e-02,1.039436483805259159e-01,0.000000000000000000e+00,1.379913133715950091e-02,8.768836569314331086e-02,2.225906283344086245e-01,1.188181206613849773e-02,0.000000000000000000e+00,0.000000000000000000e+00,4.647966957867682991e-02,4.498403547089851497e-03,2.139109663523523497e-01,0.000000000000000000e+00,0.000000000000000000e+00,1.220334533748696632e-02,1.536666348654925907e-01,0.000000000000000000e+00,5.037015440257567450e-02,0.000000000000000000e+00,0.000000000000000000e+00,1.220632411774223020e-01,4.647966957867682991e-02,4.498403547089851497e-03,0.000000000000000000e+00,1.792231459300418217e-02,0.000000000000000000e+00,5.397585963083558619e-02,0.000000000000000000e+00,8.778295655475057413e-02,0.000000000000000000e+00,1.511170404129238976e-01,3.915286062144800183e-02,0.000000000000000000e+00,1.446226199834541315e-01,1.350441673847579405e-01,1.050250214685633787e-01,1.073296668294161371e-01,0.000000000000000000e+00,0.000000000000000000e+00,0.000000000000000000e+00,7.066033075295979904e-02,0.000000000000000000e+00,0.000000000000000000e+00,5.800827482080732345e-02,1.636528015583502138e-01,0.000000000000000000e+00,0.000000000000000000e+00,1.915466327919556622e-01,0.000000000000000000e+00,8.933588598858682728e-02,0.000000000000000000e+00,2.138167311679702864e-01,0.000000000000000000e+00,0.000000000000000000e+00,0.000000000000000000e+00,0.000000000000000000e+00,2.269309912093286918e-02,0.000000000000000000e+00,0.000000000000000000e+00,0.000000000000000000e+00,0.000000000000000000e+00,0.000000000000000000e+00,5.197317734735628150e-03,1.249458327926245699e-01,5.978048325508747429e-02,0.000000000000000000e+00,1.321177992038379267e-01,7.420463554240031012e-02,0.000000000000000000e+00,0.000000000000000000e+00,0.000000000000000000e+00,4.904726543038983033e-01,2.171601103692398418e-03,1.070587161703652479e-01,8.773336007041929174e-03,8.393338923965931730e-03,8.402314531224802652e-02,6.221334245317005074e-01,8.773336007041929174e-03,8.402314531224802652e-02,0.000000000000000000e+00,0.000000000000000000e+00,0.000000000000000000e+00,0.000000000000000000e+00,8.162124007987733854e-02,9.118438306013900707e-01,0.000000000000000000e+00,0.000000000000000000e+00,1.650451774238257396e-01,0.000000000000000000e+00,4.558857785379904354e-02,0.000000000000000000e+00
5.881910620427795860e-02,0.000000000000000000e+00,4.970449924240741280e-02,1.109586903070863551e-01,0.000000000000000000e+00,0.000000000000000000e+00,1.125888253953687135e-02,0.000000000000000000e+00,0.000000000000000000e+00,1.319465901086132320e-01,5.349816807434975945e-03,3.750645297754683083e-02,0.000000000000000000e+00,2.840241268513960318e-02,1.420279908113855107e-02,0.000000000000000000e+00,0.000000000000000000e+00,0.000000000000000000e+00,0.000000000000000000e+00,2.055426742690562303e-02,5.957070440458582528e-02,0.000000000000000000e+00,0.000000000000000000e+00,0.000000000000000000e+00,0.000000000000000000e+00,1.615057729876823167e-01,5.957334026048741182e-02,0.000000000000000000e+00,9.540178423223870385e-02,0.000000000000000000e+00,0.000000000000000000e+00,0.000000000000000000e+00,0.000000000000000000e+00,0.000000000000000000e+00,0.000000000000000000e+00,7.485087767759032729e-02,1.444821876819782358e-01,5.629267121826326409e-02,0.000000000000000000e+00,6.443659526660824866e-02,0.000000000000000000e+00,0.000000000000000000e+00,0.000000000000000000e+00,0.000000000000000000e+00,0.000000000000000000e+00,0.000000000000000000e+00,0.000000000000000000e+00,4.590656164611879586e-02,0.000000000000000000e+00,0.000000000000000000e+00,0.000000000000000000e+00,1.423343230537565951e-01,1.820992136030212538e-02,1.537212740837558267e-01,1.894086459972374806e-02,0.000000000000000000e+00,4.161467980513848530e-02,8.455183699993107371e-02,9.178160283247820128e-02,0.000000000000000000e+00,7.640050407650431086e-02,5.594066102321930412e-02,0.000000000000000000e+00,8.691816554659595809e-03,0.000000000000000000e+00,4.413060121253620932e-02,1.992556717016959744e-01,9.441720153118308978e-02,0.000000000000000000e+00,0.000000000000000000e+00,1.478000161712629545e-01,3.068711042596610275e-02,1.482815635048909675e-01,1.073976164893697127e-01,2.015349688542833473e-02,0.000000000000000000e+00,0.000000000000000000e+00,1.089010276788096587e-02,6.649795073466128591e-04,2.300235396228420600e-04,0.000000000000000000e+00,0.000000000000000000e+00,5.276068591627554039e-01,0.000000000000000000e+00,7.153015717365581415e-03,7.057950658740883010e-02,5.276068591627554039e-01,7.153015717365581415e-03,0.000000000000000000e+00,0.000000000000000000e+00,0.000000000000000000e+00,0.000000000000000000e+00,1.557868770822643661e-02,0.000000000000000000e+00,0.000000000000000000e+00,9.434466643037111577e-01,6.564011941175870724e-02,4.609675266912251906e-02,0.000000000000000000e+00,0.000000000000000000e+00
0.000000000000000000e+00,0.000000000000000000e+00,5.493993570021220296e-02,0.000000000000000000e+00,0.000000000000000000e+00,0.000000000000000000e+00,0.000000000000000000e+00,4.781505458480789228e-02,2.075394363491551292e-02,0.000000000000000000e+00,0.000000000000000000e+00,0.000000000000000000e+00,0.000000000000000000e+00,0.000000000000000000e+00,0.000000000000000000e+00,2.219709691118375988e-02,6.122697446040493291e-02,6.241208232516724796e-02,0.000000000000000000e+00,0.000000000000000000e+00,1.735397120633290491e-02,0.000000000000000000e+00,0.000000000000000000e+00,0.000000000000000000e+00,3.022664701639981785e-02,0.000000000000000000e+00,0.000000000000000000e+00,2.228974580341323564e-01,9.490917351946852928e-04,6.241208232516724796e-02,0.000000000000000000e+00,0.000000000000000000e+00,1.109293174282152640e-03,1.412919706743846759e-01,8.712390987976196058e-03,4.971154501086344490e-02,1.278498269957218381e-01,1.687908142163853098e-01,2.693419662406453322e-02,4.497373648852599076e-03,4.404300112183598404e-02,0.000000000000000000e+00,0.000000000000000000e+00,0.000000000000000000e+00,0.000000000000000000e+00,0.000000000000000000e+00,0.000000000000000000e+00,0.000000000000000000e+00,0.000000000000000000e+00,1.240391255555803873e-01,1.073035134319324235e-01,0.000000000000000000e+00,0.000000000000000000e+00,0.000000000000000000e+00,2.280219756068815190e-02,6.709022283157999034e-02,8.489301373567517683e-02,0.000000000000000000e+00,3.607922325684856379e-02,7.327923049918266818e-02,0.000000000000000000e+00,0.000000000000000000e+00,2.490643365447461205e-02,0.000000000000000000e+00,1.179510442320986507e-01,0.000000000000000000e+00,0.000000000000000000e+00,1.049848993118061291e-01,1.275591804453988891e-02,0.000000000000000000e+00,3.474225068500911423e-02,0.000000000000000000e+00,0.000000000000000000e+00,9.482318475658850498e-02,0.000000000000000000e+00,0.000000000000000000e+00,9.502553984883126137e-02,0.000000000000000000e+00,0.000000000000000000e+00,4.978304742993697185e-02,4.913492828026029546e-02,2.992140672030034129e-02,0.000000000000000000e+00,0.000000000000000000e+00,0.000000000000000000e+00,4.692889232040933778e-02,0.000000000000000000e+00,0.000000000000000000e+00,0.000000000000000000e+00,0.000000000000000000e+00,0.000000000000000000e+00,1.419253249425794783e-01,4.437845020227672299e-02,0.000000000000000000e+00,0.000000000000000000e+00,0.000000000000000000e+00,1.482593203879187943e-02,7.018969953879702905e-02,4.584593480335817650e-02,2.050000821594467892e-02
0.000000000000000000e+00,6.259567482285922912e-02,0.000000000000000000e+00,0.000000000000000000e+00,1.864420293412319407e-02,7.808302098199806918e-02,9.263712573125718053e-02,1.797677161962086823e-01,0.000000000000000000e+00,2.067277339020072435e-02,5.363476770362745477e-02,8.078642898549645568e-02,2.295671287966333587e-02,3.236475460333855525e-02,5.592750218625136549e-02,5.663027169687460949e-02,0.000000000000000000e+00,3.122891153479914403e-02,2.219609100017495840e-02,0.000000000000000000e+00,0.000000000000000000e+00,0.000000000000000000e+00,0.000000000000000000e+00,3.124799194691689572e-03,0.000000000000000000e+00,0.000000000000000000e+00,0.000000000000000000e+00,0.000000000000000000e+00,0.000000000000000000e+00,3.122891153479914403e-02,2.219609100017495840e-02,9.327991065818875410e-03,0.000000000000000000e+00,9.596438062858228535e-02,0.000000000000000000e+00,7.487033086009428628e-02,8.757270773089231245e-04,0.000000000000000000e+00,7.591028380081060734e-02,7.224729647426963997e-02,2.319707238237501273e-02,1.084898185152153305e-01,6.817190333597661356e-02,8.435682611684486298e-02,6.295714286341100308e-02,0.000000000000000000e+00,0.000000000000000000e+00,0.000000000000000000e+00,6.916913441597968837e-02,6.891806757239964110e-02,0.000000000000000000e+00,0.000000000000000000e+00,0.000000000000000000e+00,0.000000000000000000e+00,0.000000000000000000e+00,2.518070280495218749e-02,0.000000000000000000e+00,0.000000000000000000e+00,7.853573714862369104e-02,5.494969396227986774e-03,3.772271177977192663e-02,8.292951254836009034e-02,7.155513680275957245e-02,0.000000000000000000e+00,5.481171367930212646e-02,2.542515742129996398e-02,1.583081691831580984e-01,0.000000000000000000e+00,8.146782259081786215e-02,0.000000000000000000e+00,6.902110476486830737e-02,4.257952355429064917e-02,1.089704222856945418e-02,5.564208928971483420e-02,4.430779824544149592e-02,1.252654155029138683e-01,0.000000000000000000e+00,3.764769241626580304e-02,0.000000000000000000e+00,2.686154157266864434e-02,0.000000000000000000e+00,0.000000000000000000e+00,0.000000000000000000e+00,4.519482263534971289e-02,5.428295852480099493e-01,3.243926682535139272e-02,0.000000000000000000e+00,5.428295852480099493e-01,0.000000000000000000e+00,0.000000000000000000e+00,1.419253249425794783e-01,0.000000000000000000e+00,0.000000000000000000e+00,9.194554739728202919e-03,0.000000000000000000e+00,0.000000000000000000e+00,0.000000000000000000e+00,0.000000000000000000e+00,0.000000000000000000e+00,0.000000000000000000e+00
2.429087332624947915e-01,4.227577160831506864e-02,9.820039534101840384e-02,3.630630446985934345e-02,0.000000000000000000e+00,0.000000000000000000e+00,0.000000000000000000e+00,1.466833585493877625e-03,4.905636900509444120e-02,7.198778114462298094e-02,0.000000000000000000e+00,0.000000000000000000e+00,0.000000000000000000e+00,1.669117235705130375e-01,0.000000000000000000e+00,1.777644126248529854e-01,1.794530834003554565e-01,0.000000000000000000e+00,0.000000000000000000e+00,1.587349194817885834e-01,7.074839377770422710e-02,4.732193392719274971e-02,2.966244981993693824e-02,0.000000000000000000e+00,0.000000000000000000e+00,6.813018457135122663e-02,0.000000000000000000e+00,1.126342602885182231e-01,0.000000000000000000e+00,0.000000000000000000e+00,0.000000000000000000e+00,0.000000000000000000e+00,2.212269476480414540e-02,0.000000000000000000e+00,0.000000000000000000e+00,2.686115378634174045e-01,5.114923717598419961e-02,3.360011717975742995e-02,9.935424841465329004e-02,0.000000000000000000e+00,1.051919020380780168e-01,1.057449218785342093e-01,0.000000000000000000e+00,0.000000000000000000e+00,0.000000000000000000e+00,4.537559325275121458e-02,5.758058601377851957e-03,2.063112022575218710e-02,0.000000000000000000e+00,0.000000000000000000e+00,0.000000000000000000e+00,7.637129564074780774e-02,3.521367736848075858e-02,0.000000000000000000e+00,0.000000000000000000e+00,0.000000000000000000e+00,0.000000000000000000e+00,0.000000000000000000e+00,0.000000000000000000e+00,0.000000000000000000e+00,6.325028224765112672e-02,1.561571577141482592e-01,3.554026635385055394e-02,0.000000000000000000e+00,1.506062475609721563e-01,0.000000000000000000e+00,0.000000000000000000e+00,0.000000000000000000e+00,0.000000000000000000e+00,0.000000000000000000e+00,5.524080230179703732e-02,0.000000000000000000e+00,0.000000000000000000e+00,1.582046647627349811e-02,7.260038432124893415e-02,1.761160728065251924e-01,0.000000000000000000e+00,0.000000000000000000e+00,0.000000000000000000e+00,8.689754383465544962e-02,1.051175780953166050e-01,0.000000000000000000e+00,3.711484456550705191e-02,6.424003590038215861e-02,0.000000000000000000e+00,7.172654988531296238e-02,3.711484456550705191e-02,0.000000000000000000e+00,8.162124007987733854e-02,1.557868770822643661e-02,4.437845020227672299e-02,0.000000000000000000e+00,0.000000000000000000e+00,9.921420452415960489e-02,2.495041454190228408e-02,4.248101284338809402e-02,0.000000000000000000e+00,0.000000000000000000e+00,6.030497611726297336e-02,0.000000000000000000e+00
4.778551328030589129e-02,8.880233104556069235e-02,0.000000000000000000e+00,0.000000000000000000e+00,0.000000000000000000e+00,1.478451603062732322e-01,9.059661197898102869e-02,2.507530379188510281e-02,1.781132131602986002e-02,1.198419963679599465e-01,0.000000000000000000e+00,0.000000000000000000e+00,9.127759495481817253e-02,1.905829167159240334e-01,0.000000000000000000e+00,2.069787799773742474e-03,0.000000000000000000e+00,7.023885214199675209e-02,4.659424789211699669e-02,1.645949453612486901e-01,4.899166965477706054e-02,0.000000000000000000e+00,1.555997553091809094e-02,2.050060528373664759e-01,0.000000000000000000e+00,2.508599427102387383e-02,0.000000000000000000e+00,0.000000000000000000e+00,1.231251822987395189e-01,7.023885214199675209e-02,4.659424789211699669e-02,0.000000000000000000e+00,2.627692298213160638e-02,0.000000000000000000e+00,8.876918326768912237e-02,0.000000000000000000e+00,9.907618330026585207e-02,0.000000000000000000e+00,1.663678844347293850e-01,7.407653382936328634e-03,0.000000000000000000e+00,1.316192999411314180e-01,1.596559848097638401e-01,9.340075794972618750e-02,1.067786776141954053e-01,0.000000000000000000e+00,0.000000000000000000e+00,0.000000000000000000e+00,3.710970341259610394e-02,0.000000000000000000e+00,0.000000000000000000e+00,1.288163345212130495e-01,1.698639490632572469e-01,3.725413155962732648e-02,0.000000000000000000e+00,1.872805002350408921e-01,0.000000000000000000e+00,4.505809695696171707e-02,1.433694934744009913e-02,2.301430985018964592e-01,0.000000000000000000e+00,0.000000000000000000e+00,0.000000000000000000e+00,0.000000000000000000e+00,0.000000000000000000e+00,0.000000000000000000e+00,0.000000000000000000e+00,0.000000000000000000e+00,0.000000000000000000e+00,0.000000000000000000e+00,3.645555952245060904e-02,1.052182548961319991e-01,4.096323743133389872e-02,0.000000000000000000e+00,1.598199691752759388e-01,1.074721529220919736e-01,0.000000000000000000e+00,0.000000000000000000e+00,4.113719904976884285e-03,5.714378326976522482e-01,3.801151400722595219e-02,4.075413212275291741e-02,8.045568625281537822e-02,0.000000000000000000e+00,1.398095951741015197e-01,7.171985345998116435e-01,8.045568625281537822e-02,1.398095951741015197e-01,9.118438306013900707e-01,0.000000000000000000e+00,0.000000000000000000e+00,9.194554739728202919e-03,9.921420452415960489e-02,0.000000000000000000e+00,0.000000000000000000e+00,0.000000000000000000e+00,2.125225197866043580e-01,2.597027040963222760e-02,0.000000000000000000e+00,0.000000000000000000e+00
0.000000000000000000e+00,0.000000000000000000e+00,2.371284105644280715e-01,0.000000000000000000e+00,1.163660714855183076e-01,4.929885414914883524e-02,0.000000000000000000e+00,0.000000000000000000e+00,1.978205995074613366e-01,0.000000000000000000e+00,1.381285912141188565e-01,8.365923723305132564e-02,0.000000000000000000e+00,0.000000000000000000e+00,7.818734465219084884e-02,0.000000000000000000e+00,1.615501365342921491e-01,0.000000000000000000e+00,0.000000000000000000e+00,0.000000000000000000e+00,0.000000000000000000e+00,8.523919521288278456e-02,0.000000000000000000e+00,0.000000000000000000e+00,9.203638889532064771e-02,8.578018878953699855e-02,0.000000000000000000e+00,3.094182022131636289e-02,0.000000000000000000e+00,0.000000000000000000e+00,0.000000000000000000e+00,0.000000000000000000e+00,0.000000000000000000e+00,0.000000000000000000e+00,8.210866911744960084e-02,1.459120235768976426e-01,3.552610902369424117e-02,1.745034655985058802e-02,2.311694857341253448e-02,0.000000000000000000e+00,6.385988834671796344e-02,0.000000000000000000e+00,0.000000000000000000e+00,0.000000000000000000e+00,1.244157157539869940e-01,2.245322741150678203e-01,1.720850050081126903e-01,0.000000000000000000e+00,1.992452299544489602e-01,0.000000000000000000e+00,8.681686247189958350e-02,0.000000000000000000e+00,0.000000000000000000e+00,0.000000000000000000e+00,1.490791406834080651e-02,4.118379718363064657e-02,1.454049767602587084e-01,6.971797481513636319e-02,2.183194168777442476e-02,6.618987010924837211e-02,0.000000000000000000e+00,0.000000000000000000e+00,0.000000000000000000e+00,3.241443361910802123e-02,0.000000000000000000e+00,8.745024299636877663e-02,0.000000000000000000e+00,0.000000000000000000e+00,3.911293274876505299e-02,0.000000000000000000e+00,1.792536403236353465e-02,1.895342159213133093e-01,4.771431296715686332e-02,0.000000000000000000e+00,2.054871649345908768e-02,0.000000000000000000e+00,3.298235825349847550e-02,0.000000000000000000e+00,0.000000000000000000e+00,0.000000000000000000e+00,0.000000000000000000e+00,3.357944949640407489e-02,0.000000000000000000e+00,1.340136431265302464e-01,0.000000000000000000e+00,0.000000000000000000e+00,0.000000000000000000e+00,0.000000000000000000e+00,0.000000000000000000e+00,0.000000000000000000e+00,0.000000000000000000e+00,0.000000000000000000e+00,2.495041454190228408e-02,0.000000000000000000e+00,0.000000000000000000e+00,0.000000000000000000e+00,0.000000000000000000e+00,0.000000000000000000e+00,1.103917756212877965e-01,0.000000000000000000e+00
5.869215620791940619e-02,0.000000000000000000e+00,7.800832353749027892e-02,1.282409388740439193e-01,0.000000000000000000e+00,0.000000000000000000e+00,0.000000000000000000e+00,0.000000000000000000e+00,0.000000000000000000e+00,1.804819379124014966e-01,3.462948452266714772e-02,1.739761551405139342e-02,0.000000000000000000e+00,0.000000000000000000e+00,3.047811504819451095e-03,0.000000000000000000e+00,2.470423096512661121e-02,0.000000000000000000e+00,1.331694063482648585e-02,4.472876255541821666e-02,0.000000000000000000e+00,0.000000000000000000e+00,3.556617884375059928e-03,0.000000000000000000e+00,0.000000000000000000e+00,1.277368827025828213e-01,3.769110411222981183e-02,0.000000000000000000e+00,9.150247220828983119e-02,0.000000000000000000e+00,1.331694063482648585e-02,0.000000000000000000e+00,0.000000000000000000e+00,0.000000000000000000e+00,0.000000000000000000e+00,6.082758011786862373e-02,1.238618813952552800e-01,3.008819180270170396e-02,0.000000000000000000e+00,2.175458778145316144e-02,0.000000000000000000e+00,0.000000000000000000e+00,0.000000000000000000e+00,0.000000000000000000e+00,0.000000000000000000e+00,0.000000000000000000e+00,3.948301298915896096e-02,3.353035985901128835e-03,0.000000000000000000e+00,0.000000000000000000e+00,0.000000000000000000e+00,1.107769872890281004e-01,1.424607233649977968e-02,1.625813145231712054e-01,6.112982539078203048e-02,0.000000000000000000e+00,5.419312670741750770e-02,4.080253847974719961e-02,7.226712472933576048e-02,0.000000000000000000e+00,3.750704732957291926e-02,9.451551819240580632e-02,0.000000000000000000e+00,1.568510673204935937e-02,0.000000000000000000e+00,0.000000000000000000e+00,1.967661857543220039e-01,1.282617569225356635e-01,0.000000000000000000e+00,0.000000000000000000e+00,1.107642284946204897e-01,6.000321171499840844e-02,1.528624514112173205e-01,1.236187699345668300e-01,0.000000000000000000e+00,0.000000000000000000e+00,0.000000000000000000e+00,8.003782678880431989e-02,0.000000000000000000e+00,3.586775335876097605e-04,0.000000000000000000e+00,0.000000000000000000e+00,6.454682194556514707e-01,0.000000000000000000e+00,0.000000000000000000e+00,6.735693741126123901e-02,6.454682194556514707e-01,0.000000000000000000e+00,0.000000000000000000e+00,9.434466643037111577e-01,0.000000000000000000e+00,0.000000000000000000e+00,4.248101284338809402e-02,0.000000000000000000e+00,0.000000000000000000e+00,0.000000000000000000e+00,7.232449688324318893e-02,5.575758197970792640e-02,0.000000000000000000e+00,2.742292952486401897e-02
7.587329542652941974e-03,8.907320458252782069e-02,0.000000000000000000e+00,2.852877705971122724e-02,0.000000000000000000e+00,5.501769867373501599e-02,1.253880912542257309e-01,9.076469532879171548e-03,0.000000000000000000e+00,2.957594136814627184e-02,2.865749600719935328e-02,0.000000000000000000e+00,1.010216297040302941e-01,2.780165306108580911e-02,1.594362626928300108e-02,4.112124981529542006e-02,0.000000000000000000e+00,0.000000000000000000e+00,1.164603700073798820e-01,0.000000000000000000e+00,1.028062888756524351e-01,0.000000000000000000e+00,1.077056058733906474e-01,0.000000000000000000e+00,0.000000000000000000e+00,8.394718131504211311e-02,0.000000000000000000e+00,0.000000000000000000e+00,0.000000000000000000e+00,0.000000000000000000e+00,1.164603700073798820e-01,0.000000000000000000e+00,2.016011686875629483e-01,0.000000000000000000e+00,1.506018680098849538e-01,0.000000000000000000e+00,2.253192194707813456e-02,0.000000000000000000e+00,8.650974801370367451e-02,0.000000000000000000e+00,1.588620552372742301e-02,1.252721025258424735e-02,1.253389524494453455e-01,1.181440868791280296e-01,2.222252966692048887e-02,0.000000000000000000e+00,0.000000000000000000e+00,0.000000000000000000e+00,6.092039702933962388e-03,0.000000000000000000e+00,6.640800014317396749e-02,5.028238757411922916e-02,0.000000000000000000e+00,0.000000000000000000e+00,0.000000000000000000e+00,1.187914062261026249e-01,0.000000000000000000e+00,6.770838400667592016e-02,6.195485841174766528e-02,1.125478335070622671e-01,0.000000000000000000e+00,0.000000000000000000e+00,0.000000000000000000e+00,0.000000000000000000e+00,2.346968613897535555e-02,0.000000000000000000e+00,1.205247805022501006e-01,0.000000000000000000e+00,0.000000000000000000e+00,9.569601452442282052e-03,0.000000000000000000e+00,2.865998983930079149e-03,1.257682432271017142e-02,1.607186518635207173e-01,9.244533979008492941e-02,1.030481407878828214e-02,2.755207481791937391e-02,6.577803100623713650e-02,2.870922035205492745e-02,1.972092652918555067e-01,5.862106606770656897e-02,1.994662660783752886e-02,7.147754242801238056e-02,9.109029292466295363e-03,6.936769014372909728e-03,2.267107433368801273e-01,7.147754242801238056e-02,6.936769014372909728e-03,1.650451774238257396e-01,6.564011941175870724e-02,1.482593203879187943e-02,0.000000000000000000e+00,0.000000000000000000e+00,2.125225197866043580e-01,0.000000000000000000e+00,7.232449688324318893e-02,0.000000000000000000e+00,0.000000000000000000e+00,0.000000000000000000e+00,0.000000000000000000e+00
0.000000000000000000e+00,1.591518550711239488e-01,0.000000000000000000e+00,9.287288338458424275e-02,0.000000000000000000e+00,0.000000000000000000e+00,0.000000000000000000e+00,1.963765045666386322e-01,4.701189137312396238e-02,0.000000000000000000e+00,0.000000000000000000e+00,0.000000000000000000e+00,0.000000000000000000e+00,1.377227386025433598e-01,1.371879348812195532e-01,5.087801297384275667e-02,8.603186989409575269e-02,2.082681210262050664e-01,0.000000000000000000e+00,0.000000000000000000e+00,4.463281717928025555e-02,0.000000000000000000e+00,0.000000000000000000e+00,0.000000000000000000e+00,3.468086849515239489e-02,0.000000000000000000e+00,1.753113330640498901e-01,8.381096190830340797e-02,2.459393830577293397e-03,2.082681210262050664e-01,0.000000000000000000e+00,1.519088183235188794e-01,0.000000000000000000e+00,1.139686672708231652e-01,1.858653738669102662e-01,0.000000000000000000e+00,1.685922067381985801e-01,1.714807975018814989e-01,1.320057421914361262e-01,0.000000000000000000e+00,0.000000000000000000e+00,9.216348774644395059e-02,0.000000000000000000e+00,0.000000000000000000e+00,9.184366208430240486e-02,5.167080664707251331e-02,7.367316207838170428e-02,2.529157531066273945e-01,0.000000000000000000e+00,1.979937744295845181e-01,3.747771350177357685e-02,1.795474976767832409e-01,0.000000000000000000e+00,0.000000000000000000e+00,4.714144166936141966e-03,0.000000000000000000e+00,0.000000000000000000e+00,4.790651739268016185e-02,1.348851654534605760e-01,3.613538505102797949e-02,0.000000000000000000e+00,1.019888342538294301e-01,0.000000000000000000e+00,5.967706034153759387e-02,0.000000000000000000e+00,0.000000000000000000e+00,7.697975463030140575e-02,1.224796087179732262e-01,0.000000000000000000e+00,5.365047437343371806e-02,0.000000000000000000e+00,1.647423821200867389e-01,7.076529401291774268e-02,7.650068094021172938e-02,0.000000000000000000e+00,3.530367474669967587e-01,1.319897896888663213e-01,0.000000000000000000e+00,1.051541584770299409e-01,1.199737079960779829e-01,0.000000000000000000e+00,0.000000000000000000e+00,1.486553069468198873e-01,0.000000000000000000e+00,0.000000000000000000e+00,7.508327300084277622e-02,1.486553069468198873e-01,0.000000000000000000e+00,0.000000000000000000e+00,4.609675266912251906e-02,7.018969953879702905e-02,0.000000000000000000e+00,0.000000000000000000e+00,2.597027040963222760e-02,0.000000000000000000e+00,5.575758197970792640e-02,0.000000000000000000e+00,0.000000000000000000e+00,0.000000000000000000e+00,0.000000000000000000e+00
4.792008531645398223e-04,0.000000000000000000e+00,1.671466157878416167e-02,0.000000000000000000e+00,1.210276268152123968e-01,8.106738754224879218e-02,0.000000000000000000e+00,1.323270354084986333e-02,2.543343717905426765e-02,0.000000000000000000e+00,4.648184217308630461e-02,1.523010523489886081e-01,0.000000000000000000e+00,3.438765574560979921e-02,1.931222293166465556e-02,0.000000000000000000e+00,2.359957971594197484e-02,0.000000000000000000e+00,4.680384661266296514e-02,0.000000000000000000e+00,0.000000000000000000e+00,0.000000000000000000e+00,0.000000000000000000e+00,0.000000000000000000e+00,4.277536193848164268e-03,0.000000000000000000e+00,1.540839490047306477e-02,0.000000000000000000e+00,4.056864316901847081e-03,0.000000000000000000e+00,4.680384661266296514e-02,0.000000000000000000e+00,2.175059918219680866e-02,0.000000000000000000e+00,0.000000000000000000e+00,7.214050947022463117e-04,0.000000000000000000e+00,1.653930482460017060e-01,7.444326572781161111e-02,0.000000000000000000e+00,1.181725332660047423e-01,0.000000000000000000e+00,0.000000000000000000e+00,0.000000000000000000e+00,6.445252053893223143e-02,4.482622544871385332e-03,0.000000000000000000e+00,0.000000000000000000e+00,1.160749742110930710e-01,0.000000000000000000e+00,2.017680044294028474e-01,0.000000000000000000e+00,0.000000000000000000e+00,0.000000000000000000e+00,0.000000000000000000e+00,1.016906286100510981e-01,0.000000000000000000e+00,0.000000000000000000e+00,0.000000000000000000e+00,1.882895289131440719e-02,0.000000000000000000e+00,0.000000000000000000e+00,1.795021797546834941e-01,2.377904766965191138e-02,1.191014457914958968e-01,0.000000000000000000e+00,0.000000000000000000e+00,0.000000000000000000e+00,3.946575357419605107e-02,0.000000000000000000e+00,0.000000000000000000e+00,0.000000000000000000e+00,0.000000000000000000e+00,0.000000000000000000e+00,0.000000000000000000e+00,0.000000000000000000e+00,1.810851918367869517e-01,0.000000000000000000e+00,6.535338682390032239e-02,0.000000000000000000e+00,1.815516037878536215e-01,5.149024443902863041e-02,0.000000000000000000e+00,1.211225033086744535e-01,0.000000000000000000e+00,0.000000000000000000e+00,0.000000000000000000e+00,0.000000000000000000e+00,4.558857785379904354e-02,0.000000000000000000e+00,4.584593480335817650e-02,0.000000000000000000e+00,6.030497611726297336e-02,0.000000000000000000e+00,1.103917756212877965e-01,0.000000000000000000e+00,0.000000000000000000e+00,0.000000000000000000e+00,0.000000000000000000e+00,5.630885390013877501e-02
1.716468848384578583e-01,1.781860058401901065e-02,0.000000000000000000e+00,1.930085861957151483e-01,0.000000000000000000e+00,0.000000000000000000e+00,0.000000000000000000e+00,2.099828239171256522e-02,0.000000000000000000e+00,7.565075803960344403e-02,0.000000000000000000e+00,0.000000000000000000e+00,0.000000000000000000e+00,0.000000000000000000e+00,0.000000000000000000e+00,7.128670321578521596e-02,0.000000000000000000e+00,0.000000000000000000e+00,0.000000000000000000e+00,0.000000000000000000e+00,1.125870891549473063e-01,1.084343638260457376e-01,1.638591095548030119e-01,2.785383758716744249e-02,7.714055892559315564e-02,3.696547430882343721e-02,5.693133687562076939e-02,8.173246461255226358e-02,0.000000000000000000e+00,0.000000000000000000e+00,0.000000000000000000e+00,1.433172025138608127e-02,2.075454646664180447e-01,6.149273394879627846e-02,0.000000000000000000e+00,0.000000000000000000e+00,0.000000000000000000e+00,1.347121800286112114e-01,0.000000000000000000e+00,1.146571696766681553e-01,3.390967771865018021e-02,0.000000000000000000e+00,0.000000000000000000e+00,3.031815599339308942e-02,0.000000000000000000e+00,0.000000000000000000e+00,0.000000000000000000e+00,0.000000000000000000e+00,0.000000000000000000e+00,5.558099744292177569e-02,9.078017666870122349e-03,0.000000000000000000e+00,4.966941202552271895e-02,4.547394215654052690e-02,7.760667665680556770e-02,0.000000000000000000e+00,4.807863685325351050e-02,0.000000000000000000e+00,0.000000000000000000e+00,0.000000000000000000e+00,0.000000000000000000e+00,0.000000000000000000e+00,8.747788427115192611e-02,0.000000000000000000e+00,0.000000000000000000e+00,7.519509292458875782e-02,0.000000000000000000e+00,2.277512611130864673e-01,2.457816171864057528e-02,0.000000000000000000e+00,0.000000000000000000e+00,0.000000000000000000e+00,3.758961348953290121e-02,0.000000000000000000e+00,0.000000000000000000e+00,0.000000000000000000e+00,9.003705134821438083e-02,8.783404294570153290e-05,9.207812686582819706e-02,0.000000000000000000e+00,0.000000000000000000e+00,7.525832267131413178e-02,3.515827645711076810e-02,0.000000000000000000e+00,0.000000000000000000e+00,0.000000000000000000e+00,3.515827645711076810e-02,0.000000000000000000e+00,0.000000000000000000e+00,0.000000000000000000e+00,2.050000821594467892e-02,0.000000000000000000e+00,0.000000000000000000e+00,0.000000000000000000e+00,0.000000000000000000e+00,2.742292952486401897e-02,0.000000000000000000e+00,0.000000000000000000e+00,5.630885390013877501e-02,0.000000000000000000e+00
